-- Uh Oh
local Players = game:GetService('Players')
local RunService = game:GetService('RunService')

local player = Players.LocalPlayer
local camera = workspace.CurrentCamera

local root = player.Character:WaitForChild('HumanoidRootPart')

camera.CameraType = Enum.CameraType.Scriptable

local frames = {
	{cf=CFrame.new(-1.981232,2.476166,-20.080841,-0.995155,0.004828,-0.098204,0.000000,0.998794,0.049108,0.098323,0.048870,-0.993954),fov=70.000000,dt=0.019293},
	{cf=CFrame.new(-1.981293,2.476630,-20.080292,-0.995155,0.004828,-0.098204,0.000000,0.998794,0.049108,0.098323,0.048870,-0.993954),fov=70.000000,dt=0.026317},
	{cf=CFrame.new(-1.981384,2.477150,-20.079498,-0.995155,0.004828,-0.098204,0.000000,0.998794,0.049108,0.098323,0.048870,-0.993954),fov=70.000000,dt=0.030779},
	{cf=CFrame.new(-1.981415,2.477463,-20.078979,-0.995155,0.004828,-0.098204,0.000000,0.998794,0.049108,0.098323,0.048870,-0.993954),fov=70.000000,dt=0.019887},
	{cf=CFrame.new(-1.981415,2.477732,-20.078461,-0.995155,0.004828,-0.098204,0.000000,0.998794,0.049108,0.098323,0.048870,-0.993954),fov=70.000000,dt=0.018004},
	{cf=CFrame.new(-1.981476,2.478004,-20.077881,-0.995155,0.004828,-0.098204,0.000000,0.998794,0.049108,0.098323,0.048870,-0.993954),fov=70.000000,dt=0.019254},
	{cf=CFrame.new(-1.981476,2.478222,-20.077362,-0.995155,0.004828,-0.098204,0.000000,0.998794,0.049108,0.098323,0.048870,-0.993954),fov=70.000000,dt=0.016232},
	{cf=CFrame.new(-1.981506,2.478490,-20.076660,-0.995155,0.004828,-0.098204,0.000000,0.998794,0.049108,0.098323,0.048870,-0.993954),fov=70.000000,dt=0.021151},
	{cf=CFrame.new(-1.982147,2.479671,-20.089203,-0.995155,0.004828,-0.098204,0.000000,0.998794,0.049108,0.098323,0.048870,-0.993954),fov=70.000000,dt=0.018809},
	{cf=CFrame.new(-1.992706,2.468943,-20.100189,-0.995155,0.004828,-0.098204,0.000000,0.998794,0.049108,0.098323,0.048870,-0.993954),fov=24.040956,dt=0.143437},
	{cf=CFrame.new(-0.004791,-3.007547,-0.037231,1.000000,0.000000,-0.000000,0.000000,1.000000,0.000000,-0.000000,0.000000,1.000000),fov=25.369221,dt=0.053408},
	{cf=CFrame.new(4.596405,-2.106607,-9.885529,-0.909653,0.032314,0.414111,-0.033175,0.988132,-0.149979,-0.414043,-0.150167,-0.897785),fov=27.235920,dt=0.022814},
	{cf=CFrame.new(4.604767,-2.101543,-9.942810,-0.909396,0.031885,0.414706,-0.033012,0.988379,-0.148382,-0.414618,-0.148629,-0.897776),fov=27.592180,dt=0.042309},
	{cf=CFrame.new(4.614136,-2.095137,-9.981171,-0.909056,0.031321,0.415496,-0.032805,0.988696,-0.146303,-0.415381,-0.146628,-0.897752),fov=27.918831,dt=0.016882},
	{cf=CFrame.new(4.618988,-2.092840,-10.010895,-0.908898,0.031065,0.415859,-0.032713,0.988837,-0.145364,-0.415732,-0.145725,-0.897736),fov=27.911850,dt=0.018281},
	{cf=CFrame.new(4.624115,-2.090707,-10.041046,-0.908731,0.030796,0.416243,-0.032618,0.988984,-0.144381,-0.416105,-0.144781,-0.897717),fov=27.900656,dt=0.016938},
	{cf=CFrame.new(4.628845,-2.089473,-10.070190,-0.908557,0.030517,0.416645,-0.032521,0.989135,-0.143366,-0.416493,-0.143806,-0.897693),fov=27.885609,dt=0.017133},
	{cf=CFrame.new(4.634705,-2.088531,-10.103302,-0.908328,0.030157,0.417170,-0.032400,0.989327,-0.142066,-0.417001,-0.142559,-0.897656),fov=27.867067,dt=0.018900},
	{cf=CFrame.new(4.640961,-2.087126,-10.132416,-0.908092,0.029792,0.417709,-0.032282,0.989518,-0.140755,-0.417524,-0.141303,-0.897612),fov=27.845394,dt=0.014380},
	{cf=CFrame.new(4.644226,-2.087883,-10.153534,-0.907948,0.029573,0.418039,-0.032212,0.989632,-0.139970,-0.417844,-0.140551,-0.897581),fov=27.820951,dt=0.013927},
	{cf=CFrame.new(4.648865,-2.088639,-10.179382,-0.907753,0.029281,0.418481,-0.032123,0.989780,-0.138935,-0.418272,-0.139562,-0.897536),fov=27.820951,dt=0.015843},
	{cf=CFrame.new(4.651672,-2.090807,-10.200531,-0.907607,0.029064,0.418814,-0.032059,0.989889,-0.138171,-0.418595,-0.138832,-0.897499),fov=27.794104,dt=0.015883},
	{cf=CFrame.new(4.656128,-2.092791,-10.225464,-0.907411,0.028782,0.419257,-0.031981,0.990030,-0.137183,-0.419025,-0.137889,-0.897443),fov=27.765217,dt=0.016019},
	{cf=CFrame.new(4.660034,-2.096416,-10.250946,-0.907217,0.028509,0.419695,-0.031910,0.990162,-0.136236,-0.419450,-0.136988,-0.897383),fov=27.702744,dt=0.018370},
	{cf=CFrame.new(4.666565,-2.098653,-10.279846,-0.906979,0.028187,0.420232,-0.031836,0.990316,-0.135135,-0.419971,-0.135943,-0.897298),fov=27.702744,dt=0.015435},
	{cf=CFrame.new(4.668701,-2.103576,-10.299194,-0.906838,0.028002,0.420548,-0.031798,0.990402,-0.134512,-0.420278,-0.135353,-0.897244),fov=27.636374,dt=0.019062},
	{cf=CFrame.new(4.675476,-2.106600,-10.327271,-0.906613,0.027722,0.421052,-0.031753,0.990529,-0.133586,-0.420768,-0.134480,-0.897145),fov=27.602602,dt=0.017222},
	{cf=CFrame.new(4.679901,-2.111320,-10.349670,-0.906440,0.027520,0.421438,-0.031731,0.990616,-0.132937,-0.421142,-0.133872,-0.897061),fov=27.568899,dt=0.020150},
	{cf=CFrame.new(4.687042,-2.115295,-10.376678,-0.906236,0.027304,0.421890,-0.031727,0.990706,-0.132268,-0.421580,-0.133251,-0.896947),fov=27.535612,dt=0.018937},
	{cf=CFrame.new(4.692139,-2.120229,-10.397522,-0.906084,0.027161,0.422225,-0.031743,0.990761,-0.131854,-0.421905,-0.132873,-0.896850),fov=27.503075,dt=0.019895},
	{cf=CFrame.new(4.700195,-2.124489,-10.423645,-0.905911,0.027025,0.422605,-0.031788,0.990806,-0.131504,-0.422274,-0.132565,-0.896722),fov=27.471621,dt=0.017624},
	{cf=CFrame.new(4.706116,-2.129660,-10.443481,-0.905787,0.026956,0.422874,-0.031849,0.990821,-0.131379,-0.422534,-0.132469,-0.896614),fov=27.441587,dt=0.018495},
	{cf=CFrame.new(4.714691,-2.135056,-10.468872,-0.905653,0.026907,0.423166,-0.031942,0.990820,-0.131363,-0.422816,-0.132486,-0.896479),fov=27.386995,dt=0.018058},
	{cf=CFrame.new(4.720642,-2.141720,-10.487427,-0.905563,0.026891,0.423358,-0.032018,0.990810,-0.131421,-0.423001,-0.132566,-0.896380),fov=27.386995,dt=0.021470},
	{cf=CFrame.new(4.726013,-2.151332,-10.505493,-0.905492,0.026891,0.423511,-0.032093,0.990793,-0.131527,-0.423149,-0.132689,-0.896292),fov=27.339674,dt=0.035621},
	{cf=CFrame.new(4.746521,-2.160080,-10.558289,-0.905402,0.026952,0.423699,-0.032247,0.990734,-0.131931,-0.423329,-0.133113,-0.896144),fov=27.297859,dt=0.023806},
	{cf=CFrame.new(4.763123,-2.168160,-10.600647,-0.905392,0.027054,0.423715,-0.032348,0.990671,-0.132376,-0.423343,-0.133559,-0.896070),fov=27.259718,dt=0.020400},
	{cf=CFrame.new(4.772644,-2.174730,-10.625183,-0.905392,0.027136,0.423709,-0.032400,0.990630,-0.132679,-0.423339,-0.133854,-0.896028),fov=27.241465,dt=0.021523},
	{cf=CFrame.new(4.787964,-2.183095,-10.663330,-0.905393,0.027289,0.423696,-0.032472,0.990559,-0.133189,-0.423330,-0.134347,-0.895959),fov=27.223454,dt=0.020430},
	{cf=CFrame.new(4.798431,-2.189471,-10.689331,-0.905396,0.027407,0.423683,-0.032516,0.990507,-0.133559,-0.423321,-0.134700,-0.895910),fov=27.205458,dt=0.017641},
	{cf=CFrame.new(4.811890,-2.197077,-10.722260,-0.905400,0.027570,0.423664,-0.032567,0.990440,-0.134051,-0.423309,-0.135167,-0.895845),fov=27.187267,dt=0.016671},
	{cf=CFrame.new(4.822937,-2.203869,-10.749146,-0.905404,0.027713,0.423647,-0.032603,0.990382,-0.134465,-0.423298,-0.135557,-0.895792),fov=27.168653,dt=0.017440},
	{cf=CFrame.new(4.834229,-2.210954,-10.776550,-0.905408,0.027865,0.423627,-0.032637,0.990322,-0.134894,-0.423286,-0.135960,-0.895736),fov=27.149405,dt=0.019046},
	{cf=CFrame.new(4.845734,-2.218008,-10.804321,-0.905413,0.028025,0.423606,-0.032667,0.990261,-0.135335,-0.423273,-0.136372,-0.895680),fov=27.129297,dt=0.017176},
	{cf=CFrame.new(4.860016,-2.226746,-10.838867,-0.905420,0.028233,0.423577,-0.032700,0.990183,-0.135897,-0.423255,-0.136895,-0.895608),fov=27.085648,dt=0.016537},
	{cf=CFrame.new(4.872284,-2.234744,-10.868042,-0.905426,0.028406,0.423552,-0.032722,0.990120,-0.136354,-0.423241,-0.137318,-0.895551),fov=27.061674,dt=0.025306},
	{cf=CFrame.new(4.885773,-2.242975,-10.899414,-0.905433,0.028583,0.423526,-0.032741,0.990056,-0.136812,-0.423225,-0.137741,-0.895493),fov=27.035999,dt=0.033126},
	{cf=CFrame.new(4.913666,-2.262434,-10.967072,-0.905450,0.029034,0.423458,-0.032772,0.989897,-0.137945,-0.423185,-0.138780,-0.895352),fov=26.978666,dt=0.016329},
	{cf=CFrame.new(4.923706,-2.269486,-10.990356,-0.905456,0.029169,0.423436,-0.032777,0.989851,-0.138277,-0.423172,-0.139082,-0.895311),fov=26.946606,dt=0.023312},
	{cf=CFrame.new(4.939026,-2.281168,-11.026520,-0.905466,0.029393,0.423401,-0.032781,0.989776,-0.138814,-0.423152,-0.139571,-0.895244),fov=26.912014,dt=0.022018},
	{cf=CFrame.new(4.956360,-2.295440,-11.067627,-0.905477,0.029655,0.423358,-0.032779,0.989689,-0.139431,-0.423127,-0.140129,-0.895169),fov=26.834459,dt=0.018619},
	{cf=CFrame.new(4.970703,-2.308068,-11.101410,-0.905486,0.029863,0.423323,-0.032770,0.989622,-0.139908,-0.423108,-0.140557,-0.895111),fov=26.791105,dt=0.017510},
	{cf=CFrame.new(4.982330,-2.318638,-11.128265,-0.905494,0.030024,0.423296,-0.032759,0.989572,-0.140265,-0.423093,-0.140876,-0.895068),fov=26.744463,dt=0.016825},
	{cf=CFrame.new(4.993866,-2.329588,-11.154724,-0.905502,0.030176,0.423269,-0.032745,0.989525,-0.140596,-0.423078,-0.141170,-0.895029),fov=26.694345,dt=0.018247},
	{cf=CFrame.new(5.005341,-2.340934,-11.180725,-0.905508,0.030319,0.423244,-0.032726,0.989483,-0.140898,-0.423064,-0.141436,-0.894993),fov=26.640579,dt=0.020012},
	{cf=CFrame.new(5.019104,-2.355407,-11.211884,-0.905517,0.030483,0.423214,-0.032698,0.989437,-0.141229,-0.423048,-0.141724,-0.894955),fov=26.583004,dt=0.020935},
	{cf=CFrame.new(5.032593,-2.370360,-11.242065,-0.905525,0.030631,0.423186,-0.032666,0.989398,-0.141512,-0.423034,-0.141966,-0.894923),fov=26.521452,dt=0.021692},
	{cf=CFrame.new(5.047638,-2.388453,-11.276581,-0.905533,0.030786,0.423157,-0.032625,0.989358,-0.141794,-0.423019,-0.142205,-0.894893),fov=26.385815,dt=0.017275},
	{cf=CFrame.new(5.058075,-2.401067,-11.299133,-0.905538,0.030876,0.423139,-0.032599,0.989336,-0.141954,-0.423010,-0.142339,-0.894875),fov=26.311445,dt=0.020237},
	{cf=CFrame.new(5.070221,-2.416729,-11.326111,-0.905544,0.030974,0.423119,-0.032571,0.989312,-0.142130,-0.422999,-0.142486,-0.894857),fov=26.232533,dt=0.018308},
	{cf=CFrame.new(5.080078,-2.429493,-11.347046,-0.905549,0.031043,0.423105,-0.032553,0.989294,-0.142255,-0.422992,-0.142593,-0.894844),fov=26.148951,dt=0.019553},
	{cf=CFrame.new(5.089478,-2.442195,-11.367218,-0.905554,0.031102,0.423089,-0.032541,0.989278,-0.142372,-0.422981,-0.142694,-0.894833),fov=26.060596,dt=0.017442},
	{cf=CFrame.new(5.100647,-2.457926,-11.391357,-0.905564,0.031166,0.423062,-0.032533,0.989258,-0.142513,-0.422959,-0.142818,-0.894823),fov=25.967358,dt=0.019415},
	{cf=CFrame.new(5.109589,-2.470542,-11.409729,-0.905579,0.031210,0.423028,-0.032532,0.989242,-0.142626,-0.422928,-0.142921,-0.894821),fov=25.765896,dt=0.019580},
	{cf=CFrame.new(5.120117,-2.486017,-11.431732,-0.905608,0.031259,0.422963,-0.032538,0.989220,-0.142775,-0.422866,-0.143061,-0.894828),fov=25.657518,dt=0.021585},
	{cf=CFrame.new(5.130096,-2.501089,-11.452271,-0.905654,0.031302,0.422861,-0.032553,0.989195,-0.142943,-0.422767,-0.143222,-0.894850),fov=25.543961,dt=0.020647},
	{cf=CFrame.new(5.139038,-2.515459,-11.471924,-0.905719,0.031343,0.422717,-0.032574,0.989167,-0.143137,-0.422624,-0.143411,-0.894886),fov=25.425175,dt=0.011982},
	{cf=CFrame.new(5.144775,-2.524190,-11.482666,-0.905770,0.031367,0.422608,-0.032590,0.989147,-0.143267,-0.422515,-0.143540,-0.894917),fov=25.301125,dt=0.017343},
	{cf=CFrame.new(5.151917,-2.535368,-11.496307,-0.905852,0.031400,0.422428,-0.032616,0.989118,-0.143465,-0.422336,-0.143736,-0.894971),fov=25.171791,dt=0.019167},
	{cf=CFrame.new(5.159912,-2.548521,-11.512299,-0.905984,0.031444,0.422143,-0.032655,0.989074,-0.143755,-0.422051,-0.144025,-0.895058),fov=25.037159,dt=0.017634},
	{cf=CFrame.new(5.165924,-2.558538,-11.524017,-0.906113,0.031483,0.421862,-0.032690,0.989034,-0.144026,-0.421771,-0.144295,-0.895147),fov=24.897224,dt=0.014626},
	{cf=CFrame.new(5.171448,-2.567935,-11.535004,-0.906266,0.031527,0.421531,-0.032730,0.988987,-0.144336,-0.421439,-0.144603,-0.895253),fov=24.752018,dt=0.011765},
	{cf=CFrame.new(5.175629,-2.574807,-11.542297,-0.906397,0.031564,0.421246,-0.032762,0.988948,-0.144595,-0.421155,-0.144862,-0.895346),fov=24.752018,dt=0.014481},
	{cf=CFrame.new(5.179840,-2.581475,-11.548767,-0.906541,0.031604,0.420933,-0.032796,0.988906,-0.144878,-0.420842,-0.145143,-0.895447),fov=24.601543,dt=0.017495},
	{cf=CFrame.new(5.184631,-2.589478,-11.556885,-0.906762,0.031665,0.420451,-0.032845,0.988842,-0.145305,-0.420360,-0.145567,-0.895604),fov=24.445862,dt=0.015929},
	{cf=CFrame.new(5.189026,-2.596837,-11.563843,-0.907015,0.031734,0.419900,-0.032897,0.988769,-0.145787,-0.419811,-0.146044,-0.895784),fov=24.285015,dt=0.017623},
	{cf=CFrame.new(5.192902,-2.603668,-11.570007,-0.907301,0.031813,0.419276,-0.032953,0.988687,-0.146328,-0.419188,-0.146580,-0.895989),fov=24.119062,dt=0.017776},
	{cf=CFrame.new(5.196136,-2.609777,-11.575470,-0.907622,0.031904,0.418574,-0.033011,0.988596,-0.146932,-0.418488,-0.147176,-0.896218),fov=23.948082,dt=0.015491},
	{cf=CFrame.new(5.198853,-2.615278,-11.579926,-0.907980,0.032007,0.417789,-0.033072,0.988494,-0.147604,-0.417706,-0.147839,-0.896474),fov=23.772163,dt=0.016617},
	{cf=CFrame.new(5.200989,-2.619996,-11.583435,-0.908376,0.032122,0.416918,-0.033136,0.988380,-0.148349,-0.416838,-0.148572,-0.896757),fov=23.591402,dt=0.015967},
	{cf=CFrame.new(5.202545,-2.624032,-11.585938,-0.908814,0.032252,0.415953,-0.033202,0.988254,-0.149170,-0.415878,-0.149378,-0.897068),fov=21.002264,dt=0.017397},
	{cf=CFrame.new(5.203613,-2.627304,-11.587463,-0.909294,0.032398,0.414891,-0.033269,0.988115,-0.150072,-0.414822,-0.150262,-0.897409),fov=21.107182,dt=0.017695},
	{cf=CFrame.new(3.929596,-2.057007,-9.849243,-0.945803,0.036291,0.322706,-0.033039,0.977826,-0.206797,-0.323055,-0.206251,-0.923632),fov=21.107182,dt=0.015220},
	{cf=CFrame.new(0.106506,-0.342062,-4.633972,-0.999575,0.012050,0.026530,0.001999,0.936693,-0.350147,-0.029070,-0.349945,-0.936319),fov=21.107182,dt=0.016762},
	{cf=CFrame.new(0.104858,-0.352322,-4.606018,-0.999589,0.011943,0.026054,0.002066,0.936709,-0.350102,-0.028586,-0.349904,-0.936349),fov=21.107182,dt=0.017573},
	{cf=CFrame.new(0.103180,-0.362614,-4.578491,-0.999602,0.011815,0.025604,0.002106,0.936732,-0.350040,-0.028120,-0.349847,-0.936385),fov=21.107182,dt=0.015468},
	{cf=CFrame.new(0.101440,-0.373458,-4.551636,-0.999615,0.011664,0.025187,0.002113,0.936761,-0.349962,-0.027676,-0.349774,-0.936425),fov=21.107182,dt=0.016646},
	{cf=CFrame.new(0.099670,-0.384579,-4.525238,-0.999626,0.011494,0.024795,0.002094,0.936797,-0.349869,-0.027249,-0.349686,-0.936471),fov=21.107182,dt=0.016409},
	{cf=CFrame.new(0.097839,-0.396392,-4.499603,-0.999638,0.011300,0.024433,0.002041,0.936837,-0.349761,-0.026842,-0.349584,-0.936520),fov=21.107182,dt=0.018140},
	{cf=CFrame.new(0.095978,-0.407915,-4.473877,-0.999648,0.011093,0.024091,0.001970,0.936882,-0.349639,-0.026449,-0.349468,-0.936575),fov=21.107182,dt=0.015634},
	{cf=CFrame.new(0.094177,-0.406772,-4.453339,-0.999658,0.010857,0.023778,0.001862,0.936933,-0.349504,-0.026073,-0.349340,-0.936633),fov=21.107182,dt=0.017424},
	{cf=CFrame.new(0.092285,-0.405585,-4.432648,-0.999668,0.010613,0.023491,0.001738,0.936988,-0.349357,-0.025718,-0.349200,-0.936695),fov=21.107182,dt=0.017350},
	{cf=CFrame.new(0.090363,-0.404091,-4.411591,-0.999677,0.010357,0.023223,0.001597,0.937047,-0.349199,-0.025378,-0.349049,-0.936761),fov=21.107182,dt=0.016137},
	{cf=CFrame.new(0.088409,-0.402662,-4.390533,-0.999685,0.010079,0.022980,0.001425,0.937110,-0.349031,-0.025052,-0.348888,-0.936829),fov=21.107182,dt=0.016407},
	{cf=CFrame.new(0.086304,-0.401124,-4.369324,-0.999693,0.009793,0.022754,0.001241,0.937177,-0.348853,-0.024741,-0.348717,-0.936901),fov=21.107182,dt=0.015946},
	{cf=CFrame.new(0.084198,-0.399733,-4.348206,-0.999700,0.009500,0.022552,0.001041,0.937246,-0.348665,-0.024449,-0.348537,-0.936976),fov=21.107182,dt=0.016554},
	{cf=CFrame.new(0.081970,-0.398549,-4.327148,-0.999707,0.009195,0.022371,0.000824,0.937320,-0.348470,-0.024173,-0.348350,-0.937053),fov=21.107182,dt=0.017486},
	{cf=CFrame.new(0.079742,-0.397082,-4.305786,-0.999714,0.008887,0.022202,0.000598,0.937395,-0.348268,-0.023907,-0.348155,-0.937132),fov=21.107182,dt=0.016350},
	{cf=CFrame.new(0.077423,-0.395881,-4.284576,-0.999720,0.008565,0.022058,0.000352,0.937473,-0.348059,-0.023659,-0.347954,-0.937213),fov=21.107182,dt=0.017498},
	{cf=CFrame.new(0.075134,-0.388650,-4.265259,-0.999726,0.008240,0.021923,0.000100,0.937552,-0.347845,-0.023420,-0.347747,-0.937296),fov=21.107182,dt=0.016274},
	{cf=CFrame.new(0.072784,-0.381371,-4.245819,-0.999731,0.007913,0.021808,-0.000161,0.937633,-0.347625,-0.023199,-0.347535,-0.937380),fov=21.107182,dt=0.016042},
	{cf=CFrame.new(0.070435,-0.374180,-4.226440,-0.999735,0.007587,0.021712,-0.000429,0.937716,-0.347402,-0.022996,-0.347319,-0.937465),fov=21.107182,dt=0.016375},
	{cf=CFrame.new(0.068115,-0.366725,-4.206757,-0.999740,0.007255,0.021625,-0.000704,0.937800,-0.347176,-0.022798,-0.347101,-0.937551),fov=21.107182,dt=0.017055},
	{cf=CFrame.new(0.065979,-0.358925,-4.186798,-0.999744,0.006926,0.021553,-0.000982,0.937884,-0.346947,-0.022617,-0.346879,-0.937637),fov=21.107182,dt=0.017296},
	{cf=CFrame.new(0.063904,-0.350640,-4.166473,-0.999747,0.006597,0.021492,-0.001264,0.937969,-0.346716,-0.022446,-0.346656,-0.937724),fov=21.107182,dt=0.016602},
	{cf=CFrame.new(0.061951,-0.342052,-4.145874,-0.999750,0.006271,0.021442,-0.001547,0.938054,-0.346485,-0.022287,-0.346432,-0.937810),fov=21.107182,dt=0.016689},
	{cf=CFrame.new(0.060089,-0.333111,-4.124939,-0.999753,0.005958,0.021400,-0.001821,0.938139,-0.346254,-0.022139,-0.346207,-0.937897),fov=21.107182,dt=0.016250},
	{cf=CFrame.new(0.058258,-0.324064,-4.103943,-0.999756,0.005651,0.021370,-0.002093,0.938223,-0.346024,-0.022005,-0.345984,-0.937982),fov=21.107182,dt=0.017584},
	{cf=CFrame.new(0.056549,-0.315176,-4.082794,-0.999758,0.005340,0.021351,-0.002373,0.938307,-0.345795,-0.021880,-0.345762,-0.938067),fov=21.107182,dt=0.022635},
	{cf=CFrame.new(0.054169,-0.300813,-4.049988,-0.999760,0.004904,0.021335,-0.002769,0.938431,-0.345457,-0.021715,-0.345433,-0.938192),fov=21.107182,dt=0.020570},
	{cf=CFrame.new(0.052185,-0.289794,-4.022064,-0.999762,0.004560,0.021331,-0.003085,0.938531,-0.345181,-0.021594,-0.345165,-0.938293),fov=21.107182,dt=0.018724},
	{cf=CFrame.new(0.050659,-0.280899,-3.999603,-0.999763,0.004296,0.021332,-0.003328,0.938610,-0.344966,-0.021504,-0.344956,-0.938373),fov=21.107182,dt=0.016505},
	{cf=CFrame.new(0.049255,-0.271955,-3.976990,-0.999764,0.004047,0.021340,-0.003559,0.938686,-0.344757,-0.021426,-0.344751,-0.938450),fov=21.107182,dt=0.019614},
	{cf=CFrame.new(0.047516,-0.260345,-3.948517,-0.999765,0.003765,0.021354,-0.003822,0.938778,-0.344503,-0.021344,-0.344503,-0.938542),fov=21.107182,dt=0.019940},
	{cf=CFrame.new(0.045898,-0.248733,-3.919830,-0.999765,0.003508,0.021373,-0.004065,0.938865,-0.344262,-0.021275,-0.344268,-0.938630),fov=21.107182,dt=0.026674},
	{cf=CFrame.new(0.045044,-0.239216,-3.896149,-0.999766,0.003320,0.021390,-0.004243,0.938931,-0.344078,-0.021226,-0.344088,-0.938697),fov=21.107182,dt=0.034302},
	{cf=CFrame.new(0.041443,-0.214619,-3.838806,-0.999766,0.002952,0.021426,-0.004592,0.939083,-0.343660,-0.021136,-0.343678,-0.938850),fov=21.107182,dt=0.017535},
	{cf=CFrame.new(0.039825,-0.202272,-3.809845,-0.999766,0.002827,0.021442,-0.004711,0.939150,-0.343476,-0.021108,-0.343497,-0.938917),fov=21.107182,dt=0.015549},
	{cf=CFrame.new(0.039032,-0.194763,-3.792145,-0.999766,0.002764,0.021453,-0.004771,0.939186,-0.343377,-0.021097,-0.343399,-0.938953),fov=21.107182,dt=0.016387},
	{cf=CFrame.new(0.037933,-0.184846,-3.768646,-0.999766,0.002710,0.021463,-0.004823,0.939230,-0.343253,-0.021089,-0.343277,-0.938997),fov=21.107182,dt=0.024015},
	{cf=CFrame.new(0.036926,-0.175544,-3.746063,-0.999766,0.002690,0.021464,-0.004840,0.939270,-0.343144,-0.021083,-0.343168,-0.939037),fov=21.107182,dt=0.036140},
	{cf=CFrame.new(0.032837,-0.169909,-3.676300,-0.999763,0.002706,0.021579,-0.004858,0.939370,-0.342870,-0.021198,-0.342894,-0.939135),fov=21.107182,dt=0.022428},
	{cf=CFrame.new(0.031189,-0.168560,-3.644562,-0.999761,0.002724,0.021709,-0.004882,0.939431,-0.342702,-0.021328,-0.342726,-0.939193),fov=21.107182,dt=0.018736},
	{cf=CFrame.new(0.029449,-0.167212,-3.612915,-0.999757,0.002763,0.021872,-0.004896,0.939518,-0.342465,-0.021496,-0.342489,-0.939276),fov=21.107182,dt=0.016392},
	{cf=CFrame.new(0.028229,-0.166325,-3.587830,-0.999753,0.002789,0.022024,-0.004917,0.939614,-0.342199,-0.021648,-0.342223,-0.939369),fov=21.107182,dt=0.018035},
	{cf=CFrame.new(0.026978,-0.165452,-3.562805,-0.999750,0.002826,0.022192,-0.004932,0.939742,-0.341850,-0.021821,-0.341874,-0.939492),fov=21.107182,dt=0.016916},
	{cf=CFrame.new(0.025818,-0.164649,-3.537964,-0.999746,0.002859,0.022363,-0.004949,0.939905,-0.341401,-0.021996,-0.341425,-0.939652),fov=21.107182,dt=0.017571},
	{cf=CFrame.new(0.024475,-0.156635,-3.507782,-0.999741,0.002893,0.022550,-0.004968,0.940110,-0.340837,-0.022186,-0.340861,-0.939852),fov=21.107182,dt=0.017383},
	{cf=CFrame.new(0.023071,-0.148590,-3.477600,-0.999737,0.002931,0.022729,-0.004976,0.940362,-0.340140,-0.022370,-0.340164,-0.940100),fov=21.107182,dt=0.015554},
	{cf=CFrame.new(0.021729,-0.140659,-3.447601,-0.999733,0.002972,0.022908,-0.004978,0.940666,-0.339295,-0.022557,-0.339319,-0.940401),fov=21.107182,dt=0.017471},
	{cf=CFrame.new(0.019928,-0.133810,-3.417145,-0.999729,0.003012,0.023076,-0.004973,0.941030,-0.338286,-0.022734,-0.338309,-0.940760),fov=21.107182,dt=0.017533},
	{cf=CFrame.new(0.017670,-0.128279,-3.386108,-0.999725,0.003050,0.023230,-0.004960,0.941458,-0.337094,-0.022898,-0.337117,-0.941184),fov=21.107182,dt=0.017795},
	{cf=CFrame.new(0.014618,-0.121012,-3.346893,-0.999721,0.003095,0.023396,-0.004931,0.942097,-0.335304,-0.023079,-0.335326,-0.941819),fov=21.107182,dt=0.015714},
	{cf=CFrame.new(0.011627,-0.117050,-3.315125,-0.999719,0.003133,0.023503,-0.004890,0.942687,-0.333643,-0.023201,-0.333664,-0.942407),fov=21.107182,dt=0.017125},
	{cf=CFrame.new(0.008240,-0.113908,-3.282928,-0.999717,0.003162,0.023583,-0.004842,0.943357,-0.331745,-0.023296,-0.331765,-0.943074),fov=21.107182,dt=0.017421},
	{cf=CFrame.new(0.004669,-0.111533,-3.250488,-0.999716,0.003192,0.023629,-0.004775,0.944111,-0.329594,-0.023360,-0.329613,-0.943827),fov=21.107182,dt=0.017563},
	{cf=CFrame.new(-1.997742,2.177443,-20.409973,-0.995155,0.004828,-0.098204,0.000000,0.998794,0.049108,0.098323,0.048870,-0.993954),fov=2.121022,dt=0.022704},
	{cf=CFrame.new(-20163.792969,-8.765072,2148.762939,0.992419,0.000000,0.122899,0.000000,1.000000,0.000000,-0.122899,0.000000,0.992419),fov=3.078939,dt=0.019423},
	{cf=CFrame.new(-20155.951172,-8.124546,2125.110840,-0.934869,-0.103215,-0.339656,-0.025424,0.973808,-0.225945,0.354081,-0.202593,-0.913008),fov=4.061497,dt=0.019963},
	{cf=CFrame.new(-20155.986328,-8.134545,2125.116699,-0.934819,-0.103231,-0.339790,-0.025407,0.973808,-0.225949,0.354215,-0.202589,-0.912956),fov=4.954198,dt=0.018190},
	{cf=CFrame.new(-20156.011719,-8.146210,2125.121582,-0.934756,-0.103250,-0.339958,-0.025386,0.973807,-0.225955,0.354383,-0.202583,-0.912892),fov=5.945407,dt=0.020276},
	{cf=CFrame.new(-20156.037109,-8.158770,2125.122559,-0.934672,-0.103275,-0.340179,-0.025358,0.973805,-0.225963,0.354605,-0.202575,-0.912808),fov=6.769361,dt=0.016932},
	{cf=CFrame.new(-20156.070312,-8.173111,2125.122559,-0.934541,-0.103314,-0.340528,-0.025314,0.973805,-0.225975,0.354954,-0.202563,-0.912675),fov=7.577520,dt=0.016690},
	{cf=CFrame.new(-20156.091797,-8.189665,2125.119141,-0.934414,-0.103351,-0.340864,-0.025271,0.973802,-0.225986,0.355290,-0.202551,-0.912547),fov=8.400953,dt=0.017102},
	{cf=CFrame.new(-20156.119141,-8.214845,2125.110352,-0.934269,-0.103394,-0.341249,-0.025221,0.973801,-0.225999,0.355676,-0.202537,-0.912400),fov=9.498046,dt=0.022962},
	{cf=CFrame.new(-20156.150391,-8.240488,2125.100342,-0.934064,-0.103455,-0.341793,-0.025151,0.973799,-0.226017,0.356220,-0.202518,-0.912192),fov=10.501987,dt=0.021218},
	{cf=CFrame.new(-20156.183594,-8.274826,2125.083984,-0.933827,-0.103523,-0.342418,-0.025070,0.973796,-0.226038,0.356845,-0.202496,-0.911952),fov=11.740257,dt=0.026486},
	{cf=CFrame.new(-20156.214844,-8.295484,2125.074951,-0.933566,-0.103598,-0.343107,-0.024980,0.973793,-0.226061,0.357535,-0.202472,-0.911687),fov=12.417626,dt=0.014656},
	{cf=CFrame.new(-20156.246094,-8.324162,2125.060303,-0.933279,-0.103680,-0.343861,-0.024880,0.973790,-0.226086,0.358289,-0.202446,-0.911397),fov=13.276686,dt=0.018780},
	{cf=CFrame.new(-20156.277344,-8.354483,2125.044189,-0.932969,-0.103767,-0.344676,-0.024772,0.973786,-0.226113,0.359104,-0.202418,-0.911082),fov=14.118772,dt=0.018640},
	{cf=CFrame.new(-20156.310547,-8.384768,2125.027832,-0.932631,-0.103862,-0.345559,-0.024654,0.973782,-0.226142,0.359987,-0.202387,-0.910741),fov=14.923926,dt=0.018060},
	{cf=CFrame.new(-20156.337891,-8.408480,2125.016846,-0.932346,-0.103940,-0.346305,-0.024554,0.973779,-0.226166,0.360732,-0.202362,-0.910451),fov=15.508041,dt=0.013261},
	{cf=CFrame.new(-20156.355469,-8.432292,2125.007080,-0.932123,-0.104001,-0.346885,-0.024475,0.973777,-0.226185,0.361312,-0.202342,-0.910226),fov=16.041237,dt=0.012232},
  {cf=CFrame.new(-20156.375000,-8.465832,2124.995605,-0.931891,-0.104065,-0.347492,-0.024393,0.973774,-0.226204,0.361918,-0.202321,-0.909990),fov=16.711027,dt=0.015550},
	{cf=CFrame.new(-20156.402344,-8.500248,2124.986572,-0.931570,-0.104151,-0.348324,-0.024279,0.973771,-0.226231,0.362750,-0.202293,-0.909665),fov=17.354710,dt=0.015153},
	{cf=CFrame.new(-20156.421875,-8.536867,2124.978760,-0.931320,-0.104218,-0.348971,-0.024190,0.973768,-0.226251,0.363397,-0.202271,-0.909411),fov=17.978670,dt=0.014901},
	{cf=CFrame.new(-20156.449219,-8.585985,2124.970703,-0.930976,-0.104309,-0.349861,-0.024067,0.973765,-0.226280,0.364285,-0.202241,-0.909063),fov=18.749584,dt=0.018726},
	{cf=CFrame.new(-20156.476562,-8.629683,2124.965820,-0.930620,-0.104402,-0.350779,-0.023940,0.973761,-0.226308,0.365203,-0.202210,-0.908701),fov=19.383759,dt=0.015692},
	{cf=CFrame.new(-20156.500000,-8.675628,2124.962158,-0.930252,-0.104498,-0.351727,-0.023807,0.973758,-0.226338,0.366149,-0.202178,-0.908328),fov=20.001190,dt=0.015550},
	{cf=CFrame.new(-20156.527344,-8.729234,2124.959473,-0.929872,-0.104595,-0.352702,-0.023669,0.973754,-0.226368,0.367122,-0.202145,-0.907942),fov=20.674461,dt=0.017292},
	{cf=CFrame.new(-20156.552734,-8.785874,2124.961914,-0.929480,-0.104694,-0.353703,-0.023527,0.973750,-0.226399,0.368121,-0.202112,-0.907545),fov=21.370827,dt=0.018291},
	{cf=CFrame.new(-20156.576172,-8.834180,2124.968262,-0.929078,-0.104795,-0.354729,-0.023380,0.973747,-0.226430,0.369145,-0.202077,-0.907136),fov=21.947172,dt=0.015483},
	{cf=CFrame.new(-20156.601562,-8.882633,2124.978516,-0.928665,-0.104896,-0.355778,-0.023229,0.973743,-0.226462,0.370191,-0.202043,-0.906718),fov=22.506367,dt=0.015351},
	{cf=CFrame.new(-20156.623047,-8.937579,2124.993652,-0.928243,-0.104999,-0.356849,-0.023074,0.973739,-0.226494,0.371259,-0.202007,-0.906289),fov=23.123106,dt=0.017344},
	{cf=CFrame.new(-20156.646484,-8.998962,2125.013916,-0.927811,-0.105103,-0.357939,-0.022914,0.973736,-0.226526,0.372347,-0.201971,-0.905851),fov=23.796787,dt=0.019497},
	{cf=CFrame.new(-20156.664062,-9.045384,2125.032227,-0.927481,-0.105181,-0.358769,-0.022791,0.973733,-0.226550,0.373174,-0.201944,-0.905516),fov=24.290653,dt=0.014701},
	{cf=CFrame.new(-20156.673828,-9.094478,2125.049561,-0.927258,-0.105233,-0.359330,-0.022708,0.973731,-0.226566,0.373733,-0.201926,-0.905290),fov=24.808886,dt=0.015841},
	{cf=CFrame.new(-20156.691406,-9.149267,2125.068115,-0.926920,-0.105311,-0.360178,-0.022582,0.973729,-0.226591,0.374578,-0.201898,-0.904947),fov=25.376965,dt=0.017907},
	{cf=CFrame.new(-20156.712891,-9.196974,2125.083496,-0.926463,-0.105416,-0.361322,-0.022410,0.973725,-0.226624,0.375718,-0.201861,-0.904482),fov=25.857910,dt=0.015658},
	{cf=CFrame.new(-20156.738281,-9.248468,2125.099609,-0.925998,-0.105520,-0.362482,-0.022234,0.973721,-0.226656,0.376873,-0.201824,-0.904010),fov=26.366596,dt=0.017122},
	{cf=CFrame.new(-20156.759766,-9.301225,2125.114014,-0.925526,-0.105625,-0.363655,-0.022055,0.973717,-0.226689,0.378041,-0.201786,-0.903530),fov=26.876226,dt=0.017810},
	{cf=CFrame.new(-20156.785156,-9.346729,2125.126221,-0.925047,-0.105729,-0.364841,-0.021872,0.973714,-0.226722,0.379221,-0.201749,-0.903044),fov=27.300842,dt=0.015409},
	{cf=CFrame.new(-20156.806641,-9.392577,2125.137695,-0.924563,-0.105832,-0.366037,-0.021685,0.973710,-0.226754,0.380412,-0.201711,-0.902552),fov=27.713903,dt=0.015557},
	{cf=CFrame.new(-20156.832031,-9.443638,2125.149658,-0.924073,-0.105935,-0.367243,-0.021496,0.973707,-0.226787,0.381612,-0.201673,-0.902053),fov=28.159561,dt=0.017503},
	{cf=CFrame.new(-20156.853516,-9.493885,2125.160156,-0.923577,-0.106036,-0.368458,-0.021302,0.973704,-0.226819,0.382820,-0.201636,-0.901550),fov=28.581612,dt=0.017374},
	{cf=CFrame.new(-20156.875000,-9.537466,2125.169189,-0.923078,-0.106136,-0.369679,-0.021106,0.973701,-0.226851,0.384034,-0.201598,-0.901042),fov=28.929300,dt=0.014992},
	{cf=CFrame.new(-20156.896484,-9.583792,2125.178711,-0.922574,-0.106235,-0.370907,-0.020907,0.973698,-0.226882,0.385254,-0.201561,-0.900529),fov=29.311947,dt=0.017332},
	{cf=CFrame.new(-20156.919922,-9.628549,2125.187744,-0.922067,-0.106331,-0.372138,-0.020705,0.973695,-0.226913,0.386476,-0.201524,-0.900013),fov=29.692726,dt=0.018277},
	{cf=CFrame.new(-20156.945312,-9.668377,2125.196045,-0.921557,-0.106426,-0.373371,-0.020500,0.973692,-0.226944,0.387702,-0.201487,-0.899494),fov=30.038464,dt=0.017674},
	{cf=CFrame.new(-20156.966797,-9.698781,2125.201904,-0.921044,-0.106519,-0.374608,-0.020292,0.973690,-0.226974,0.388929,-0.201451,-0.898973),fov=30.301868,dt=0.014302},
	{cf=CFrame.new(-20156.988281,-9.730942,2125.208496,-0.920530,-0.106609,-0.375844,-0.020082,0.973687,-0.227003,0.390155,-0.201415,-0.898449),fov=30.585922,dt=0.016414},
	{cf=CFrame.new(-20157.009766,-9.762827,2125.214600,-0.920014,-0.106697,-0.377080,-0.019869,0.973685,-0.227032,0.391380,-0.201380,-0.897924),fov=30.870277,dt=0.017706},
	{cf=CFrame.new(-20157.033203,-9.789693,2125.219971,-0.919499,-0.106782,-0.378311,-0.019654,0.973683,-0.227060,0.392601,-0.201346,-0.897399),fov=31.106070,dt=0.015908},
	{cf=CFrame.new(-20157.054688,-9.816158,2125.225098,-0.918983,-0.106864,-0.379541,-0.019437,0.973680,-0.227087,0.393819,-0.201312,-0.896872),fov=31.336817,dt=0.016966},
	{cf=CFrame.new(-20157.076172,-9.840615,2125.229492,-0.918467,-0.106943,-0.380765,-0.019218,0.973679,-0.227114,0.395031,-0.201279,-0.896347),fov=31.544691,dt=0.016852},
	{cf=CFrame.new(-20157.097656,-9.862378,2125.233398,-0.917952,-0.107018,-0.381983,-0.018996,0.973677,-0.227139,0.396236,-0.201247,-0.895822),fov=31.721455,dt=0.015924},
	{cf=CFrame.new(-20157.117188,-9.883520,2125.237305,-0.917440,-0.107090,-0.383192,-0.018773,0.973675,-0.227164,0.397432,-0.201216,-0.895299),fov=31.885826,dt=0.016661},
	{cf=CFrame.new(-20157.138672,-9.904688,2125.241211,-0.916929,-0.107158,-0.384393,-0.018548,0.973674,-0.227188,0.398619,-0.201186,-0.894778),fov=32.041054,dt=0.018182},
	{cf=CFrame.new(-20157.158203,-9.925014,2125.244141,-0.916421,-0.107222,-0.385584,-0.018321,0.973674,-0.227211,0.399795,-0.201157,-0.894259),fov=32.176640,dt=0.019068},
	{cf=CFrame.new(-20157.187500,-9.943396,2125.246338,-0.915792,-0.107296,-0.387057,-0.018036,0.973672,-0.227238,0.401248,-0.201122,-0.893616),fov=32.273926,dt=0.016994},
	{cf=CFrame.new(-20157.208984,-9.960523,2125.247559,-0.915293,-0.107350,-0.388221,-0.017806,0.973672,-0.227259,0.402396,-0.201096,-0.893106),fov=32.353569,dt=0.018249},
	{cf=CFrame.new(-20157.232422,-9.978600,2125.248535,-0.914799,-0.107400,-0.389369,-0.017574,0.973671,-0.227279,0.403527,-0.201071,-0.892601),fov=32.415028,dt=0.021840},
	{cf=CFrame.new(-20157.259766,-9.996216,2125.248535,-0.914189,-0.107455,-0.390783,-0.017284,0.973671,-0.227301,0.404919,-0.201042,-0.891977),fov=32.439423,dt=0.021525},
	{cf=CFrame.new(-20157.292969,-10.012838,2125.248291,-0.913472,-0.107510,-0.392441,-0.016933,0.973672,-0.227326,0.406548,-0.201011,-0.891242),fov=32.439995,dt=0.018679},
	{cf=CFrame.new(-20157.316406,-10.025709,2125.247070,-0.913003,-0.107540,-0.393524,-0.016698,0.973672,-0.227341,0.407612,-0.200992,-0.890761),fov=32.439995,dt=0.017814},
	{cf=CFrame.new(-20157.345703,-10.039221,2125.245605,-0.912427,-0.107570,-0.394849,-0.016403,0.973673,-0.227358,0.408911,-0.200971,-0.890170),fov=31.813515,dt=0.017456},
	{cf=CFrame.new(-20157.365234,-10.050699,2125.243652,-0.911977,-0.107587,-0.395884,-0.016166,0.973675,-0.227370,0.409924,-0.200956,-0.889707),fov=31.782825,dt=0.017261},
	{cf=CFrame.new(-20157.386719,-10.061963,2125.241211,-0.911536,-0.107598,-0.396895,-0.015929,0.973676,-0.227380,0.410913,-0.200943,-0.889254),fov=31.751205,dt=0.018436},
	{cf=CFrame.new(-20157.410156,-10.072237,2125.238525,-0.911105,-0.107603,-0.397882,-0.015692,0.973678,-0.227389,0.411876,-0.200932,-0.888811),fov=31.718616,dt=0.016968},
	{cf=CFrame.new(-20157.441406,-10.084055,2125.235840,-0.910581,-0.107600,-0.399080,-0.015394,0.973680,-0.227399,0.413044,-0.200922,-0.888271),fov=31.685068,dt=0.018343},
	{cf=CFrame.new(-20157.462891,-10.094492,2125.232910,-0.910175,-0.107590,-0.400006,-0.015157,0.973682,-0.227405,0.413945,-0.200915,-0.887852),fov=31.650541,dt=0.019335},
	{cf=CFrame.new(-20157.486328,-10.104632,2125.230225,-0.909783,-0.107573,-0.400904,-0.014919,0.973685,-0.227409,0.414817,-0.200912,-0.887446),fov=31.615030,dt=0.018308},
	{cf=CFrame.new(-20157.517578,-10.116039,2125.228027,-0.909311,-0.107540,-0.401980,-0.014621,0.973689,-0.227412,0.415859,-0.200911,-0.886959),fov=31.578529,dt=0.017888},
	{cf=CFrame.new(-20157.541016,-10.125931,2125.225586,-0.908949,-0.107506,-0.402808,-0.014384,0.973692,-0.227413,0.416659,-0.200913,-0.886583),fov=31.541014,dt=0.018265},
	{cf=CFrame.new(-20157.568359,-10.137093,2125.222656,-0.908517,-0.107453,-0.403795,-0.014088,0.973697,-0.227412,0.417609,-0.200919,-0.886134),fov=31.462946,dt=0.018340},
	{cf=CFrame.new(-20157.591797,-10.146621,2125.220459,-0.908189,-0.107402,-0.404546,-0.013851,0.973701,-0.227409,0.418331,-0.200927,-0.885792),fov=31.422380,dt=0.018619},
	{cf=CFrame.new(-20157.615234,-10.155504,2125.218262,-0.907877,-0.107342,-0.405261,-0.013616,0.973705,-0.227404,0.419015,-0.200937,-0.885466),fov=31.380766,dt=0.016187},
	{cf=CFrame.new(-20157.644531,-10.165554,2125.216309,-0.907511,-0.107256,-0.406104,-0.013322,0.973711,-0.227396,0.419818,-0.200954,-0.885082),fov=31.338112,dt=0.016831},
	{cf=CFrame.new(-20157.660156,-10.173138,2125.214355,-0.907304,-0.107198,-0.406581,-0.013147,0.973715,-0.227390,0.420269,-0.200967,-0.884865),fov=31.294411,dt=0.018651},
	{cf=CFrame.new(-20157.689453,-10.182743,2125.211426,-0.906983,-0.107091,-0.407326,-0.012856,0.973722,-0.227377,0.420972,-0.200991,-0.884525),fov=31.249649,dt=0.017706},
	{cf=CFrame.new(-20157.712891,-10.190668,2125.209229,-0.906747,-0.106994,-0.407875,-0.012624,0.973727,-0.227365,0.421486,-0.201014,-0.884275),fov=31.203819,dt=0.017168},
	{cf=CFrame.new(-20157.736328,-10.198540,2125.207275,-0.906532,-0.106889,-0.408381,-0.012394,0.973734,-0.227352,0.421956,-0.201040,-0.884045),fov=31.156933,dt=0.018320},
	{cf=CFrame.new(-20157.767578,-10.206987,2125.204590,-0.906289,-0.106744,-0.408958,-0.012107,0.973742,-0.227332,0.422486,-0.201077,-0.883784),fov=31.108957,dt=0.018252},
	{cf=CFrame.new(-20157.789062,-10.213962,2125.201904,-0.906120,-0.106617,-0.409363,-0.011880,0.973749,-0.227314,0.422853,-0.201111,-0.883600),fov=31.059906,dt=0.018192},
	{cf=CFrame.new(-20157.812500,-10.220348,2125.199463,-0.905974,-0.106481,-0.409724,-0.011654,0.973756,-0.227294,0.423174,-0.201148,-0.883439),fov=31.009768,dt=0.016996},
	{cf=CFrame.new(-20157.843750,-10.226719,2125.196533,-0.905825,-0.106294,-0.410101,-0.011375,0.973766,-0.227267,0.423500,-0.201199,-0.883270),fov=30.958542,dt=0.017164},
	{cf=CFrame.new(-20157.867188,-10.231873,2125.193604,-0.905730,-0.106135,-0.410351,-0.011153,0.973774,-0.227243,0.423708,-0.201244,-0.883160),fov=30.906225,dt=0.018241},
	{cf=CFrame.new(-20157.888672,-10.236128,2125.190674,-0.905659,-0.105964,-0.410551,-0.010934,0.973783,-0.227216,0.423865,-0.201292,-0.883074),fov=30.852802,dt=0.017076},
	{cf=CFrame.new(-20157.912109,-10.239687,2125.186768,-0.905614,-0.105783,-0.410698,-0.010716,0.973792,-0.227189,0.423967,-0.201344,-0.883013),fov=30.798285,dt=0.017192},
	{cf=CFrame.new(-20157.937500,-10.242819,2125.183350,-0.905594,-0.105591,-0.410792,-0.010501,0.973801,-0.227159,0.424016,-0.201400,-0.882977),fov=16.673819,dt=0.019688},
	{cf=CFrame.new(-20156.011719,-9.402019,2123.863770,-0.956217,-0.048343,-0.288638,-0.008777,0.990556,-0.136828,0.292527,-0.128304,-0.947611),fov=16.673819,dt=0.020056},
	{cf=CFrame.new(-20154.066406,-8.560476,2122.559082,-0.988596,-0.004550,-0.150522,0.003585,0.998549,-0.053729,0.150549,-0.053656,-0.987145),fov=16.673819,dt=0.022862},
	{cf=CFrame.new(-20154.064453,-8.561514,2122.570801,-0.988596,-0.004550,-0.150522,0.003585,0.998549,-0.053729,0.150549,-0.053656,-0.987145),fov=16.673819,dt=0.017389},
	{cf=CFrame.new(-20154.064453,-8.562471,2122.582764,-0.988596,-0.004550,-0.150522,0.003585,0.998549,-0.053729,0.150549,-0.053656,-0.987145),fov=16.673819,dt=0.018107},
	{cf=CFrame.new(-20154.062500,-8.563210,2122.598633,-0.988596,-0.004550,-0.150522,0.003585,0.998549,-0.053729,0.150549,-0.053656,-0.987145),fov=16.673819,dt=0.019335},
	{cf=CFrame.new(-20154.060547,-8.563666,2122.614502,-0.988596,-0.004550,-0.150522,0.003585,0.998549,-0.053729,0.150549,-0.053656,-0.987145),fov=16.673819,dt=0.017113},
	{cf=CFrame.new(-20154.056641,-8.563854,2122.634766,-0.988596,-0.004550,-0.150522,0.003585,0.998549,-0.053729,0.150549,-0.053656,-0.987145),fov=16.673819,dt=0.017176},
	{cf=CFrame.new(-20154.054688,-8.563842,2122.650879,-0.988596,-0.004550,-0.150522,0.003585,0.998549,-0.053729,0.150549,-0.053656,-0.987145),fov=16.673819,dt=0.011997},
	{cf=CFrame.new(-20154.054688,-8.564284,2122.662354,-0.988596,-0.004550,-0.150522,0.003585,0.998549,-0.053729,0.150549,-0.053656,-0.987145),fov=16.673819,dt=0.018557},
	{cf=CFrame.new(-20154.052734,-8.564540,2122.677979,-0.988596,-0.004550,-0.150522,0.003585,0.998549,-0.053729,0.150549,-0.053656,-0.987145),fov=16.673819,dt=0.020313},
	{cf=CFrame.new(-20154.050781,-8.564697,2122.693604,-0.988596,-0.004550,-0.150522,0.003585,0.998549,-0.053729,0.150549,-0.053656,-0.987145),fov=16.673819,dt=0.020303},
	{cf=CFrame.new(-20154.046875,-8.564176,2122.718018,-0.988596,-0.004550,-0.150522,0.003585,0.998549,-0.053729,0.150548,-0.053656,-0.987145),fov=16.673819,dt=0.013511},
	{cf=CFrame.new(-20154.044922,-8.564154,2122.729492,-0.988596,-0.004550,-0.150522,0.003585,0.998549,-0.053729,0.150549,-0.053656,-0.987145),fov=16.673819,dt=0.017152},
	{cf=CFrame.new(-20154.042969,-8.563782,2122.745361,-0.988596,-0.004550,-0.150522,0.003585,0.998549,-0.053729,0.150549,-0.053656,-0.987145),fov=16.673819,dt=0.016084},
	{cf=CFrame.new(-20154.041016,-8.563299,2122.761230,-0.988596,-0.004550,-0.150522,0.003585,0.998549,-0.053729,0.150549,-0.053656,-0.987145),fov=16.673819,dt=0.017402},
	{cf=CFrame.new(-20154.039062,-8.562678,2122.777344,-0.988596,-0.004550,-0.150522,0.003585,0.998549,-0.053729,0.150549,-0.053656,-0.987145),fov=16.673819,dt=0.017075},
	{cf=CFrame.new(-20154.037109,-8.561949,2122.793213,-0.988596,-0.004550,-0.150522,0.003585,0.998549,-0.053729,0.150549,-0.053656,-0.987145),fov=16.673819,dt=0.015525},
	{cf=CFrame.new(-20154.035156,-8.561091,2122.809326,-0.988596,-0.004550,-0.150522,0.003585,0.998549,-0.053729,0.150549,-0.053656,-0.987145),fov=16.673819,dt=0.018150},
	{cf=CFrame.new(-20154.033203,-8.560149,2122.825439,-0.988596,-0.004550,-0.150522,0.003585,0.998549,-0.053729,0.150549,-0.053656,-0.987145),fov=16.673819,dt=0.017231},
	{cf=CFrame.new(-20154.031250,-8.559160,2122.841553,-0.988596,-0.004550,-0.150522,0.003585,0.998549,-0.053729,0.150549,-0.053656,-0.987145),fov=16.673819,dt=0.014553},
	{cf=CFrame.new(-20154.029297,-8.558001,2122.857666,-0.988596,-0.004550,-0.150522,0.003585,0.998549,-0.053729,0.150549,-0.053656,-0.987145),fov=16.673819,dt=0.018872},
	{cf=CFrame.new(-20154.027344,-8.556808,2122.873779,-0.988596,-0.004550,-0.150522,0.003585,0.998549,-0.053729,0.150549,-0.053656,-0.987145),fov=16.673819,dt=0.017336},
	{cf=CFrame.new(-20154.025391,-8.555650,2122.890137,-0.988596,-0.004550,-0.150522,0.003585,0.998549,-0.053729,0.150549,-0.053656,-0.987145),fov=16.673819,dt=0.013891},
	{cf=CFrame.new(-20154.023438,-8.554332,2122.906250,-0.988596,-0.004550,-0.150522,0.003585,0.998549,-0.053729,0.150549,-0.053656,-0.987145),fov=16.673819,dt=0.016915},
	{cf=CFrame.new(-20154.021484,-8.552923,2122.922607,-0.988596,-0.004550,-0.150522,0.003585,0.998549,-0.053729,0.150549,-0.053656,-0.987145),fov=16.673819,dt=0.017566},
	{cf=CFrame.new(-20154.019531,-8.551484,2122.938721,-0.988596,-0.004550,-0.150522,0.003585,0.998549,-0.053729,0.150549,-0.053656,-0.987145),fov=16.673819,dt=0.017183},
	{cf=CFrame.new(-20154.017578,-8.549996,2122.955078,-0.988596,-0.004550,-0.150522,0.003585,0.998549,-0.053729,0.150549,-0.053656,-0.987145),fov=16.673819,dt=0.017039},
	{cf=CFrame.new(-20154.015625,-8.548538,2122.971436,-0.988596,-0.004550,-0.150522,0.003585,0.998549,-0.053729,0.150549,-0.053656,-0.987145),fov=16.673819,dt=0.015582},
	{cf=CFrame.new(-20154.013672,-8.546993,2122.987793,-0.988596,-0.004550,-0.150522,0.003585,0.998549,-0.053729,0.150549,-0.053656,-0.987145),fov=16.673819,dt=0.016345},
	{cf=CFrame.new(-20154.011719,-8.546093,2123.003662,-0.988596,-0.004550,-0.150522,0.003585,0.998549,-0.053729,0.150549,-0.053656,-0.987145),fov=16.673819,dt=0.017533},
	{cf=CFrame.new(-20154.007812,-8.545790,2123.018799,-0.988596,-0.004550,-0.150522,0.003585,0.998549,-0.053729,0.150549,-0.053656,-0.987145),fov=16.673819,dt=0.015027},
	{cf=CFrame.new(-20154.005859,-8.546180,2123.033691,-0.988596,-0.004550,-0.150522,0.003585,0.998549,-0.053729,0.150549,-0.053656,-0.987145),fov=16.673819,dt=0.017978},
	{cf=CFrame.new(-20154.003906,-8.547010,2123.048340,-0.988596,-0.004550,-0.150522,0.003585,0.998549,-0.053729,0.150549,-0.053656,-0.987145),fov=16.673819,dt=0.016653},
	{cf=CFrame.new(-20154.000000,-8.548182,2123.062744,-0.988596,-0.004550,-0.150522,0.003585,0.998549,-0.053729,0.150549,-0.053656,-0.987145),fov=16.673819,dt=0.015351},
	{cf=CFrame.new(-20153.998047,-8.550108,2123.076416,-0.988596,-0.004550,-0.150522,0.003585,0.998549,-0.053729,0.150549,-0.053656,-0.987145),fov=16.673819,dt=0.017592},
	{cf=CFrame.new(-20153.996094,-8.553181,2123.089600,-0.988596,-0.004550,-0.150522,0.003585,0.998549,-0.053729,0.150549,-0.053656,-0.987145),fov=16.673819,dt=0.017615},
	{cf=CFrame.new(-20153.996094,-8.556864,2123.103516,-0.988596,-0.004550,-0.150522,0.003585,0.998549,-0.053729,0.150549,-0.053656,-0.987145),fov=16.673819,dt=0.014926},
	{cf=CFrame.new(-20153.992188,-8.561420,2123.116211,-0.988596,-0.004550,-0.150522,0.003585,0.998549,-0.053729,0.150549,-0.053656,-0.987145),fov=16.673819,dt=0.017413},
	{cf=CFrame.new(-20153.988281,-8.565933,2123.129395,-0.988596,-0.004550,-0.150522,0.003585,0.998549,-0.053729,0.150549,-0.053656,-0.987145),fov=16.673819,dt=0.015741},
	{cf=CFrame.new(-20153.986328,-8.571405,2123.141602,-0.988596,-0.004550,-0.150522,0.003585,0.998549,-0.053729,0.150549,-0.053656,-0.987145),fov=16.673819,dt=0.018383},
	{cf=CFrame.new(-20153.982422,-8.576659,2123.154053,-0.988596,-0.004550,-0.150522,0.003585,0.998549,-0.053729,0.150549,-0.053656,-0.987145),fov=16.673819,dt=0.016467},
	{cf=CFrame.new(-20153.980469,-8.581968,2123.166748,-0.988596,-0.004550,-0.150522,0.003585,0.998549,-0.053729,0.150549,-0.053656,-0.987145),fov=16.673819,dt=0.015710},
	{cf=CFrame.new(-20153.978516,-8.588018,2123.178711,-0.988596,-0.004550,-0.150522,0.003585,0.998549,-0.053729,0.150549,-0.053656,-0.987145),fov=16.673819,dt=0.017367},
	{cf=CFrame.new(-20153.974609,-8.594467,2123.190430,-0.988596,-0.004550,-0.150522,0.003585,0.998549,-0.053729,0.150549,-0.053656,-0.987145),fov=16.673819,dt=0.017954},
	{cf=CFrame.new(-20153.970703,-8.600054,2123.202881,-0.988596,-0.004550,-0.150522,0.003585,0.998549,-0.053729,0.150549,-0.053656,-0.987145),fov=16.673819,dt=0.014612},
	{cf=CFrame.new(-20153.966797,-8.607089,2123.214355,-0.988596,-0.004550,-0.150522,0.003585,0.998549,-0.053729,0.150549,-0.053656,-0.987145),fov=16.673819,dt=0.018309},
	{cf=CFrame.new(-20153.964844,-8.613693,2123.226074,-0.988596,-0.004550,-0.150522,0.003585,0.998549,-0.053729,0.150549,-0.053656,-0.987145),fov=16.673819,dt=0.016572},
	{cf=CFrame.new(-20153.960938,-8.619745,2123.238281,-0.988596,-0.004550,-0.150522,0.003585,0.998549,-0.053729,0.150549,-0.053656,-0.987145),fov=16.673819,dt=0.014497},
	{cf=CFrame.new(-20153.957031,-8.627213,2123.249512,-0.988596,-0.004550,-0.150522,0.003585,0.998549,-0.053729,0.150549,-0.053656,-0.987145),fov=16.673819,dt=0.017846},
	{cf=CFrame.new(-20153.955078,-8.635817,2123.259766,-0.988596,-0.004550,-0.150522,0.003585,0.998549,-0.053729,0.150549,-0.053656,-0.987145),fov=16.673819,dt=0.020112},
	{cf=CFrame.new(-20153.951172,-8.644014,2123.275146,-0.988596,-0.004550,-0.150522,0.003585,0.998549,-0.053729,0.150549,-0.053656,-0.987145),fov=16.673819,dt=0.017967},
	{cf=CFrame.new(-20153.947266,-8.652607,2123.286133,-0.988596,-0.004550,-0.150522,0.003585,0.998549,-0.053729,0.150549,-0.053656,-0.987145),fov=16.673819,dt=0.017489},
	{cf=CFrame.new(-20153.943359,-8.661644,2123.297363,-0.988596,-0.004550,-0.150522,0.003585,0.998549,-0.053729,0.150549,-0.053656,-0.987145),fov=16.673819,dt=0.016910},
	{cf=CFrame.new(-20153.939453,-8.671383,2123.308838,-0.988596,-0.004550,-0.150522,0.003585,0.998549,-0.053729,0.150549,-0.053656,-0.987145),fov=16.673819,dt=0.016351},
	{cf=CFrame.new(-20153.935547,-8.681654,2123.324463,-0.988596,-0.004550,-0.150522,0.003585,0.998549,-0.053729,0.150549,-0.053656,-0.987145),fov=16.673819,dt=0.016496},
	{cf=CFrame.new(-20153.933594,-8.693413,2123.330811,-0.988596,-0.004550,-0.150522,0.003585,0.998549,-0.053729,0.150549,-0.053656,-0.987145),fov=16.673819,dt=0.018120},
	{cf=CFrame.new(-20153.927734,-8.704218,2123.346680,-0.988596,-0.004550,-0.150522,0.003585,0.998549,-0.053729,0.150549,-0.053656,-0.987145),fov=16.673819,dt=0.015234},
	{cf=CFrame.new(-20153.923828,-8.716370,2123.357910,-0.988596,-0.004550,-0.150522,0.003585,0.998549,-0.053729,0.150549,-0.053656,-0.987145),fov=16.673819,dt=0.017359},
	{cf=CFrame.new(-20153.921875,-8.729647,2123.364746,-0.988596,-0.004550,-0.150522,0.003585,0.998549,-0.053729,0.150549,-0.053656,-0.987145),fov=16.673819,dt=0.018159},
	{cf=CFrame.new(-20153.916016,-8.743961,2123.379639,-0.988596,-0.004550,-0.150522,0.003585,0.998549,-0.053729,0.150549,-0.053656,-0.987145),fov=16.673819,dt=0.018641},
	{cf=CFrame.new(-20153.912109,-8.758573,2123.390869,-0.988596,-0.004550,-0.150522,0.003585,0.998549,-0.053729,0.150549,-0.053656,-0.987145),fov=16.673819,dt=0.018414},
	{cf=CFrame.new(-20153.908203,-8.772517,2123.395752,-0.988596,-0.004550,-0.150522,0.003585,0.998549,-0.053729,0.150549,-0.053656,-0.987145),fov=16.673819,dt=0.018196},
	{cf=CFrame.new(-20153.902344,-8.787598,2123.400879,-0.988596,-0.004550,-0.150522,0.003585,0.998549,-0.053729,0.150549,-0.053656,-0.987145),fov=16.673819,dt=0.019432},
	{cf=CFrame.new(-20153.900391,-8.802599,2123.413086,-0.988596,-0.004550,-0.150522,0.003585,0.998549,-0.053729,0.150549,-0.053656,-0.987145),fov=16.673819,dt=0.019336},
	{cf=CFrame.new(-20153.892578,-8.817022,2123.430420,-0.988596,-0.004550,-0.150522,0.003585,0.998549,-0.053729,0.150549,-0.053656,-0.987145),fov=16.673819,dt=0.018754},
	{cf=CFrame.new(-20153.888672,-8.830178,2123.448730,-0.988596,-0.004550,-0.150522,0.003585,0.998549,-0.053729,0.150549,-0.053656,-0.987145),fov=16.673819,dt=0.017873},
	{cf=CFrame.new(-20153.884766,-8.841993,2123.463135,-0.988596,-0.004550,-0.150522,0.003585,0.998549,-0.053729,0.150549,-0.053656,-0.987145),fov=16.673819,dt=0.017979},
	{cf=CFrame.new(-20153.880859,-8.852280,2123.478027,-0.988596,-0.004550,-0.150522,0.003585,0.998549,-0.053729,0.150549,-0.053656,-0.987145),fov=16.673819,dt=0.017697},
	{cf=CFrame.new(-20153.876953,-8.862089,2123.497070,-0.988596,-0.004550,-0.150523,0.003585,0.998549,-0.053729,0.150549,-0.053656,-0.987145),fov=16.673819,dt=0.019062},
	{cf=CFrame.new(-20153.873047,-8.870040,2123.512451,-0.988596,-0.004550,-0.150522,0.003585,0.998549,-0.053729,0.150549,-0.053656,-0.987145),fov=16.673819,dt=0.017683},
	{cf=CFrame.new(-20153.595703,-8.470077,2127.857910,-0.988596,-0.004602,-0.150520,0.003596,0.998526,-0.054148,0.150547,-0.054072,-0.987123),fov=15.287653,dt=0.021643},
	{cf=CFrame.new(-20152.769531,-7.253366,2140.864258,-0.988597,-0.004860,-0.150504,0.003654,0.998411,-0.056244,0.150539,-0.056152,-0.987008),fov=15.298842,dt=0.027013},
	{cf=CFrame.new(-20152.765625,-7.263959,2140.883545,-0.988598,-0.005066,-0.150494,0.003701,0.998314,-0.057920,0.150534,-0.057817,-0.986913),fov=15.329795,dt=0.040473},
	{cf=CFrame.new(-20152.757812,-7.271065,2140.937988,-0.988600,-0.005634,-0.150460,0.003829,0.998035,-0.062530,0.150517,-0.062393,-0.986637),fov=15.376637,dt=0.019134},
	{cf=CFrame.new(-20152.755859,-7.277171,2140.961426,-0.988601,-0.005891,-0.150442,0.003888,0.997902,-0.064625,0.150508,-0.064473,-0.986504),fov=15.404809,dt=0.018831},
	{cf=CFrame.new(-20152.751953,-7.283300,2140.984131,-0.988602,-0.006149,-0.150426,0.003946,0.997764,-0.066719,0.150500,-0.066552,-0.986367),fov=15.435507,dt=0.017816},
	{cf=CFrame.new(-20152.750000,-7.289777,2141.002197,-0.988603,-0.006354,-0.150413,0.003994,0.997650,-0.068395,0.150494,-0.068216,-0.986255),fov=15.468235,dt=0.020779},
	{cf=CFrame.new(-20152.748047,-7.296894,2141.024170,-0.988604,-0.006612,-0.150395,0.004051,0.997505,-0.070489,0.150486,-0.070295,-0.986110),fov=15.502506,dt=0.018552},
	{cf=CFrame.new(-20152.746094,-7.304898,2141.045654,-0.988605,-0.006870,-0.150375,0.004110,0.997354,-0.072582,0.150476,-0.072373,-0.985961),fov=15.537801,dt=0.020555},
	{cf=CFrame.new(-20152.744141,-7.312900,2141.062988,-0.988606,-0.007076,-0.150359,0.004157,0.997230,-0.074257,0.150468,-0.074036,-0.985839),fov=15.609425,dt=0.021818},
	{cf=CFrame.new(-20152.742188,-7.322078,2141.087402,-0.988607,-0.007385,-0.150336,0.004226,0.997040,-0.076769,0.150458,-0.076530,-0.985650),fov=15.644696,dt=0.017973},
	{cf=CFrame.new(-20152.742188,-7.330241,2141.103760,-0.988608,-0.007591,-0.150320,0.004273,0.996909,-0.078443,0.150451,-0.078192,-0.985520),fov=15.678883,dt=0.019519},
	{cf=CFrame.new(-20152.740234,-7.339370,2141.122559,-0.988609,-0.007847,-0.150300,0.004332,0.996742,-0.080535,0.150443,-0.080269,-0.985355),fov=15.711441,dt=0.018590},
	{cf=CFrame.new(-20152.740234,-7.347926,2141.136475,-0.988610,-0.008052,-0.150286,0.004380,0.996606,-0.082209,0.150438,-0.081931,-0.985219),fov=15.741800,dt=0.018911},
	{cf=CFrame.new(-20152.738281,-7.357667,2141.152100,-0.988611,-0.008310,-0.150264,0.004438,0.996431,-0.084301,0.150428,-0.084007,-0.985045),fov=15.769406,dt=0.018638},
	{cf=CFrame.new(-20152.736328,-7.366772,2141.162842,-0.988612,-0.008520,-0.150246,0.004485,0.996285,-0.086006,0.150420,-0.085700,-0.984901),fov=15.818533,dt=0.019343},
	{cf=CFrame.new(-20152.736328,-7.377118,2141.175781,-0.988613,-0.008790,-0.150220,0.004546,0.996092,-0.088203,0.150409,-0.087881,-0.984710),fov=15.840943,dt=0.018850},
	{cf=CFrame.new(-20152.736328,-7.388242,2141.186523,-0.988614,-0.009041,-0.150198,0.004602,0.995910,-0.090238,0.150400,-0.089902,-0.984529),fov=15.861967,dt=0.021087},
	{cf=CFrame.new(-20152.734375,-7.397032,2141.198242,-0.988615,-0.009272,-0.150179,0.004655,0.995737,-0.092118,0.150393,-0.091769,-0.984358),fov=15.881636,dt=0.011617},
	{cf=CFrame.new(-20152.734375,-7.404968,2141.202148,-0.988616,-0.009400,-0.150166,0.004683,0.995641,-0.093157,0.150387,-0.092800,-0.984262),fov=15.899994,dt=0.017529},
	{cf=CFrame.new(-20152.734375,-7.414294,2141.206299,-0.988617,-0.009562,-0.150149,0.004719,0.995517,-0.094470,0.150379,-0.094103,-0.984140),fov=15.917080,dt=0.020970},
	{cf=CFrame.new(-20152.734375,-7.422712,2141.208008,-0.988618,-0.009711,-0.150136,0.004754,0.995400,-0.095690,0.150374,-0.095314,-0.984024),fov=15.932934,dt=0.021034},
	{cf=CFrame.new(-20152.736328,-7.430749,2141.213379,-0.988618,-0.009884,-0.150119,0.004794,0.995263,-0.097097,0.150368,-0.096712,-0.983888),fov=15.947593,dt=0.015542},
	{cf=CFrame.new(-20152.738281,-7.436728,2141.215332,-0.988619,-0.010010,-0.150107,0.004821,0.995163,-0.098120,0.150363,-0.097727,-0.983789),fov=15.961110,dt=0.013747},
	{cf=CFrame.new(-20152.738281,-7.442065,2141.217285,-0.988620,-0.010126,-0.150094,0.004848,0.995070,-0.099061,0.150357,-0.098661,-0.983696),fov=15.973517,dt=0.011586},
	{cf=CFrame.new(-20152.740234,-7.445745,2141.214111,-0.988620,-0.010206,-0.150085,0.004865,0.995005,-0.099708,0.150353,-0.099304,-0.983632),fov=15.973517,dt=0.014795},
	{cf=CFrame.new(-20152.742188,-7.448418,2141.207764,-0.988621,-0.010281,-0.150079,0.004882,0.994943,-0.100318,0.150351,-0.099909,-0.983571),fov=15.984867,dt=0.017040},
	{cf=CFrame.new(-20152.746094,-7.451119,2141.201660,-0.988621,-0.010373,-0.150070,0.004904,0.994867,-0.101070,0.150348,-0.100655,-0.983496),fov=15.995194,dt=0.017354},
	{cf=CFrame.new(-20152.748047,-7.452251,2141.195557,-0.988622,-0.010457,-0.150060,0.004923,0.994798,-0.101752,0.150343,-0.101333,-0.983427),fov=16.004555,dt=0.015793},
	{cf=CFrame.new(-20152.753906,-7.451286,2141.187500,-0.988622,-0.010532,-0.150053,0.004940,0.994734,-0.102367,0.150341,-0.101944,-0.983364),fov=16.012985,dt=0.016705},
	{cf=CFrame.new(-20152.757812,-7.448331,2141.178223,-0.988622,-0.010601,-0.150047,0.004955,0.994677,-0.102920,0.150339,-0.102492,-0.983307),fov=16.020538,dt=0.016470},
	{cf=CFrame.new(-20152.763672,-7.442929,2141.167480,-0.988622,-0.010662,-0.150040,0.004968,0.994626,-0.103413,0.150336,-0.102982,-0.983257),fov=16.027256,dt=0.017048},
	{cf=CFrame.new(-20152.769531,-7.435059,2141.155273,-0.988622,-0.010715,-0.150035,0.004980,0.994580,-0.103850,0.150335,-0.103415,-0.983211),fov=16.033195,dt=0.017406},
	{cf=CFrame.new(-20152.775391,-7.425135,2141.142578,-0.988623,-0.010763,-0.150030,0.004991,0.994540,-0.104234,0.150332,-0.103797,-0.983172),fov=16.038393,dt=0.017087},
	{cf=CFrame.new(-20152.783203,-7.412491,2141.129150,-0.988623,-0.010804,-0.150025,0.005000,0.994505,-0.104568,0.150330,-0.104129,-0.983137),fov=16.042902,dt=0.017514},
	{cf=CFrame.new(-20152.787109,-7.400414,2141.118408,-0.988623,-0.010838,-0.150022,0.005010,0.994475,-0.104857,0.150330,-0.104416,-0.983106),fov=16.050045,dt=0.014618},
	{cf=CFrame.new(-20152.792969,-7.382691,2141.105469,-0.988623,-0.010869,-0.150018,0.005016,0.994449,-0.105103,0.150327,-0.104660,-0.983081),fov=16.050045,dt=0.016437},
	{cf=CFrame.new(-20152.796875,-7.361073,2141.092529,-0.988624,-0.010895,-0.150015,0.005021,0.994427,-0.105310,0.150327,-0.104865,-0.983059),fov=16.052778,dt=0.016719},
	{cf=CFrame.new(-20152.800781,-7.336229,2141.080322,-0.988624,-0.010916,-0.150013,0.005026,0.994409,-0.105481,0.150326,-0.105035,-0.983041),fov=16.055014,dt=0.016605},
	{cf=CFrame.new(-20152.802734,-7.306924,2141.068115,-0.988624,-0.010933,-0.150012,0.005030,0.994394,-0.105620,0.150326,-0.105173,-0.983026),fov=16.056808,dt=0.017269},
	{cf=CFrame.new(-20152.802734,-7.273920,2141.056885,-0.988624,-0.010947,-0.150011,0.005033,0.994382,-0.105730,0.150325,-0.105282,-0.983015),fov=16.058205,dt=0.017549},
	{cf=CFrame.new(-20152.804688,-7.242409,2141.048584,-0.988624,-0.010957,-0.150010,0.005035,0.994373,-0.105814,0.150325,-0.105366,-0.983006),fov=16.059254,dt=0.015272},
	{cf=CFrame.new(-20152.804688,-7.203791,2141.040283,-0.988624,-0.010964,-0.150009,0.005037,0.994367,-0.105876,0.150325,-0.105427,-0.982999),fov=16.060005,dt=0.016997},
	{cf=CFrame.new(-20152.804688,-7.164090,2141.033691,-0.988624,-0.010970,-0.150008,0.005038,0.994362,-0.105920,0.150325,-0.105470,-0.982995),fov=16.060507,dt=0.016226},
	{cf=CFrame.new(-20152.804688,-7.119982,2141.028320,-0.988624,-0.010974,-0.150008,0.005039,0.994359,-0.105948,0.150324,-0.105498,-0.982992),fov=16.060814,dt=0.016839},
	{cf=CFrame.new(-20152.802734,-7.072489,2141.022949,-0.988624,-0.010974,-0.150008,0.005040,0.994358,-0.105961,0.150324,-0.105511,-0.982990),fov=16.060894,dt=0.017092},
	{cf=CFrame.new(-20152.802734,-7.022261,2141.018311,-0.988624,-0.010974,-0.150008,0.005041,0.994357,-0.105966,0.150325,-0.105517,-0.982990),fov=16.060972,dt=0.017238},
	{cf=CFrame.new(-20152.798828,-6.973610,2141.016113,-0.988624,-0.010975,-0.150008,0.005040,0.994357,-0.105971,0.150324,-0.105522,-0.982989),fov=16.061029,dt=0.016120},
	{cf=CFrame.new(-20152.796875,-6.922221,2141.016113,-0.988624,-0.010976,-0.150008,0.005040,0.994356,-0.105973,0.150324,-0.105524,-0.982989),fov=16.061039,dt=0.016422},
	{cf=CFrame.new(-20152.794922,-6.868852,2141.017578,-0.988624,-0.010976,-0.150008,0.005040,0.994356,-0.105974,0.150325,-0.105524,-0.982989),fov=16.060972,dt=0.016480},
	{cf=CFrame.new(-20152.789062,-6.813084,2141.020020,-0.988624,-0.010976,-0.150008,0.005040,0.994356,-0.105974,0.150325,-0.105524,-0.982989),fov=16.060762,dt=0.016746},
	{cf=CFrame.new(-20152.787109,-6.757111,2141.024170,-0.988624,-0.010976,-0.150008,0.005040,0.994356,-0.105974,0.150325,-0.105524,-0.982989),fov=16.060436,dt=0.016420},
	{cf=CFrame.new(-20152.783203,-6.698632,2141.029297,-0.988624,-0.010976,-0.150008,0.005040,0.994356,-0.105974,0.150325,-0.105524,-0.982989),fov=16.059996,dt=0.016718},
	{cf=CFrame.new(-20152.779297,-6.639580,2141.035889,-0.988624,-0.010976,-0.150008,0.005040,0.994356,-0.105974,0.150325,-0.105524,-0.982989),fov=16.059450,dt=0.016536},
	{cf=CFrame.new(-20152.777344,-6.577797,2141.043457,-0.988624,-0.010976,-0.150008,0.005040,0.994356,-0.105974,0.150325,-0.105524,-0.982989),fov=16.058807,dt=0.017159},
	{cf=CFrame.new(-20152.773438,-6.519596,2141.051758,-0.988624,-0.010976,-0.150008,0.005040,0.994356,-0.105974,0.150325,-0.105524,-0.982989),fov=16.058079,dt=0.016038},
	{cf=CFrame.new(-20152.773438,-6.458117,2141.061523,-0.988624,-0.010976,-0.150008,0.005040,0.994356,-0.105974,0.150325,-0.105524,-0.982989),fov=16.057274,dt=0.016921},
	{cf=CFrame.new(-20152.769531,-6.392760,2141.072754,-0.988624,-0.010976,-0.150008,0.005040,0.994356,-0.105974,0.150325,-0.105524,-0.982989),fov=16.056400,dt=0.018143},
	{cf=CFrame.new(-20152.767578,-6.337623,2141.083252,-0.988624,-0.010976,-0.150008,0.005040,0.994356,-0.105974,0.150325,-0.105524,-0.982989),fov=16.055475,dt=0.015316},
	{cf=CFrame.new(-20152.767578,-6.275166,2141.096191,-0.988624,-0.010976,-0.150008,0.005040,0.994356,-0.105974,0.150325,-0.105524,-0.982989),fov=16.053484,dt=0.017575},
	{cf=CFrame.new(-20152.767578,-6.213362,2141.110596,-0.988624,-0.010976,-0.150008,0.005040,0.994356,-0.105974,0.150325,-0.105524,-0.982989),fov=16.052444,dt=0.017402},
	{cf=CFrame.new(-20152.767578,-6.152344,2141.126221,-0.988624,-0.010976,-0.150008,0.005040,0.994356,-0.105974,0.150325,-0.105524,-0.982989),fov=16.051382,dt=0.017392},
	{cf=CFrame.new(-20152.767578,-6.090601,2141.142578,-0.988624,-0.010976,-0.150008,0.005040,0.994356,-0.105974,0.150325,-0.105524,-0.982989),fov=16.050314,dt=0.018347},
	{cf=CFrame.new(-20152.769531,-6.035309,2141.158447,-0.988624,-0.010976,-0.150008,0.005040,0.994356,-0.105974,0.150325,-0.105524,-0.982989),fov=16.049240,dt=0.016924},
	{cf=CFrame.new(-20152.771484,-5.984136,2141.174072,-0.988624,-0.010976,-0.150008,0.005040,0.994356,-0.105974,0.150325,-0.105524,-0.982989),fov=16.048180,dt=0.016205},
	{cf=CFrame.new(-20152.773438,-5.933893,2141.190186,-0.988624,-0.010976,-0.150008,0.005040,0.994356,-0.105974,0.150325,-0.105524,-0.982989),fov=16.047138,dt=0.016500},
	{cf=CFrame.new(-20152.775391,-5.877061,2141.209473,-0.988624,-0.010976,-0.150008,0.005040,0.994356,-0.105974,0.150325,-0.105524,-0.982989),fov=16.046127,dt=0.019658},
	{cf=CFrame.new(-20152.777344,-5.823296,2141.229980,-0.988624,-0.010976,-0.150008,0.005040,0.994356,-0.105974,0.150325,-0.105524,-0.982989),fov=16.045153,dt=0.019146},
	{cf=CFrame.new(-20152.779297,-5.780568,2141.246826,-0.988624,-0.010976,-0.150008,0.005040,0.994356,-0.105974,0.150325,-0.105524,-0.982989),fov=16.044224,dt=0.015492},
	{cf=CFrame.new(-20152.781250,-5.747492,2141.260742,-0.988624,-0.010976,-0.150008,0.005040,0.994356,-0.105974,0.150325,-0.105524,-0.982989),fov=16.043354,dt=0.012819},
	{cf=CFrame.new(-20152.783203,-5.701811,2141.281982,-0.988624,-0.010976,-0.150008,0.005040,0.994356,-0.105974,0.150325,-0.105524,-0.982989),fov=16.042553,dt=0.018465},
	{cf=CFrame.new(-20152.785156,-5.658846,2141.304688,-0.988624,-0.010976,-0.150008,0.005040,0.994356,-0.105974,0.150325,-0.105524,-0.982989),fov=16.041828,dt=0.017319},
	{cf=CFrame.new(-20152.787109,-5.606399,2141.335938,-0.988624,-0.010976,-0.150008,0.005040,0.994356,-0.105974,0.150325,-0.105524,-0.982989),fov=16.041185,dt=0.022003},
	{cf=CFrame.new(-20152.789062,-5.539788,2141.385010,-0.988624,-0.010976,-0.150008,0.005040,0.994356,-0.105974,0.150325,-0.105524,-0.982989),fov=16.040201,dt=0.029090},
	{cf=CFrame.new(-20152.791016,-5.491876,2141.424561,-0.988624,-0.010976,-0.150008,0.005040,0.994356,-0.105974,0.150325,-0.105524,-0.982989),fov=16.039869,dt=0.022069},
	{cf=CFrame.new(-20152.791016,-5.452408,2141.460449,-0.988624,-0.010976,-0.150008,0.005040,0.994356,-0.105974,0.150325,-0.105524,-0.982989),fov=16.039600,dt=0.020426},
	{cf=CFrame.new(-20152.792969,-5.419894,2141.492920,-0.988624,-0.010976,-0.150008,0.005040,0.994356,-0.105974,0.150325,-0.105524,-0.982989),fov=16.039600,dt=0.018639},
	{cf=CFrame.new(-20152.792969,-5.381291,2141.534668,-0.988624,-0.010976,-0.150008,0.005040,0.994356,-0.105974,0.150325,-0.105524,-0.982989),fov=16.039600,dt=0.024955},
	{cf=CFrame.new(-20152.794922,-5.339026,2141.585693,-0.988624,-0.010976,-0.150008,0.005040,0.994356,-0.105974,0.150325,-0.105524,-0.982989),fov=16.039600,dt=0.031943},
	{cf=CFrame.new(-20152.792969,-5.317467,2141.615967,-0.988624,-0.010976,-0.150008,0.005040,0.994356,-0.105974,0.150325,-0.105524,-0.982989),fov=16.039600,dt=0.019473},
	{cf=CFrame.new(-20152.796875,-5.300030,2141.644287,-0.988624,-0.010976,-0.150008,0.005040,0.994356,-0.105974,0.150325,-0.105524,-0.982989),fov=16.039600,dt=0.018671},
	{cf=CFrame.new(-2.021820,2.024821,-20.364929,-0.995155,0.004828,-0.098204,0.000000,0.998794,0.049108,0.098323,0.048870,-0.993954),fov=28.837900,dt=0.032722},
	{cf=CFrame.new(0.964996,401.493378,-1.711029,-0.756324,-0.626134,-0.189551,0.120012,0.152033,-0.981062,0.643094,-0.764750,-0.039842),fov=34.569420,dt=0.017192},
	{cf=CFrame.new(0.958923,405.007385,-1.689484,-0.754778,-0.627314,-0.191800,0.121597,0.153524,-0.980635,0.644612,-0.763484,-0.039597),fov=39.432343,dt=0.016309},
	{cf=CFrame.new(0.952698,406.626678,-1.670166,-0.754316,-0.627634,-0.192570,0.122029,0.154169,-0.980480,0.645071,-0.763091,-0.039703),fov=43.465942,dt=0.015078},
	{cf=CFrame.new(0.945343,407.774597,-1.651123,-0.754093,-0.627767,-0.193010,0.122211,0.154620,-0.980386,0.645297,-0.762890,-0.039877),fov=47.137711,dt=0.015304},
	{cf=CFrame.new(0.938141,409.237976,-1.632996,-0.753894,-0.627858,-0.193490,0.122340,0.155198,-0.980279,0.645505,-0.762698,-0.040191),fov=50.343990,dt=0.014955},
	{cf=CFrame.new(0.931213,410.616150,-1.615387,-0.753803,-0.627854,-0.193858,0.122345,0.155759,-0.980189,0.645611,-0.762587,-0.040597),fov=53.222748,dt=0.015078},
	{cf=CFrame.new(0.924255,411.594177,-1.597534,-0.753785,-0.627805,-0.194085,0.122288,0.156179,-0.980130,0.645642,-0.762542,-0.040952),fov=55.868244,dt=0.015679},
	{cf=CFrame.new(0.917755,412.829865,-1.580597,-0.753801,-0.627702,-0.194356,0.122165,0.156748,-0.980054,0.645647,-0.762509,-0.041473),fov=58.125439,dt=0.015228},
	{cf=CFrame.new(0.911102,413.987793,-1.562866,-0.753859,-0.627559,-0.194594,0.121992,0.157331,-0.979982,0.645612,-0.762507,-0.042048),fov=60.226154,dt=0.016269},
	{cf=CFrame.new(0.905121,415.069763,-1.546570,-0.753986,-0.627352,-0.194768,0.121738,0.157915,-0.979920,0.645512,-0.762556,-0.042693),fov=61.950077,dt=0.015446},
	{cf=CFrame.new(0.899628,415.836334,-1.530731,-0.754134,-0.627150,-0.194846,0.121486,0.158349,-0.979881,0.645386,-0.762633,-0.043227),fov=63.416653,dt=0.015238},
	{cf=CFrame.new(0.894958,416.791687,-1.515778,-0.754404,-0.626814,-0.194879,0.121066,0.158926,-0.979840,0.645149,-0.762788,-0.044008),fov=64.652397,dt=0.014966},
	{cf=CFrame.new(0.890686,417.678497,-1.500153,-0.754747,-0.626412,-0.194843,0.120563,0.159502,-0.979808,0.644842,-0.762998,-0.044861),fov=65.782715,dt=0.016169},
	{cf=CFrame.new(0.886963,418.499176,-1.484558,-0.755156,-0.625950,-0.194746,0.119983,0.160081,-0.979785,0.644471,-0.763257,-0.045783),fov=66.765442,dt=0.016965},
	{cf=CFrame.new(0.884064,419.079010,-1.470428,-0.755497,-0.625571,-0.194642,0.119509,0.160519,-0.979771,0.644160,-0.763475,-0.046510),fov=67.532257,dt=0.016183},
	{cf=CFrame.new(0.881897,419.789215,-1.456940,-0.756006,-0.625014,-0.194456,0.118813,0.161112,-0.979759,0.643691,-0.763807,-0.047541),fov=68.145737,dt=0.015945},
	{cf=CFrame.new(0.880249,420.440338,-1.444031,-0.756563,-0.624409,-0.194230,0.118060,0.161717,-0.979750,0.643174,-0.764174,-0.048631),fov=68.646500,dt=0.016292},
	{cf=CFrame.new(0.879150,421.034821,-1.431885,-0.757162,-0.623763,-0.193974,0.117260,0.162338,-0.979743,0.642617,-0.764570,-0.049774),fov=69.040611,dt=0.016404},
	{cf=CFrame.new(0.878540,421.575073,-1.418793,-0.757796,-0.623080,-0.193693,0.116417,0.162977,-0.979737,0.642022,-0.764990,-0.050966),fov=69.420181,dt=0.021597},
	{cf=CFrame.new(0.878357,422.172638,-1.412079,-0.758628,-0.622181,-0.193322,0.115316,0.163812,-0.979729,0.641237,-0.765543,-0.052525),fov=69.600754,dt=0.014338},
	{cf=CFrame.new(0.878662,422.599915,-1.405914,-0.759317,-0.621435,-0.193017,0.114409,0.164506,-0.979719,0.640584,-0.766000,-0.053814),fov=69.745590,dt=0.015624},
	{cf=CFrame.new(0.879211,422.981476,-1.400909,-0.760019,-0.620670,-0.192715,0.113485,0.165230,-0.979704,0.639916,-0.766464,-0.055141),fov=69.851021,dt=0.016407},
	{cf=CFrame.new(0.880219,423.242798,-1.396942,-0.760551,-0.620087,-0.192493,0.112785,0.165791,-0.979690,0.639407,-0.766815,-0.056156),fov=69.924309,dt=0.017848},
	{cf=CFrame.new(0.881256,423.550079,-1.394958,-0.761263,-0.619300,-0.192215,0.111848,0.166575,-0.979665,0.638724,-0.767281,-0.057539),fov=69.959274,dt=0.013887},
	{cf=CFrame.new(0.882965,423.819427,-1.392181,-0.761971,-0.618508,-0.191960,0.110915,0.167396,-0.979631,0.638042,-0.767741,-0.058950),fov=69.984512,dt=0.017795},
	{cf=CFrame.new(0.884888,424.053162,-1.389130,-0.762670,-0.617715,-0.191738,0.109993,0.168259,-0.979587,0.637367,-0.768191,-0.060382),fov=69.995422,dt=0.017097},
	{cf=CFrame.new(0.887878,424.254974,-1.385010,-0.763352,-0.616927,-0.191558,0.109088,0.169167,-0.979531,0.636705,-0.768624,-0.061835),fov=69.999641,dt=0.022502},
	{cf=CFrame.new(0.890533,424.461243,-1.381866,-0.764171,-0.615960,-0.191408,0.107999,0.170374,-0.979443,0.635908,-0.769133,-0.063672),fov=69.999992,dt=0.015718},
	{cf=CFrame.new(0.892822,424.597687,-1.379608,-0.764794,-0.615204,-0.191350,0.107164,0.171394,-0.979357,0.635300,-0.769512,-0.065153),fov=70.000000,dt=0.012120},
	{cf=CFrame.new(0.896179,424.686768,-1.376495,-0.765241,-0.614649,-0.191344,0.106561,0.172188,-0.979283,0.634862,-0.769778,-0.066268),fov=73.482849,dt=0.015101},
	{cf=CFrame.new(0.900269,424.782593,-1.373016,-0.765797,-0.613935,-0.191411,0.105805,0.173305,-0.979168,0.634318,-0.770097,-0.067759),fov=73.772003,dt=0.018187},
	{cf=CFrame.new(0.904053,424.857758,-1.370392,-0.766306,-0.613253,-0.191561,0.105105,0.174482,-0.979035,0.633820,-0.770375,-0.069250),fov=74.073593,dt=0.016657},
	{cf=CFrame.new(0.907776,424.915070,-1.368530,-0.766762,-0.612607,-0.191802,0.104469,0.175721,-0.978881,0.633373,-0.770606,-0.070738),fov=74.392586,dt=0.016056},
	{cf=CFrame.new(0.911713,424.957275,-1.367279,-0.767158,-0.612004,-0.192143,0.103903,0.177027,-0.978706,0.632987,-0.770787,-0.072218),fov=74.734138,dt=0.016785},
	{cf=CFrame.new(0.915588,424.986511,-1.366394,-0.767488,-0.611449,-0.192593,0.103416,0.178401,-0.978508,0.632666,-0.770911,-0.073687),fov=75.103523,dt=0.016337},
	{cf=CFrame.new(0.919464,425.005310,-1.365479,-0.767746,-0.610946,-0.193160,0.103014,0.179847,-0.978286,0.632419,-0.770974,-0.075141),fov=75.506294,dt=0.016101},
	{cf=CFrame.new(0.923431,425.016907,-1.363434,-0.767926,-0.610501,-0.193853,0.102705,0.181368,-0.978037,0.632251,-0.770970,-0.076576),fov=75.947304,dt=0.017124},
	{cf=CFrame.new(0.927246,425.023041,-1.359741,-0.768020,-0.610118,-0.194682,0.102498,0.182967,-0.977761,0.632170,-0.770895,-0.077987),fov=76.427956,dt=0.016430},
	{cf=CFrame.new(0.930847,425.026794,-1.354828,-0.768022,-0.609805,-0.195655,0.102399,0.184649,-0.977456,0.632184,-0.770742,-0.079370),fov=76.948929,dt=0.016572},
	{cf=CFrame.new(0.934662,425.006378,-1.347778,-0.767639,-0.609806,-0.197146,0.102746,0.186538,-0.977060,0.632593,-0.770285,-0.080539),fov=77.510918,dt=0.017153},
	{cf=CFrame.new(0.938232,424.940857,-1.339722,-0.766687,-0.610282,-0.199366,0.103748,0.188680,-0.976543,0.633583,-0.769387,-0.081343),fov=78.114746,dt=0.016813},
	{cf=CFrame.new(0.941833,424.832916,-1.330139,-0.765326,-0.611100,-0.202072,0.105214,0.190948,-0.975945,0.634985,-0.768177,-0.081841),fov=78.761292,dt=0.016920},
	{cf=CFrame.new(0.945343,424.685608,-1.319794,-0.763716,-0.612131,-0.205023,0.106960,0.193216,-0.975309,0.636630,-0.766788,-0.082089),fov=79.451553,dt=0.016546},
	{cf=CFrame.new(0.948761,424.501526,-1.308899,-0.762020,-0.613247,-0.207975,0.108797,0.195359,-0.974679,0.638348,-0.765352,-0.082148),fov=80.186630,dt=0.016146},
	{cf=CFrame.new(0.952545,424.284454,-1.296417,-0.760405,-0.614325,-0.210687,0.110541,0.197248,-0.974102,0.639973,-0.764001,-0.082080),fov=80.967674,dt=0.017865},
	{cf=CFrame.new(0.955780,424.036224,-1.285980,-0.759040,-0.615243,-0.212919,0.112011,0.198756,-0.973627,0.641336,-0.762871,-0.081950),fov=81.795952,dt=0.016486},
	{cf=CFrame.new(0.958649,423.760071,-1.276764,-0.758096,-0.615881,-0.214432,0.113024,0.199755,-0.973305,0.642274,-0.762095,-0.081824),fov=82.672844,dt=0.015713},
	{cf=CFrame.new(0.961395,423.459198,-1.268158,-0.757745,-0.616120,-0.214985,0.113403,0.200109,-0.973189,0.642621,-0.761809,-0.081762),fov=83.599792,dt=0.016244},
	{cf=CFrame.new(0.964050,423.136292,-1.259918,-0.758818,-0.615648,-0.212540,0.113567,0.196260,-0.973953,0.641325,-0.763190,-0.079008),fov=84.578369,dt=0.016796},
	{cf=CFrame.new(0.966614,422.794617,-1.252014,-0.760675,-0.614938,-0.207905,0.114045,0.188698,-0.975391,0.639037,-0.765665,-0.073407),fov=85.610245,dt=0.018024},
	{cf=CFrame.new(0.968994,422.436920,-1.245056,-0.761293,-0.615117,-0.205093,0.114866,0.183361,-0.976312,0.638152,-0.766818,-0.068935),fov=86.697166,dt=0.017421},
	{cf=CFrame.new(0.970795,422.066071,-1.239594,-0.757311,-0.618326,-0.210126,0.119952,0.184580,-0.975470,0.641944,-0.763939,-0.065615),fov=87.841011,dt=0.015108},
	{cf=CFrame.new(0.972809,421.685089,-1.233978,-0.749696,-0.623677,-0.221318,0.129261,0.189985,-0.973241,0.649035,-0.758243,-0.061814),fov=89.043747,dt=0.016670},
	{cf=CFrame.new(0.974518,421.297119,-1.229279,-0.743147,-0.627932,-0.231156,0.136988,0.195366,-0.971116,0.654955,-0.753348,-0.059167),fov=90.307442,dt=0.016002},
	{cf=CFrame.new(0.976196,420.905060,-1.224152,-0.740994,-0.629161,-0.234702,0.139284,0.197910,-0.970274,0.656908,-0.751657,-0.059018),fov=91.634262,dt=0.017823},
	{cf=CFrame.new(0.977509,420.511810,-1.219421,-0.740507,-0.628794,-0.237208,0.138539,0.202554,-0.969422,0.657614,-0.750726,-0.062880),fov=93.026466,dt=0.016428},
	{cf=CFrame.new(0.978638,420.120422,-1.214661,-0.737505,-0.628725,-0.246559,0.138402,0.216630,-0.966394,0.661008,-0.746844,-0.072749),fov=94.486420,dt=0.017522},
	{cf=CFrame.new(0.979553,419.733673,-1.210266,-0.728018,-0.629766,-0.270897,0.141353,0.248767,-0.958193,0.670828,-0.735874,-0.092087),fov=96.016586,dt=0.016374},
	{cf=CFrame.new(0.980225,419.354675,-1.206055,-0.714247,-0.630192,-0.304482,0.145570,0.291766,-0.945347,0.684588,-0.719535,-0.116656),fov=97.617065,dt=0.016392},
	{cf=CFrame.new(0.980835,418.986176,-1.201843,-0.701617,-0.629310,-0.334219,0.148853,0.329249,-0.932436,0.696833,-0.703963,-0.137332),fov=99.277954,dt=0.015984},
	{cf=CFrame.new(0.981201,418.631470,-1.197174,-0.696061,-0.628554,-0.347015,0.150111,0.345236,-0.926433,0.702115,-0.696945,-0.145953),fov=102.724777,dt=0.018815},
	{cf=CFrame.new(0.981445,418.212769,-1.193298,-0.696318,-0.629479,-0.344815,0.150168,0.342016,-0.927618,0.701848,-0.697698,-0.143624),fov=104.478630,dt=0.016027},
	{cf=CFrame.new(0.981598,417.896912,-1.189606,-0.714484,-0.624652,-0.315154,0.144230,0.309270,-0.939973,0.684624,-0.717051,-0.130875),fov=106.228584,dt=0.015563},
	{cf=CFrame.new(0.981689,417.671143,-1.185425,-0.764449,-0.599243,-0.237752,0.119738,0.230397,-0.965702,0.633467,-0.766698,-0.104375),fov=107.954475,dt=0.015822},
	{cf=CFrame.new(0.981689,417.390839,-1.181000,-0.821461,-0.553456,-0.137435,0.076709,0.131569,-0.988334,0.565082,-0.822421,-0.065624),fov=109.634514,dt=0.016474},
	{cf=CFrame.new(0.981659,417.132660,-1.176361,-0.802595,-0.574305,-0.161289,0.090023,0.150674,-0.984476,0.589692,-0.804656,-0.069230),fov=111.245537,dt=0.016643},
	{cf=CFrame.new(0.981476,416.897949,-1.171448,-0.777572,-0.596852,-0.197865,0.102526,0.190120,-0.976393,0.620380,-0.779501,-0.086639),fov=112.763062,dt=0.016837},
	{cf=CFrame.new(0.981201,416.687744,-1.166595,-0.774806,-0.592786,-0.219727,0.087297,0.243912,-0.965860,0.626142,-0.767536,-0.137236),fov=114.161728,dt=0.016394},
	{cf=CFrame.new(0.980896,416.501587,-1.161407,-0.776107,-0.588876,-0.225572,0.069500,0.275654,-0.958741,0.626759,-0.759764,-0.173010),fov=115.415482,dt=0.017173},
	{cf=CFrame.new(0.980530,416.338623,-1.156067,-0.784121,-0.593567,-0.181195,0.048808,0.232079,-0.971472,0.618685,-0.770596,-0.153007),fov=116.497948,dt=0.017082},
	{cf=CFrame.new(0.980164,416.198029,-1.150848,-0.787428,-0.602815,-0.128725,0.026488,0.175547,-0.984115,0.615836,-0.778330,-0.122263),fov=116.497948,dt=0.016036},
	{cf=CFrame.new(0.979675,416.078979,-1.145477,-0.776320,-0.620357,-0.111736,0.016811,0.156823,-0.987484,0.630115,-0.768481,-0.111316),fov=118.044609,dt=0.016412},
	{cf=CFrame.new(0.979065,415.980804,-1.139893,-0.765593,-0.632865,-0.115534,0.020650,0.155321,-0.987648,0.642993,-0.758523,-0.105843),fov=118.458435,dt=0.017093},
	{cf=CFrame.new(0.978485,415.902588,-1.134033,-0.751630,-0.643569,-0.144467,0.035978,0.178698,-0.983246,0.658603,-0.744235,-0.111161),fov=118.601196,dt=0.017238},
	{cf=CFrame.new(0.977875,415.843292,-1.128540,-0.744781,-0.645890,-0.167712,0.046667,0.200296,-0.978623,0.665675,-0.736686,-0.119035),fov=118.598137,dt=0.015878},
	{cf=CFrame.new(0.977203,415.802521,-1.122711,-0.752440,-0.638021,-0.163596,0.049983,0.192350,-0.980053,0.656762,-0.745608,-0.112842),fov=118.576591,dt=0.017941},
	{cf=CFrame.new(0.976685,415.779266,-1.116882,-0.763460,-0.628000,-0.150812,0.049846,0.175517,-0.983214,0.643928,-0.758162,-0.102697),fov=118.518120,dt=0.017798},
	{cf=CFrame.new(0.976196,415.772583,-1.111847,-0.768131,-0.623234,-0.146813,0.051647,0.168235,-0.984393,0.638206,-0.763725,-0.097038),fov=118.404419,dt=0.016933},
	{cf=CFrame.new(0.975677,415.773926,-1.106964,-0.760555,-0.629310,-0.159767,0.059747,0.177190,-0.982361,0.646518,-0.756685,-0.097163),fov=118.217239,dt=0.017057},
	{cf=CFrame.new(0.975342,415.775055,-1.102478,-0.745583,-0.640767,-0.183093,0.073272,0.194257,-0.978210,0.662372,-0.742752,-0.097885),fov=117.938667,dt=0.015751},
	{cf=CFrame.new(0.975037,415.776154,-1.098175,-0.729140,-0.651361,-0.209961,0.088123,0.214882,-0.972656,0.678667,-0.727705,-0.099280),fov=117.551270,dt=0.015563},
	{cf=CFrame.new(0.974762,415.777283,-1.093811,-0.718745,-0.656396,-0.229236,0.098421,0.230331,-0.968122,0.688272,-0.718395,-0.100946),fov=117.038193,dt=0.016196},
	{cf=CFrame.new(0.974396,415.778290,-1.089661,-0.715650,-0.653401,-0.246805,0.107709,0.245889,-0.963295,0.690104,-0.715965,-0.105593),fov=116.383499,dt=0.016348},
	{cf=CFrame.new(0.974121,415.779236,-1.085480,-0.727302,-0.635951,-0.258066,0.113708,0.259164,-0.959117,0.676832,-0.726912,-0.116177),fov=115.572357,dt=0.016661},
	{cf=CFrame.new(0.973816,415.780212,-1.081360,-0.747774,-0.607314,-0.268337,0.119706,0.274210,-0.954190,0.653073,-0.745640,-0.132348),fov=114.591354,dt=0.017081},
	{cf=CFrame.new(0.973572,415.780823,-1.077393,-0.769813,-0.575231,-0.276582,0.125700,0.288212,-0.949281,0.625770,-0.765535,-0.149562),fov=113.428810,dt=0.016152},
	{cf=CFrame.new(0.973358,415.781433,-1.073395,-0.787218,-0.548186,-0.282452,0.131235,0.298611,-0.945309,0.602548,-0.781232,-0.163131),fov=112.075104,dt=0.016785},
	{cf=CFrame.new(0.973114,415.781982,-1.069611,-0.794794,-0.535159,-0.286194,0.135571,0.303099,-0.943266,0.591543,-0.788502,-0.168349),fov=110.523048,dt=0.016436},
	{cf=CFrame.new(0.972687,415.782166,-1.067047,-0.784622,-0.541515,-0.301876,0.148686,0.308349,-0.939582,0.601881,-0.782101,-0.161422),fov=108.768181,dt=0.016665},
	{cf=CFrame.new(0.972137,415.781677,-1.065216,-0.756036,-0.561114,-0.336989,0.174870,0.322980,-0.930110,0.630738,-0.762126,-0.146062),fov=106.809105,dt=0.017682},
	{cf=CFrame.new(0.971527,415.781036,-1.064758,-0.714931,-0.585431,-0.382288,0.204708,0.347538,-0.915047,0.668557,-0.732453,-0.128624),fov=58.959854,dt=0.015109},
	{cf=CFrame.new(0.970703,415.779694,-1.065094,-0.668351,-0.606835,-0.430183,0.229469,0.381914,-0.895257,0.707567,-0.697060,-0.116002),fov=53.182194,dt=0.017650},
	{cf=CFrame.new(0.969940,415.778351,-1.065277,-0.624858,-0.619358,-0.475340,0.241628,0.425530,-0.872090,0.742406,-0.659788,-0.116241),fov=50.201199,dt=0.015749},
	{cf=CFrame.new(1.099579,415.019257,-1.134735,-0.597842,-0.616795,-0.512005,0.232735,0.477650,-0.847163,0.767085,-0.625631,-0.142009),fov=48.800758,dt=0.016862},
	{cf=CFrame.new(64.328857,48.088577,-34.766144,-0.569035,0.331568,0.752503,0.050534,0.927476,-0.370451,-0.820759,-0.172773,-0.544522),fov=48.277214,dt=0.018108},
	{cf=CFrame.new(64.926880,43.993767,-35.119751,-0.573509,0.256180,0.778113,0.004348,0.950784,-0.309824,-0.819188,-0.174304,-0.546397),fov=48.107067,dt=0.020321},
	{cf=CFrame.new(65.250763,41.736855,-35.279266,-0.561004,0.173749,0.809374,0.029299,0.981280,-0.190344,-0.827295,-0.083070,-0.555592),fov=47.844028,dt=0.018684},
	{cf=CFrame.new(65.356506,41.049461,-35.383087,-0.550460,0.087729,0.830239,0.083002,0.995287,-0.050137,-0.830725,0.041314,-0.555148),fov=47.494835,dt=0.019133},
	{cf=CFrame.new(65.410614,40.803513,-35.557007,-0.551535,0.013247,0.834046,0.116340,0.991323,0.061188,-0.825999,0.130780,-0.548291),fov=50.404850,dt=0.019473},
	{cf=CFrame.new(65.473846,40.457478,-35.791199,-0.561410,-0.063181,0.825122,0.130008,0.977966,0.163341,-0.817262,0.198974,-0.540826),fov=56.789253,dt=0.018907},
	{cf=CFrame.new(65.552979,39.856785,-36.078369,-0.585952,-0.209899,0.782689,0.021016,0.961610,0.273615,-0.810073,0.176774,-0.559046),fov=60.878113,dt=0.012779},
	{cf=CFrame.new(65.583374,39.425465,-36.295135,-0.587908,-0.287626,0.756066,-0.020154,0.939570,0.341764,-0.808677,0.185688,-0.558177),fov=60.826996,dt=0.026205},
	{cf=CFrame.new(65.612640,38.812954,-36.601868,-0.586773,-0.352320,0.729087,-0.003532,0.901489,0.432787,-0.809744,0.251372,-0.530214),fov=60.444271,dt=0.023768},
	{cf=CFrame.new(66.410919,37.567738,-36.143677,-0.583483,-0.383859,0.715682,0.041630,0.865950,0.498396,-0.811058,0.320599,-0.489286),fov=60.131382,dt=0.024504},
	{cf=CFrame.new(67.119812,36.864994,-35.329437,-0.558029,-0.371358,0.742090,0.048176,0.878270,0.475732,-0.828422,0.301223,-0.472209),fov=59.750542,dt=0.015315},
	{cf=CFrame.new(67.121429,36.318886,-35.346832,-0.549033,-0.340519,0.763288,0.024371,0.906332,0.421864,-0.835445,0.250219,-0.489308),fov=59.311726,dt=0.018442},
	{cf=CFrame.new(67.122925,36.093262,-35.361816,-0.550519,-0.316372,0.772552,0.000987,0.925162,0.379571,-0.834822,0.209723,-0.509007),fov=58.824795,dt=0.016248},
	{cf=CFrame.new(67.123932,35.841576,-35.377014,-0.560143,-0.281087,0.779249,-0.034902,0.947846,0.316814,-0.827660,0.150264,-0.540740),fov=58.299335,dt=0.012591},
	{cf=CFrame.new(67.125427,35.790905,-35.393372,-0.564036,-0.272556,0.779472,-0.044000,0.952535,0.301232,-0.824577,0.135609,-0.549256),fov=57.744698,dt=0.017257},
	{cf=CFrame.new(67.126953,35.770271,-35.412170,-0.564709,-0.270430,0.779725,-0.047213,0.953828,0.296620,-0.823939,0.130691,-0.551402),fov=57.169682,dt=0.017968},
	{cf=CFrame.new(67.128113,35.766342,-35.432556,-0.562143,-0.273546,0.780492,-0.047816,0.952889,0.299528,-0.825657,0.131058,-0.548740),fov=56.582626,dt=0.015557},
	{cf=CFrame.new(67.129486,35.762600,-35.453369,-0.558730,-0.278604,0.781154,-0.048053,0.951179,0.304875,-0.827956,0.132806,-0.544840),fov=55.991352,dt=0.018943},
	{cf=CFrame.new(67.130066,35.761532,-35.471985,-0.554661,-0.286045,0.781364,-0.047454,0.948399,0.313508,-0.830722,0.136811,-0.539614),fov=55.403118,dt=0.013465},
	{cf=CFrame.new(67.130676,35.760826,-35.488098,-0.551436,-0.293557,0.780860,-0.045976,0.945311,0.322913,-0.832949,0.142165,-0.534775),fov=54.824669,dt=0.013464},
	{cf=CFrame.new(67.131012,35.760788,-35.504791,-0.548301,-0.302307,0.779728,-0.043692,0.941458,0.334287,-0.835138,0.149222,-0.529411),fov=54.262218,dt=0.014309},
	{cf=CFrame.new(67.130920,35.762501,-35.525085,-0.544415,-0.315369,0.777274,-0.039865,0.935313,0.351568,-0.837868,0.160413,-0.521770),fov=53.721508,dt=0.013154},
	{cf=CFrame.new(67.130829,35.764111,-35.541656,-0.541824,-0.325483,0.774912,-0.037053,0.930327,0.364854,-0.839675,0.168974,-0.516133),fov=53.207870,dt=0.012148},
	{cf=CFrame.new(67.130798,35.765881,-35.560425,-0.539537,-0.335372,0.772285,-0.034730,0.925329,0.377570,-0.841245,0.176892,-0.510897),fov=53.207870,dt=0.017918},
	{cf=CFrame.new(67.130005,35.769737,-35.583313,-0.537167,-0.346591,0.768977,-0.034098,0.919855,0.390774,-0.842786,0.183691,-0.505934),fov=52.726246,dt=0.015983},
	{cf=CFrame.new(67.128967,35.774418,-35.606812,-0.535572,-0.354351,0.766550,-0.037418,0.916774,0.397651,-0.843660,0.184288,-0.504257),fov=52.281258,dt=0.016057},
	{cf=CFrame.new(67.127594,35.779835,-35.631317,-0.535329,-0.359535,0.764301,-0.043670,0.915452,0.400051,-0.843514,0.180782,-0.505769),fov=51.877312,dt=0.017683},
	{cf=CFrame.new(67.125885,35.785961,-35.655945,-0.536640,-0.364021,0.761253,-0.050558,0.914411,0.401618,-0.842296,0.177036,-0.509113),fov=51.518646,dt=0.016223},
	{cf=CFrame.new(67.123871,35.792439,-35.681396,-0.539025,-0.367825,0.757731,-0.057641,0.913609,0.402489,-0.840315,0.173275,-0.513659),fov=51.209400,dt=0.015977},
	{cf=CFrame.new(67.121857,35.799377,-35.707520,-0.542015,-0.370958,0.754062,-0.064472,0.913010,0.402810,-0.837892,0.169713,-0.518781),fov=50.953724,dt=0.016626},
	{cf=CFrame.new(67.119690,35.806709,-35.734161,-0.545142,-0.373418,0.750586,-0.070592,0.912587,0.402743,-0.835366,0.166567,-0.523850),fov=50.755848,dt=0.016826},
	{cf=CFrame.new(67.117432,35.814396,-35.761108,-0.547945,-0.375194,0.747654,-0.075539,0.912314,0.402464,-0.833097,0.164051,-0.528240),fov=50.620190,dt=0.016371},
	{cf=CFrame.new(67.115051,35.822475,-35.788879,-0.549972,-0.376268,0.745623,-0.078848,0.912170,0.402155,-0.831453,0.162383,-0.531336),fov=50.551464,dt=0.018094},
	{cf=CFrame.new(67.112366,35.830830,-35.816559,-0.555023,-0.374492,0.742769,-0.080736,0.912964,0.399972,-0.827908,0.162026,-0.536951),fov=50.518631,dt=0.015916},
	{cf=CFrame.new(67.109467,35.839516,-35.844666,-0.554758,-0.374600,0.742912,-0.079643,0.912719,0.400750,-0.828191,0.163152,-0.536172),fov=50.487293,dt=0.016169},
	{cf=CFrame.new(67.106445,35.848499,-35.873260,-0.554048,-0.374855,0.743313,-0.076580,0.912049,0.402868,-0.828955,0.166285,-0.534026),fov=50.457420,dt=0.017102},
	{cf=CFrame.new(67.103180,35.857746,-35.902161,-0.553019,-0.375155,0.743928,-0.071866,0.911041,0.406004,-0.830064,0.171065,-0.530783),fov=50.428959,dt=0.017292},
	{cf=CFrame.new(67.099487,35.867214,-35.931091,-0.551792,-0.375395,0.744717,-0.065815,0.909782,0.409836,-0.831381,0.177131,-0.526717),fov=50.401890,dt=0.015633},
	{cf=CFrame.new(67.095581,35.876976,-35.960449,-0.550489,-0.375474,0.745641,-0.058746,0.908360,0.414042,-0.832773,0.184122,-0.522100),fov=50.376160,dt=0.017198},
	{cf=CFrame.new(67.091370,35.886955,-35.989960,-0.549234,-0.375284,0.746662,-0.050981,0.906873,0.418308,-0.834112,0.191683,-0.517218),fov=50.351742,dt=0.017088},
	{cf=CFrame.new(67.086639,35.897118,-36.019562,-0.548147,-0.374717,0.747745,-0.042844,0.905429,0.422329,-0.835284,0.199462,-0.512363),fov=50.328598,dt=0.016045},
	{cf=CFrame.new(67.081757,35.907578,-36.049377,-0.547346,-0.373660,0.748859,-0.034662,0.904148,0.425810,-0.836188,0.207108,-0.507834),fov=50.306686,dt=0.017580},
	{cf=CFrame.new(67.076324,35.918175,-36.079193,-0.546951,-0.371998,0.749975,-0.026764,0.903163,0.428463,-0.836737,0.214276,-0.503942),fov=50.285984,dt=0.016254},
	{cf=CFrame.new(67.070435,35.928955,-36.109009,-0.547082,-0.369612,0.751058,-0.019478,0.902615,0.430008,-0.836852,0.220620,-0.501003),fov=50.266438,dt=0.015923},
	{cf=CFrame.new(67.064178,35.939987,-36.138885,-0.547857,-0.366381,0.752076,-0.013131,0.902652,0.430170,-0.836469,0.225796,-0.499335),fov=50.248020,dt=0.016813},
	{cf=CFrame.new(67.057281,35.951336,-36.168243,-0.548804,-0.361848,0.753578,-0.008396,0.903803,0.427867,-0.835909,0.228488,-0.499049),fov=50.230694,dt=0.016371},
	{cf=CFrame.new(67.049835,35.963066,-36.196960,-0.549744,-0.357367,0.755030,-0.003744,0.904912,0.425582,-0.835325,0.231134,-0.498808),fov=50.214436,dt=0.017340},
	{cf=CFrame.new(67.041656,35.974987,-36.225159,-0.550667,-0.352982,0.756419,0.000781,0.905971,0.423339,-0.834725,0.233709,-0.498613),fov=50.199207,dt=0.016364},
	{cf=CFrame.new(67.033173,35.987522,-36.252441,-0.551569,-0.348736,0.757730,0.005134,0.906972,0.421160,-0.834114,0.236189,-0.498467),fov=50.171665,dt=0.019569},
	{cf=CFrame.new(67.023865,36.000320,-36.278961,-0.552444,-0.344672,0.758951,0.009272,0.907907,0.419069,-0.833499,0.238549,-0.498372),fov=50.159302,dt=0.018752},
	{cf=CFrame.new(67.010681,36.015663,-36.312103,-0.553490,-0.339944,0.760320,0.014043,0.908968,0.416629,-0.832737,0.241278,-0.498331),fov=50.147812,dt=0.016766},
	{cf=CFrame.new(66.999146,36.028542,-36.336914,-0.554267,-0.337007,0.761061,0.017188,0.909536,0.415271,-0.832161,0.243252,-0.498333),fov=50.137192,dt=0.017422},
	{cf=CFrame.new(66.985138,36.041485,-36.359436,-0.554951,-0.335948,0.761031,0.019052,0.909457,0.415361,-0.831665,0.245004,-0.498304),fov=50.127384,dt=0.018402},
	{cf=CFrame.new(66.967194,36.056988,-36.388214,-0.555804,-0.334621,0.760993,0.021381,0.909354,0.415474,-0.831038,0.247193,-0.498269),fov=50.118374,dt=0.017979},
	{cf=CFrame.new(66.953278,36.070793,-36.409149,-0.556487,-0.333559,0.760961,0.023243,0.909267,0.415564,-0.830531,0.248943,-0.498242),fov=50.110104,dt=0.021359},
	{cf=CFrame.new(66.939728,36.086338,-36.427094,-0.557168,-0.332495,0.760928,0.025104,0.909176,0.415655,-0.830021,0.250692,-0.498216),fov=50.095711,dt=0.027044},
	{cf=CFrame.new(66.910339,36.110741,-36.472717,-0.558527,-0.330363,0.760860,0.028824,0.908983,0.415837,-0.828985,0.254187,-0.498169),fov=50.089504,dt=0.022671},
	{cf=CFrame.new(66.896576,36.126621,-36.489441,-0.559206,-0.329295,0.760824,0.030682,0.908880,0.415928,-0.828461,0.255933,-0.498148),fov=50.078930,dt=0.027275},
	{cf=CFrame.new(66.869629,36.147282,-36.528900,-0.560333,-0.327754,0.760660,0.033312,0.908714,0.416087,-0.827597,0.258487,-0.498264),fov=50.074493,dt=0.016430},
	{cf=CFrame.new(66.846497,36.162201,-36.551605,-0.560890,-0.328115,0.760094,0.032456,0.908689,0.416210,-0.827254,0.258117,-0.499025),fov=50.070583,dt=0.017220},
	{cf=CFrame.new(66.827393,36.174679,-36.567383,-0.561342,-0.328512,0.759588,0.031571,0.908670,0.416320,-0.826981,0.257679,-0.499703),fov=50.067146,dt=0.017470},
	{cf=CFrame.new(66.807404,36.186611,-36.582642,-0.561802,-0.328983,0.759044,0.030513,0.908663,0.416415,-0.826708,0.257104,-0.500450),fov=50.064178,dt=0.016443},
	{cf=CFrame.new(66.786682,36.198353,-36.596649,-0.562270,-0.329503,0.758472,0.029289,0.908678,0.416470,-0.826435,0.256383,-0.501272),fov=50.061630,dt=0.017196},
	{cf=CFrame.new(66.765198,36.210232,-36.608704,-0.562748,-0.330048,0.757881,0.027905,0.908726,0.416459,-0.826157,0.255510,-0.502174),fov=50.059475,dt=0.019508},
	{cf=CFrame.new(66.736969,36.223404,-36.624512,-0.563358,-0.330728,0.757131,0.025965,0.908847,0.416320,-0.825805,0.254197,-0.503419),fov=50.057678,dt=0.019682},
	{cf=CFrame.new(66.713348,36.233391,-36.636230,-0.563859,-0.331240,0.756533,0.024247,0.909009,0.416072,-0.825515,0.252950,-0.504521),fov=50.056210,dt=0.016235},
	{cf=CFrame.new(66.682495,36.244526,-36.651276,-0.564504,-0.331808,0.755803,0.021920,0.909299,0.415566,-0.825139,0.251156,-0.506029),fov=50.055031,dt=0.017105},
	{cf=CFrame.new(66.663452,36.251839,-36.657196,-0.564902,-0.332077,0.755388,0.020407,0.909544,0.415107,-0.824905,0.249910,-0.507027),fov=50.054115,dt=0.017387},
	{cf=CFrame.new(66.630341,36.261593,-36.670135,-0.565584,-0.332416,0.754728,0.017764,0.910042,0.414135,-0.824499,0.247635,-0.508801),fov=50.052925,dt=0.017981},
	{cf=CFrame.new(66.602753,36.268974,-36.678833,-0.566151,-0.332532,0.754252,0.015510,0.910560,0.413086,-0.824156,0.245567,-0.510356),fov=50.052601,dt=0.016350},
	{cf=CFrame.new(66.574188,36.275795,-36.686432,-0.566737,-0.332491,0.753829,0.013148,0.911188,0.411782,-0.823794,0.243283,-0.512032),fov=50.052399,dt=0.017162},
	{cf=CFrame.new(66.544678,36.281849,-36.693329,-0.567346,-0.332268,0.753470,0.010685,0.911935,0.410195,-0.823410,0.240773,-0.513832),fov=50.052292,dt=0.016238},
	{cf=CFrame.new(66.514130,36.287373,-36.698944,-0.567978,-0.331839,0.753182,0.008127,0.912812,0.408298,-0.823004,0.238026,-0.515760),fov=50.052258,dt=0.017308},
	{cf=CFrame.new(66.482605,36.292156,-36.703613,-0.568638,-0.331179,0.752975,0.005482,0.913828,0.406066,-0.822570,0.235032,-0.517821),fov=50.052250,dt=0.016894},
	{cf=CFrame.new(66.450073,36.296356,-36.706909,-0.569327,-0.330263,0.752857,0.002755,0.914989,0.403470,-0.822107,0.231781,-0.520017),fov=50.211769,dt=0.017789},
	{cf=CFrame.new(66.416473,36.299633,-36.709473,-0.570049,-0.329064,0.752835,-0.000045,0.916304,0.400482,-0.821610,0.228261,-0.522354),fov=18.057289,dt=0.015286},
	{cf=CFrame.new(66.381836,36.302319,-36.710632,-0.570807,-0.327558,0.752918,-0.002913,0.917782,0.397074,-0.821079,0.224459,-0.524830),fov=18.190578,dt=0.016140},
	{cf=CFrame.new(66.346161,36.304344,-36.710236,-0.571604,-0.325719,0.753111,-0.005841,0.919427,0.393217,-0.820509,0.220365,-0.527451),fov=18.325832,dt=0.017155},
	{cf=CFrame.new(66.251160,36.272560,-36.677399,-0.573167,-0.323061,0.753068,-0.009026,0.921438,0.388421,-0.819389,0.215833,-0.531053),fov=18.463095,dt=0.020950},
	{cf=CFrame.new(2.632050,-0.051205,-3.383575,-0.996168,-0.007407,-0.087148,-0.002494,0.998408,-0.056346,0.087427,-0.055913,-0.994601),fov=18.602411,dt=0.024966},
	{cf=CFrame.new(2.627350,-0.052215,-3.383575,-0.996168,-0.007407,-0.087149,-0.002494,0.998408,-0.056346,0.087427,-0.055913,-0.994600),fov=18.743826,dt=0.020623},
	{cf=CFrame.new(2.623413,-0.053068,-3.383392,-0.996168,-0.007407,-0.087149,-0.002494,0.998408,-0.056346,0.087427,-0.055913,-0.994600),fov=18.974575,dt=0.019932},
	{cf=CFrame.new(2.619476,-0.054058,-3.383545,-0.996168,-0.007407,-0.087149,-0.002494,0.998408,-0.056346,0.087427,-0.055913,-0.994600),fov=19.062565,dt=0.018714},
	{cf=CFrame.new(2.616302,-0.054821,-3.383392,-0.996168,-0.007407,-0.087149,-0.002494,0.998408,-0.056346,0.087427,-0.055913,-0.994600),fov=19.151363,dt=0.019148},
	{cf=CFrame.new(2.612946,-0.055738,-3.383514,-0.996168,-0.007407,-0.087149,-0.002494,0.998408,-0.056346,0.087427,-0.055913,-0.994600),fov=19.240988,dt=0.018474},
	{cf=CFrame.new(2.611115,-0.056190,-3.382935,-0.996168,-0.007407,-0.087149,-0.002494,0.998408,-0.056346,0.087427,-0.055913,-0.994600),fov=19.331450,dt=0.020782},
	{cf=CFrame.new(2.608734,-0.057008,-3.383209,-0.996168,-0.007407,-0.087149,-0.002494,0.998408,-0.056346,0.087427,-0.055913,-0.994600),fov=19.514921,dt=0.019067},
	{cf=CFrame.new(2.606354,-0.057940,-3.383789,-0.996168,-0.007407,-0.087149,-0.002494,0.998408,-0.056346,0.087427,-0.055913,-0.994600),fov=19.607952,dt=0.017913},
	{cf=CFrame.new(2.604523,-0.058823,-3.384430,-0.996168,-0.007407,-0.087149,-0.002494,0.998408,-0.056346,0.087427,-0.055913,-0.994600),fov=19.701870,dt=0.020137},
	{cf=CFrame.new(2.602203,-0.060009,-3.385590,-0.996168,-0.007407,-0.087148,-0.002494,0.998408,-0.056346,0.087427,-0.055913,-0.994601),fov=19.796682,dt=0.019569},
	{cf=CFrame.new(2.599854,-0.061285,-3.387054,-0.996168,-0.007407,-0.087149,-0.002494,0.998408,-0.056346,0.087427,-0.055913,-0.994600),fov=19.892405,dt=0.019947},
	{cf=CFrame.new(2.598053,-0.062460,-3.388458,-0.996168,-0.007407,-0.087149,-0.002494,0.998408,-0.056346,0.087427,-0.055913,-0.994600),fov=19.989046,dt=0.019000},
	{cf=CFrame.new(2.595734,-0.063869,-3.390228,-0.996168,-0.007407,-0.087149,-0.002494,0.998408,-0.056346,0.087427,-0.055913,-0.994600),fov=20.086618,dt=0.019313},
	{cf=CFrame.new(2.594421,-0.064961,-3.391724,-0.996168,-0.007407,-0.087148,-0.002494,0.998408,-0.056346,0.087427,-0.055913,-0.994601),fov=20.185137,dt=0.017314},
	{cf=CFrame.new(2.591553,-0.066556,-3.393921,-0.996168,-0.007407,-0.087149,-0.002494,0.998408,-0.056346,0.087427,-0.055913,-0.994600),fov=20.271080,dt=0.014599},
	{cf=CFrame.new(2.590149,-0.067564,-3.395355,-0.996168,-0.007407,-0.087149,-0.002494,0.998408,-0.056346,0.087428,-0.055913,-0.994600),fov=20.357750,dt=0.012918},
	{cf=CFrame.new(2.588806,-0.068710,-3.397034,-0.996168,-0.007407,-0.087149,-0.002494,0.998408,-0.056346,0.087427,-0.055913,-0.994600),fov=20.445152,dt=0.015451},
	{cf=CFrame.new(2.585571,-0.069961,-3.407013,-0.996168,-0.007407,-0.087148,-0.002494,0.998408,-0.056346,0.087427,-0.055913,-0.994601),fov=20.533304,dt=0.012752},
	{cf=CFrame.new(2.582214,-0.071014,-3.420807,-0.996168,-0.007407,-0.087149,-0.002494,0.998408,-0.056346,0.087427,-0.055913,-0.994600),fov=20.622210,dt=0.011916},
	{cf=CFrame.new(2.578857,-0.072289,-3.434998,-0.996168,-0.007407,-0.087149,-0.002494,0.998408,-0.056346,0.087427,-0.055913,-0.994600),fov=20.622210,dt=0.016170},
	{cf=CFrame.new(2.574371,-0.073895,-3.453827,-0.996168,-0.007407,-0.087149,-0.002494,0.998408,-0.056346,0.087427,-0.055913,-0.994600),fov=20.507397,dt=0.018552},
	{cf=CFrame.new(2.569824,-0.075401,-3.472443,-0.996168,-0.007407,-0.087149,-0.002494,0.998408,-0.056346,0.087427,-0.055913,-0.994600),fov=20.393843,dt=0.015835},
	{cf=CFrame.new(2.565338,-0.076956,-3.491211,-0.996168,-0.007407,-0.087149,-0.002494,0.998408,-0.056346,0.087427,-0.055913,-0.994600),fov=20.281525,dt=0.016223},
	{cf=CFrame.new(2.561096,-0.078514,-3.525238,-0.996168,-0.007407,-0.087149,-0.002494,0.998408,-0.056346,0.087427,-0.055913,-0.994600),fov=20.170422,dt=0.017179},
	{cf=CFrame.new(2.557068,-0.079975,-3.559113,-0.996168,-0.007407,-0.087149,-0.002494,0.998408,-0.056346,0.087427,-0.055913,-0.994600),fov=20.060522,dt=0.015929},
	{cf=CFrame.new(2.553345,-0.081479,-3.593140,-0.996168,-0.007407,-0.087149,-0.002494,0.998408,-0.056346,0.087427,-0.055913,-0.994600),fov=19.951801,dt=0.017798},
	{cf=CFrame.new(2.549713,-0.082869,-3.626923,-0.996168,-0.007407,-0.087149,-0.002494,0.998408,-0.056346,0.087427,-0.055913,-0.994600),fov=19.764315,dt=0.015903},
	{cf=CFrame.new(2.546326,-0.084248,-3.660706,-0.996168,-0.007407,-0.087149,-0.002494,0.998408,-0.056346,0.087427,-0.055913,-0.994600),fov=19.580290,dt=0.016269},
	{cf=CFrame.new(2.542847,-0.085629,-3.694580,-0.996168,-0.007407,-0.087149,-0.002494,0.998408,-0.056346,0.087427,-0.055913,-0.994600),fov=19.399624,dt=0.017098},
	{cf=CFrame.new(2.535736,-0.087516,-3.752747,-0.996168,-0.007407,-0.087149,-0.002494,0.998408,-0.056346,0.087427,-0.055913,-0.994600),fov=19.222233,dt=0.016277},
	{cf=CFrame.new(2.528839,-0.089417,-3.810974,-0.996168,-0.007407,-0.087149,-0.002494,0.998408,-0.056346,0.087427,-0.055913,-0.994600),fov=19.244148,dt=0.017241},
	{cf=CFrame.new(2.522064,-0.091273,-3.869141,-0.996168,-0.007407,-0.087149,-0.002494,0.998408,-0.056346,0.087427,-0.055913,-0.994600),fov=19.266115,dt=0.016603},
	{cf=CFrame.new(2.515442,-0.093132,-3.927277,-0.996168,-0.007407,-0.087149,-0.002494,0.998408,-0.056346,0.087427,-0.055913,-0.994600),fov=19.288130,dt=0.017255},
	{cf=CFrame.new(2.517426,-0.093626,-3.929810,-0.996168,-0.007407,-0.087149,-0.002494,0.998408,-0.056346,0.087427,-0.055913,-0.994600),fov=19.310200,dt=0.015759},
	{cf=CFrame.new(2.519226,-0.094178,-3.932587,-0.996168,-0.007407,-0.087149,-0.002494,0.998408,-0.056346,0.087427,-0.055913,-0.994600),fov=19.336008,dt=0.016613},
	{cf=CFrame.new(2.520630,-0.094766,-3.935638,-0.996168,-0.007407,-0.087149,-0.002494,0.998408,-0.056346,0.087427,-0.055913,-0.994600),fov=19.361879,dt=0.016857},
	{cf=CFrame.new(2.521790,-0.095369,-3.938873,-0.996168,-0.007407,-0.087149,-0.002494,0.998408,-0.056346,0.087427,-0.055913,-0.994600),fov=19.387823,dt=0.016546},
	{cf=CFrame.new(2.522675,-0.096026,-3.942627,-0.996168,-0.007407,-0.087149,-0.002494,0.998408,-0.056346,0.087427,-0.055913,-0.994600),fov=19.413836,dt=0.017245},
	{cf=CFrame.new(2.523224,-0.096677,-3.946472,-0.996168,-0.007407,-0.087149,-0.002494,0.998408,-0.056346,0.087427,-0.055913,-0.994600),fov=19.439919,dt=0.016452},
	{cf=CFrame.new(2.523590,-0.097354,-3.950470,-0.996168,-0.007407,-0.087149,-0.002494,0.998408,-0.056346,0.087427,-0.055913,-0.994600),fov=19.466068,dt=0.016423},
	{cf=CFrame.new(2.523712,-0.098054,-3.954620,-0.996168,-0.007407,-0.087149,-0.002494,0.998408,-0.056346,0.087427,-0.055913,-0.994600),fov=19.488541,dt=0.016377},
	{cf=CFrame.new(2.523621,-0.098817,-3.959045,-0.996168,-0.007407,-0.087149,-0.002494,0.998408,-0.056346,0.087427,-0.055913,-0.994600),fov=19.511065,dt=0.017325},
	{cf=CFrame.new(2.523438,-0.099521,-3.963287,-0.996168,-0.007407,-0.087149,-0.002494,0.998408,-0.056346,0.087427,-0.055913,-0.994600),fov=19.533638,dt=0.016378},
	{cf=CFrame.new(2.523102,-0.100226,-3.967316,-0.996168,-0.007407,-0.087149,-0.002494,0.998408,-0.056346,0.087427,-0.055913,-0.994600),fov=19.556261,dt=0.016703},
	{cf=CFrame.new(2.522644,-0.100911,-3.971283,-0.996168,-0.007407,-0.087149,-0.002494,0.998408,-0.056346,0.087427,-0.055913,-0.994600),fov=19.578941,dt=0.016460},
	{cf=CFrame.new(2.522095,-0.101605,-3.975311,-0.996168,-0.007407,-0.087149,-0.002494,0.998408,-0.056346,0.087427,-0.055913,-0.994600),fov=19.601671,dt=0.017022},
	{cf=CFrame.new(2.521454,-0.102262,-3.979187,-0.996168,-0.007407,-0.087149,-0.002494,0.998408,-0.056346,0.087427,-0.055913,-0.994600),fov=19.624454,dt=0.016297},
	{cf=CFrame.new(2.520752,-0.102914,-3.983124,-0.996168,-0.007407,-0.087149,-0.002494,0.998408,-0.056346,0.087427,-0.055913,-0.994600),fov=19.647291,dt=0.016343},
	{cf=CFrame.new(2.520233,-0.103538,-3.986877,-0.996168,-0.007407,-0.087149,-0.002494,0.998408,-0.056346,0.087427,-0.055913,-0.994600),fov=19.670176,dt=0.016931},
	{cf=CFrame.new(2.519958,-0.104122,-3.990509,-0.996168,-0.007407,-0.087149,-0.002494,0.998408,-0.056346,0.087427,-0.055913,-0.994600),fov=19.693117,dt=0.017146},
	{cf=CFrame.new(2.519897,-0.104675,-3.993988,-0.996168,-0.007407,-0.087149,-0.002494,0.998408,-0.056346,0.087427,-0.055913,-0.994600),fov=19.739155,dt=0.017508},
	{cf=CFrame.new(2.519989,-0.105171,-3.997253,-0.996168,-0.007407,-0.087149,-0.002494,0.998408,-0.056346,0.087427,-0.055913,-0.994600),fov=19.762257,dt=0.017029},
	{cf=CFrame.new(2.520386,-0.105702,-4.000549,-0.996168,-0.007407,-0.087149,-0.002494,0.998408,-0.056346,0.087427,-0.055913,-0.994600),fov=19.785410,dt=0.019717},
	{cf=CFrame.new(2.521027,-0.106173,-4.004059,-0.996168,-0.007407,-0.087149,-0.002494,0.998408,-0.056346,0.087427,-0.055913,-0.994600),fov=19.808617,dt=0.018960},
	{cf=CFrame.new(2.521637,-0.106643,-4.007538,-0.996168,-0.007407,-0.087149,-0.002494,0.998408,-0.056346,0.087427,-0.055913,-0.994600),fov=19.909761,dt=0.018447},
	{cf=CFrame.new(2.522156,-0.107188,-4.010895,-0.996168,-0.007407,-0.087149,-0.002494,0.998408,-0.056346,0.087427,-0.055913,-0.994600),fov=20.011936,dt=0.018119},
	{cf=CFrame.new(2.522644,-0.107780,-4.014832,-0.996168,-0.007407,-0.087149,-0.002494,0.998408,-0.056346,0.087427,-0.055913,-0.994600),fov=20.271961,dt=0.017959},
	{cf=CFrame.new(2.523132,-0.108466,-4.018738,-0.996168,-0.007407,-0.087149,-0.002494,0.998408,-0.056346,0.087427,-0.055913,-0.994600),fov=20.538761,dt=0.019289},
	{cf=CFrame.new(2.523438,-0.109094,-4.022430,-0.996168,-0.007407,-0.087149,-0.002494,0.998408,-0.056346,0.087427,-0.055913,-0.994600),fov=20.812599,dt=0.016405},
	{cf=CFrame.new(2.523773,-0.109841,-4.028198,-0.996168,-0.007407,-0.087149,-0.002494,0.998408,-0.056346,0.087427,-0.055913,-0.994600),fov=21.093756,dt=0.017647},
	{cf=CFrame.new(2.523956,-0.110460,-4.035004,-0.996168,-0.007407,-0.087149,-0.002494,0.998408,-0.056346,0.087427,-0.055913,-0.994600),fov=18.200642,dt=0.014230},
	{cf=CFrame.new(2.524200,-0.111254,-4.040558,-0.996168,-0.007407,-0.087149,-0.002494,0.998408,-0.056346,0.087427,-0.055913,-0.994600),fov=18.283951,dt=0.017234},
	{cf=CFrame.new(2.524323,-0.112044,-4.046997,-0.996168,-0.007407,-0.087148,-0.002494,0.998408,-0.056346,0.087427,-0.055913,-0.994601),fov=18.368025,dt=0.017951},
	{cf=CFrame.new(1.012177,-1.420846,-17.213654,-0.999758,-0.001840,-0.021916,-0.000590,0.998380,-0.056898,0.021985,-0.056871,-0.998139),fov=18.538483,dt=0.018170},
	{cf=CFrame.new(0.507721,-1.868959,-21.594452,-1.000000,-0.000004,-0.000136,0.000004,0.998342,-0.057551,0.000136,-0.057551,-0.998342),fov=18.624899,dt=0.018216},
	{cf=CFrame.new(0.507538,-1.880787,-21.584778,-1.000000,-0.000003,-0.000135,0.000004,0.998317,-0.057999,0.000135,-0.057999,-0.998317),fov=18.712112,dt=0.019672},
	{cf=CFrame.new(0.507294,-1.895268,-21.571686,-1.000000,0.000005,0.000135,-0.000003,0.998284,-0.058559,-0.000135,-0.058559,-0.998284),fov=18.800140,dt=0.017234},
	{cf=CFrame.new(0.507019,-1.906907,-21.561279,-1.000000,-0.000002,-0.000135,0.000006,0.998258,-0.059007,0.000135,-0.059007,-0.998258),fov=18.888998,dt=0.016474},
	{cf=CFrame.new(0.506714,-1.918584,-21.550964,-1.000000,-0.000002,-0.000135,0.000006,0.998231,-0.059455,0.000135,-0.059455,-0.998231),fov=18.978683,dt=0.018305},
	{cf=CFrame.new(0.506531,-1.930354,-21.540863,-1.000000,-0.000001,-0.000135,0.000007,0.998204,-0.059903,0.000135,-0.059903,-0.998204),fov=19.069223,dt=0.019313},
	{cf=CFrame.new(0.506500,-1.944915,-21.527802,-1.000000,-0.000047,0.000308,-0.000065,0.998170,-0.060463,-0.000305,-0.060463,-0.998170),fov=19.160622,dt=0.018471},
	{cf=CFrame.new(0.506622,-1.956697,-21.517670,-1.000000,-0.000046,0.000309,-0.000065,0.998143,-0.060911,-0.000306,-0.060911,-0.998143),fov=19.252890,dt=0.017057},
	{cf=CFrame.new(0.506775,-1.971363,-21.504852,-1.000000,0.000000,-0.000135,0.000009,0.998109,-0.061470,0.000135,-0.061470,-0.998109),fov=19.346045,dt=0.018843},
	{cf=CFrame.new(0.507111,-1.983311,-21.495087,-1.000000,0.000009,0.000135,0.000001,0.998081,-0.061918,-0.000135,-0.061918,-0.998081),fov=19.389822,dt=0.019191},
	{cf=CFrame.new(0.507538,-1.997991,-21.482239,-1.000000,0.000002,-0.000135,0.000010,0.998046,-0.062478,0.000135,-0.062478,-0.998046),fov=19.477972,dt=0.017354},
	{cf=CFrame.new(0.507965,-2.009895,-21.472351,-1.000000,0.000002,-0.000135,0.000011,0.998018,-0.062926,0.000135,-0.062926,-0.998018),fov=19.522343,dt=0.017052},
	{cf=CFrame.new(0.508453,-2.021774,-21.462341,-1.000000,0.000011,0.000135,0.000003,0.997990,-0.063374,-0.000135,-0.063374,-0.997990),fov=19.566916,dt=0.015896},
	{cf=CFrame.new(0.509033,-2.033768,-21.452637,-1.000000,0.000012,0.000135,0.000003,0.997962,-0.063821,-0.000135,-0.063821,-0.997961),fov=19.611692,dt=0.017830},
	{cf=CFrame.new(0.509674,-2.045796,-21.443024,-1.000000,0.000004,-0.000135,0.000012,0.997933,-0.064269,0.000135,-0.064269,-0.997933),fov=19.656670,dt=0.018093},
	{cf=CFrame.new(0.510345,-2.057726,-21.433197,-1.000000,0.000004,-0.000135,0.000013,0.997904,-0.064717,0.000135,-0.064717,-0.997904),fov=19.701855,dt=0.016963},
	{cf=CFrame.new(0.511047,-2.069682,-21.423523,-1.000000,0.000005,-0.000136,0.000014,0.997875,-0.065165,0.000135,-0.065165,-0.997874),fov=19.747240,dt=0.018255},
	{cf=CFrame.new(0.511719,-2.084313,-21.410736,-1.000000,0.000003,0.000221,-0.000011,0.997838,-0.065724,-0.000221,-0.065724,-0.997838),fov=19.792839,dt=0.016617},
	{cf=CFrame.new(0.512360,-2.096129,-21.400818,-1.000000,-0.000019,0.000394,-0.000045,0.997808,-0.066172,-0.000392,-0.066172,-0.997808),fov=19.838646,dt=0.016574},
	{cf=CFrame.new(0.513123,-2.108028,-21.391266,-1.000000,0.000010,0.000221,-0.000004,0.997779,-0.066620,-0.000221,-0.066620,-0.997778),fov=19.884661,dt=0.019451},
	{cf=CFrame.new(0.513977,-2.119893,-21.381622,-1.000000,0.000001,0.000394,-0.000026,0.997749,-0.067067,-0.000393,-0.067067,-0.997748),fov=19.930887,dt=0.019209},
	{cf=CFrame.new(0.514709,-2.134440,-21.368744,-1.000000,0.000017,0.000135,0.000008,0.997711,-0.067627,-0.000136,-0.067627,-0.997711),fov=19.954081,dt=0.017216},
	{cf=CFrame.new(0.515533,-2.146205,-21.358978,-1.000000,0.000018,0.000135,0.000009,0.997680,-0.068075,-0.000136,-0.068075,-0.997680),fov=19.977329,dt=0.017693},
	{cf=CFrame.new(0.516296,-2.160719,-21.346069,-1.000000,0.000019,0.000135,0.000009,0.997642,-0.068634,-0.000136,-0.068634,-0.997642),fov=20.000633,dt=0.018663},
	{cf=CFrame.new(0.517029,-2.168230,-21.340393,-1.000000,0.000017,0.000392,-0.000010,0.997623,-0.068914,-0.000393,-0.068914,-0.997622),fov=20.023987,dt=0.020434},
	{cf=CFrame.new(0.517670,-2.175630,-21.334290,-1.000000,0.000051,0.000478,0.000017,0.997603,-0.069194,-0.000481,-0.069194,-0.997603),fov=20.070858,dt=0.019051},
	{cf=CFrame.new(0.518127,-2.181490,-21.329193,-1.000000,0.000067,0.000477,0.000034,0.997587,-0.069418,-0.000481,-0.069418,-0.997588),fov=20.070858,dt=0.015171},
	{cf=CFrame.new(0.518616,-2.187346,-21.324066,-1.000000,0.000017,0.000479,-0.000017,0.997572,-0.069642,-0.000479,-0.069642,-0.997572),fov=20.117949,dt=0.017557},
	{cf=CFrame.new(0.519043,-2.193150,-21.318726,-1.000000,0.000022,0.000621,-0.000022,0.997557,-0.069865,-0.000621,-0.069865,-0.997556),fov=20.141575,dt=0.017831},
	{cf=CFrame.new(0.519440,-2.200306,-21.311707,-1.000000,-0.000006,0.000622,-0.000050,0.997537,-0.070145,-0.000620,-0.070145,-0.997537),fov=20.165258,dt=0.018308},
	{cf=CFrame.new(0.519775,-2.206005,-21.306030,-1.000000,0.000018,0.000621,-0.000026,0.997521,-0.070369,-0.000621,-0.070369,-0.997521),fov=20.188993,dt=0.014546},
	{cf=CFrame.new(0.520081,-2.210284,-21.301697,-1.000000,0.000053,0.000620,0.000009,0.997509,-0.070537,-0.000622,-0.070537,-0.997509),fov=20.188993,dt=0.015035},
	{cf=CFrame.new(0.520355,-2.215930,-21.295776,-1.000000,0.000007,0.000622,-0.000037,0.997493,-0.070761,-0.000621,-0.070761,-0.997493),fov=20.212788,dt=0.016024},
	{cf=CFrame.new(0.520599,-2.221552,-21.289703,-1.000000,0.000047,0.000478,0.000013,0.997477,-0.070984,-0.000480,-0.070984,-0.997477),fov=20.236635,dt=0.016885},
	{cf=CFrame.new(0.520844,-2.227144,-21.283569,-1.000000,-0.000032,0.000733,-0.000084,0.997462,-0.071208,-0.000729,-0.071208,-0.997461),fov=20.260538,dt=0.016565},
	{cf=CFrame.new(0.521057,-2.232716,-21.277313,-1.000000,0.000008,0.000622,-0.000037,0.997445,-0.071432,-0.000621,-0.071432,-0.997445),fov=20.353268,dt=0.016804},
	{cf=CFrame.new(0.521271,-2.238264,-21.271027,-1.000000,0.000051,0.000620,0.000006,0.997430,-0.071656,-0.000622,-0.071656,-0.997429),fov=20.446836,dt=0.016600},
	{cf=CFrame.new(0.521576,-2.243882,-21.264740,-1.000000,0.000012,0.000731,-0.000040,0.997414,-0.071880,-0.000730,-0.071880,-0.997413),fov=20.541260,dt=0.016531},
	{cf=CFrame.new(0.522034,-2.265481,-21.241730,-1.000000,0.000023,0.000621,-0.000023,0.997351,-0.072742,-0.000621,-0.072742,-0.997351),fov=20.636553,dt=0.017271},
	{cf=CFrame.new(0.522583,-2.287143,-21.218872,-1.000000,0.000027,0.000731,-0.000027,0.997288,-0.073605,-0.000731,-0.073605,-0.997287),fov=20.732725,dt=0.016347},
	{cf=CFrame.new(0.523254,-2.308858,-21.196014,-1.000000,0.000043,0.000822,-0.000019,0.997223,-0.074468,-0.000823,-0.074468,-0.997223),fov=20.829784,dt=0.016250},
	{cf=CFrame.new(0.524017,-2.330630,-21.173248,-1.000000,0.000028,0.000731,-0.000028,0.997159,-0.075331,-0.000731,-0.075331,-0.997158),fov=20.927752,dt=0.016615},
	{cf=CFrame.new(0.524872,-2.352470,-21.150604,-1.000000,-0.000012,0.000825,-0.000075,0.997093,-0.076194,-0.000822,-0.076194,-0.997093),fov=21.026628,dt=0.017356},
	{cf=CFrame.new(0.525787,-2.374339,-21.127960,-1.000000,0.000052,0.000822,-0.000011,0.997027,-0.077057,-0.000824,-0.077057,-0.997026),fov=21.126434,dt=0.016564},
	{cf=CFrame.new(0.526764,-2.396248,-21.105438,-1.000000,0.000042,0.000823,-0.000022,0.996960,-0.077920,-0.000823,-0.077920,-0.996959),fov=21.227182,dt=0.016454},
	{cf=CFrame.new(0.527802,-2.418191,-21.082916,-1.000000,0.000055,0.000903,-0.000017,0.996892,-0.078783,-0.000905,-0.078783,-0.996891),fov=21.328886,dt=0.016398},
	{cf=CFrame.new(0.528687,-2.440341,-21.060547,-1.000000,0.000054,0.000904,-0.000018,0.996823,-0.079645,-0.000905,-0.079645,-0.996823),fov=21.431559,dt=0.016793},
	{cf=CFrame.new(0.529541,-2.462738,-21.038452,-1.000000,0.000036,0.000904,-0.000036,0.996754,-0.080508,-0.000904,-0.080508,-0.996753),fov=21.535212,dt=0.018177},
	{cf=CFrame.new(0.530090,-2.485215,-21.016388,-1.000000,0.000057,0.000977,-0.000023,0.996684,-0.081371,-0.000978,-0.081371,-0.996683),fov=21.639858,dt=0.016590},
	{cf=CFrame.new(0.530548,-2.507760,-20.994385,-0.999999,0.000043,0.001045,-0.000043,0.996613,-0.082233,-0.001045,-0.082233,-0.996612),fov=21.694515,dt=0.015225},
	{cf=CFrame.new(0.530914,-2.530624,-20.972595,-0.999999,0.000044,0.001045,-0.000044,0.996542,-0.083096,-0.001045,-0.083096,-0.996541),fov=21.749449,dt=0.017610},
	{cf=CFrame.new(0.531128,-2.553529,-20.950867,-0.999999,0.000047,0.001108,-0.000047,0.996469,-0.083958,-0.001108,-0.083958,-0.996469),fov=21.804657,dt=0.016447},
	{cf=CFrame.new(0.531311,-2.566228,-20.940216,-0.999999,0.000047,0.001108,-0.000047,0.996431,-0.084406,-0.001108,-0.084406,-0.996431),fov=22.088860,dt=0.016506},
	{cf=CFrame.new(0.531372,-2.579007,-20.929565,-0.999999,0.000047,0.001108,-0.000047,0.996393,-0.084853,-0.001108,-0.084853,-0.996393),fov=22.380468,dt=0.016162},
	{cf=CFrame.new(0.531281,-2.591972,-20.919098,-0.999999,0.000047,0.001108,-0.000047,0.996355,-0.085300,-0.001108,-0.085300,-0.996355),fov=22.679777,dt=0.016861},
	{cf=CFrame.new(0.531158,-2.605634,-20.866852,-0.999999,0.000040,0.001108,-0.000056,0.996302,-0.085921,-0.001108,-0.085921,-0.996301),fov=22.987097,dt=0.022387},
	{cf=CFrame.new(0.530762,-1.682469,-20.814514,-0.999999,0.000051,0.000978,-0.000034,0.996248,-0.086542,-0.000979,-0.086542,-0.996248),fov=23.627048,dt=0.025555},
	{cf=CFrame.new(0.530365,-1.938593,-20.746582,-1.000000,0.000042,0.000939,-0.000040,0.996180,-0.087318,-0.000939,-0.087318,-0.996180),fov=23.960377,dt=0.014941},
	{cf=CFrame.new(0.529816,-2.180374,-20.664490,-1.000000,0.000065,0.000753,-0.000001,0.996098,-0.088249,-0.000755,-0.088249,-0.996098),fov=24.303102,dt=0.015818},
	{cf=CFrame.new(0.529297,-2.090864,-20.622284,-1.000000,0.000046,0.000676,-0.000014,0.996057,-0.088715,-0.000677,-0.088715,-0.996057),fov=24.655621,dt=0.014768},
	{cf=CFrame.new(0.528687,-1.948328,-20.566315,-1.000000,0.000028,0.000622,-0.000028,0.996001,-0.089335,-0.000622,-0.089335,-0.996001),fov=25.018349,dt=0.012463},
	{cf=CFrame.new(0.528015,-2.003772,-20.523163,-1.000000,0.000040,0.000621,-0.000016,0.995960,-0.089801,-0.000622,-0.089801,-0.995960),fov=25.391731,dt=0.014608},
	{cf=CFrame.new(0.527283,-1.896450,-20.479675,-1.000000,0.000075,0.000619,0.000019,0.995918,-0.090266,-0.000624,-0.090266,-0.995917),fov=25.776239,dt=0.013084},
	{cf=CFrame.new(0.526245,-1.937285,-20.422424,-1.000000,0.000040,0.000478,-0.000004,0.995861,-0.090886,-0.000480,-0.090886,-0.995861),fov=25.776239,dt=0.016151},
	{cf=CFrame.new(0.525024,-1.978330,-20.365326,-1.000000,0.000022,0.000479,-0.000022,0.995804,-0.091507,-0.000479,-0.091507,-0.995804),fov=26.172361,dt=0.017534},
	{cf=CFrame.new(0.523682,-1.763584,-20.308746,-1.000000,-0.000005,0.000480,-0.000049,0.995747,-0.092127,-0.000478,-0.092127,-0.995747),fov=26.580627,dt=0.017223},
	{cf=CFrame.new(0.522217,-1.905510,-20.252502,-1.000000,0.000016,0.000135,0.000003,0.995690,-0.092747,-0.000135,-0.092747,-0.995690),fov=27.001595,dt=0.017460},
	{cf=CFrame.new(0.520416,-2.047800,-20.196320,-1.000000,0.000013,0.000135,0.000000,0.995632,-0.093367,-0.000135,-0.093367,-0.995632),fov=27.477242,dt=0.019344},
	{cf=CFrame.new(0.518524,-2.182419,-20.126526,-1.000000,0.000008,0.000135,-0.000004,0.995549,-0.094248,-0.000135,-0.094248,-0.995549),fov=27.518761,dt=0.018077},
	{cf=CFrame.new(0.516083,-2.150596,-20.069366,-1.000000,-0.000010,-0.000135,0.000003,0.995449,-0.095297,0.000135,-0.095297,-0.995449),fov=27.560398,dt=0.021664},
	{cf=CFrame.new(0.513611,-2.110935,-19.998535,-1.000000,-0.000032,-0.000306,-0.000003,0.995322,-0.096607,0.000307,-0.096607,-0.995322),fov=27.602158,dt=0.025488},
	{cf=CFrame.new(0.512115,-2.071553,-19.928589,-1.000000,-0.000032,-0.000220,-0.000010,0.995194,-0.097918,0.000222,-0.097918,-0.995194),fov=27.686054,dt=0.029133},
	{cf=CFrame.new(0.511505,-2.033325,-19.805725,-0.999999,-0.000088,-0.001551,0.000068,0.994958,-0.100294,0.001552,-0.100294,-0.994957),fov=27.770458,dt=0.021518},
	{cf=CFrame.new(0.511261,-2.034301,-19.737396,-0.999996,-0.000144,-0.002735,0.000135,0.994823,-0.101626,0.002736,-0.101626,-0.994819),fov=27.812845,dt=0.017922},
	{cf=CFrame.new(0.510834,-2.035017,-19.682465,-0.999994,-0.000162,-0.003377,0.000184,0.994762,-0.102221,0.003376,-0.102221,-0.994756),fov=27.855364,dt=0.020379},
	{cf=CFrame.new(0.510345,-2.035960,-19.614044,-0.999996,-0.000063,-0.002906,0.000231,0.994867,-0.101190,0.002898,-0.101190,-0.994863),fov=27.898008,dt=0.018405},
	{cf=CFrame.new(0.509796,-2.036672,-19.559113,-0.999997,0.000032,-0.002545,0.000288,0.994950,-0.100365,0.002529,-0.100365,-0.994947),fov=27.940779,dt=0.017582},
	{cf=CFrame.new(0.509277,-2.037632,-19.490845,-0.999998,0.000145,-0.002118,0.000355,0.995054,-0.099333,0.002093,-0.099334,-0.995052),fov=27.983681,dt=0.014359},
	{cf=CFrame.new(0.508606,-2.038099,-19.449371,-0.999998,0.000204,-0.001861,0.000387,0.995116,-0.098714,0.001832,-0.098715,-0.995114),fov=28.026711,dt=0.017834},
	{cf=CFrame.new(0.507690,-2.038968,-19.380646,-0.999999,0.000293,-0.001432,0.000432,0.995218,-0.097683,0.001397,-0.097683,-0.995216),fov=28.069870,dt=0.020604},
	{cf=CFrame.new(0.506775,-2.039620,-19.325562,-0.999999,0.000399,-0.000971,0.000491,0.995298,-0.096857,0.000928,-0.096858,-0.995298),fov=28.156584,dt=0.019399},
	{cf=CFrame.new(0.505859,-2.040491,-19.256897,-1.000000,0.000475,-0.000159,0.000488,0.995398,-0.095826,0.000113,-0.095826,-0.995398),fov=28.200134,dt=0.018975},
	{cf=CFrame.new(0.504852,-2.041149,-19.201813,-1.000000,0.000555,-0.000162,0.000568,0.995477,-0.095000,0.000108,-0.095000,-0.995477),fov=28.243820,dt=0.020024},
	{cf=CFrame.new(0.503937,-2.042194,-19.133789,-1.000000,0.000674,0.000252,0.000647,0.995575,-0.093968,-0.000314,-0.093968,-0.995575),fov=28.287642,dt=0.017904},
	{cf=CFrame.new(0.503082,-2.043347,-19.066132,-0.999999,0.000789,0.000941,0.000698,0.995672,-0.092936,-0.001011,-0.092936,-0.995672),fov=28.331593,dt=0.017946},
	{cf=CFrame.new(0.502228,-2.044378,-19.012360,-1.000000,0.000581,0.000271,0.000553,0.995653,-0.093135,-0.000324,-0.093135,-0.995653),fov=28.375671,dt=0.018540},
	{cf=CFrame.new(0.501312,-2.045543,-18.959015,-0.999998,0.000051,-0.001799,0.000221,0.995538,-0.094363,0.001786,-0.094363,-0.995536),fov=28.419897,dt=0.019652},
	{cf=CFrame.new(0.500397,-2.047055,-18.892609,-0.999992,-0.000613,-0.004054,-0.000221,0.995391,-0.095899,0.004094,-0.095897,-0.995383),fov=28.464252,dt=0.020215},
	{cf=CFrame.new(0.499634,-2.048585,-18.826233,-0.999979,-0.001266,-0.006315,-0.000645,0.995241,-0.097436,0.006409,-0.097430,-0.995222),fov=28.553371,dt=0.017653},
	{cf=CFrame.new(0.498779,-2.050059,-18.773956,-0.999965,-0.001781,-0.008124,-0.000971,0.995120,-0.098666,0.008260,-0.098655,-0.995087),fov=28.598137,dt=0.020286},
	{cf=CFrame.new(0.497986,-2.051740,-18.708099,-0.999943,-0.002434,-0.010377,-0.001382,0.994966,-0.100204,0.010569,-0.100184,-0.994913),fov=28.643036,dt=0.019840},
	{cf=CFrame.new(0.497406,-2.053269,-18.641724,-0.999915,-0.003091,-0.012631,-0.001790,0.994809,-0.101743,0.012880,-0.101712,-0.994730),fov=28.688082,dt=0.018328},
	{cf=CFrame.new(0.497009,-2.054489,-18.588593,-0.999889,-0.003620,-0.014436,-0.002114,0.994681,-0.102975,0.014732,-0.102933,-0.994579),fov=28.733259,dt=0.020188},
	{cf=CFrame.new(0.496765,-2.055805,-18.521545,-0.999852,-0.004284,-0.016682,-0.002517,0.994520,-0.104515,0.017038,-0.104457,-0.994383),fov=28.778574,dt=0.019081},
	{cf=CFrame.new(0.496613,-2.246351,-18.454254,-0.999811,-0.005389,-0.018682,-0.003220,0.993451,-0.114217,0.019175,-0.114135,-0.993280),fov=28.869635,dt=0.023032},
	{cf=CFrame.new(0.496643,-2.436848,-18.400085,-0.999775,-0.006379,-0.020214,-0.003832,0.992323,-0.123615,0.020848,-0.123510,-0.992124),fov=28.915373,dt=0.020823},
	{cf=CFrame.new(0.496857,-2.395171,-18.318512,-0.999757,-0.006185,-0.021164,-0.003680,0.993189,-0.116456,0.021740,-0.116350,-0.992970),fov=28.961262,dt=0.021918},
	{cf=CFrame.new(0.497406,-1.812131,-18.250275,-0.999835,-0.003153,-0.017861,-0.001809,0.997198,-0.074791,0.018046,-0.074746,-0.997039),fov=29.053453,dt=0.023914},
	{cf=CFrame.new(0.498901,-1.994139,-18.167908,-0.999919,-0.003188,-0.012346,-0.002067,0.995960,-0.089779,0.012583,-0.089746,-0.995885),fov=29.099768,dt=0.038083},
	{cf=CFrame.new(0.500183,-2.484923,-18.072418,-0.999952,-0.004547,-0.008711,-0.003395,0.991771,-0.127976,0.009222,-0.127940,-0.991739),fov=29.192833,dt=0.021872},
	{cf=CFrame.new(0.502380,-2.325952,-17.962891,-0.999881,-0.005362,-0.014487,-0.003676,0.993474,-0.113999,0.015003,-0.113932,-0.993375),fov=29.289896,dt=0.034158},
	{cf=CFrame.new(0.504456,-2.107732,-17.867218,-0.999731,-0.005735,-0.022452,-0.003582,0.995493,-0.094762,0.022895,-0.094657,-0.995247),fov=29.388353,dt=0.030797},
	{cf=CFrame.new(0.506165,-2.035690,-17.754822,-0.999678,-0.005747,-0.024716,-0.003534,0.996057,-0.088645,0.025128,-0.088529,-0.995757),fov=29.484510,dt=0.026834},
	{cf=CFrame.new(0.507355,-2.059539,-17.649872,-0.999751,-0.005432,-0.021655,-0.003417,0.995749,-0.092044,0.022063,-0.091947,-0.995519),fov=29.531969,dt=0.026613},
	{cf=CFrame.new(0.508026,-2.095612,-17.558960,-0.999831,-0.005009,-0.017696,-0.003279,0.995334,-0.096436,0.018096,-0.096362,-0.995182),fov=29.626125,dt=0.024394},
	{cf=CFrame.new(0.508301,-2.135440,-17.483246,-0.999886,-0.004639,-0.014337,-0.003180,0.994966,-0.100162,0.014730,-0.100106,-0.994868),fov=29.673025,dt=0.020766},
	{cf=CFrame.new(0.507904,-2.190087,-17.393524,-0.999927,-0.004284,-0.011260,-0.003095,0.994616,-0.103579,0.011643,-0.103537,-0.994557),fov=29.719931,dt=0.020693},
	{cf=CFrame.new(0.507233,-2.239087,-17.320190,-0.999939,-0.004161,-0.010190,-0.003071,0.994492,-0.104768,0.010569,-0.104730,-0.994444),fov=29.766956,dt=0.016526},
	{cf=CFrame.new(0.507416,-2.279390,-17.263458,-0.999938,-0.004196,-0.010290,-0.003095,0.994493,-0.104763,0.010673,-0.104725,-0.994444),fov=29.861753,dt=0.029193},
	{cf=CFrame.new(0.507294,-2.329011,-17.195892,-0.999934,-0.004336,-0.010629,-0.003199,0.994497,-0.104714,0.011024,-0.104673,-0.994446),fov=29.958258,dt=0.036335},
	{cf=CFrame.new(0.503143,-2.416230,-17.066589,-0.999920,-0.004763,-0.011676,-0.003519,0.994533,-0.104362,0.012109,-0.104312,-0.994471),fov=30.057329,dt=0.020809},
	{cf=CFrame.new(0.500824,-2.450572,-17.007751,-0.999913,-0.004984,-0.012223,-0.003686,0.994571,-0.103995,0.012675,-0.103941,-0.994503),fov=30.108078,dt=0.015027},
	{cf=CFrame.new(0.498932,-2.471124,-16.964539,-0.999908,-0.005130,-0.012588,-0.003799,0.994616,-0.103566,0.013051,-0.103509,-0.994543),fov=30.108078,dt=0.016461},
	{cf=CFrame.new(0.496796,-2.484546,-16.924683,-0.999904,-0.005227,-0.012843,-0.003876,0.994674,-0.103002,0.013313,-0.102943,-0.994598),fov=30.159649,dt=0.017125},
	{cf=CFrame.new(0.494507,-2.489722,-16.888458,-0.999902,-0.005264,-0.012934,-0.003914,0.994748,-0.102286,0.013404,-0.102225,-0.994671),fov=30.211996,dt=0.017407},
	{cf=CFrame.new(0.492188,-2.482518,-16.855347,-0.999903,-0.005252,-0.012909,-0.003916,0.994838,-0.101404,0.013375,-0.101344,-0.994761),fov=30.265091,dt=0.015390},
	{cf=CFrame.new(0.489899,-2.461498,-16.826324,-0.999904,-0.005229,-0.012831,-0.003915,0.994942,-0.100372,0.013291,-0.100312,-0.994867),fov=30.318867,dt=0.017966},
	{cf=CFrame.new(0.487488,-2.428426,-16.800323,-0.999906,-0.005185,-0.012688,-0.003901,0.995059,-0.099209,0.013140,-0.099150,-0.994986),fov=30.373302,dt=0.015629},
	{cf=CFrame.new(0.485016,-2.385897,-16.778046,-0.999909,-0.005126,-0.012469,-0.003880,0.995185,-0.097935,0.012911,-0.097878,-0.995115),fov=30.428337,dt=0.016959},
	{cf=CFrame.new(0.482422,-2.335944,-16.759155,-0.999913,-0.005040,-0.012180,-0.003841,0.995319,-0.096569,0.012610,-0.096514,-0.995252),fov=30.483938,dt=0.017007},
	{cf=CFrame.new(0.479675,-2.280530,-16.743164,-0.999918,-0.004927,-0.011810,-0.003781,0.995458,-0.095133,0.012226,-0.095080,-0.995395),fov=30.540052,dt=0.015933},
	{cf=CFrame.new(0.476868,-2.222140,-16.730804,-0.999924,-0.004783,-0.011347,-0.003700,0.995599,-0.093645,0.011745,-0.093595,-0.995541),fov=30.596647,dt=0.016325},
	{cf=CFrame.new(0.474091,-2.163237,-16.722687,-0.999931,-0.004609,-0.010784,-0.003597,0.995741,-0.092125,0.011162,-0.092080,-0.995689),fov=30.653654,dt=0.017441},
	{cf=CFrame.new(0.471283,-2.105180,-16.716339,-0.999939,-0.004399,-0.010118,-0.003465,0.995882,-0.090593,0.010475,-0.090553,-0.995836),fov=30.711042,dt=0.015597},
	{cf=CFrame.new(0.468567,-2.051053,-16.713837,-0.999948,-0.004150,-0.009349,-0.003301,0.996020,-0.089071,0.009681,-0.089035,-0.995981),fov=30.768761,dt=0.016484},
	{cf=CFrame.new(0.466003,-2.003177,-16.715363,-0.999957,-0.003857,-0.008454,-0.003102,0.996153,-0.087577,0.008760,-0.087547,-0.996122),fov=30.826759,dt=0.017488},
	{cf=CFrame.new(0.463470,-1.963341,-16.719635,-0.999966,-0.003517,-0.007428,-0.002864,0.996280,-0.086131,0.007703,-0.086107,-0.996256),fov=30.884991,dt=0.017294},
	{cf=CFrame.new(0.460693,-1.933186,-16.725128,-0.999975,-0.003126,-0.006285,-0.002582,0.996399,-0.084754,0.006528,-0.084736,-0.996382),fov=30.943398,dt=0.015825},
	{cf=CFrame.new(0.458160,-1.916286,-16.735291,-0.999984,-0.002686,-0.005021,-0.002257,0.996508,-0.083466,0.005228,-0.083453,-0.996498),fov=31.001938,dt=0.017491},
	{cf=CFrame.new(0.455475,-1.913310,-16.746094,-0.999991,-0.002194,-0.003596,-0.001891,0.996607,-0.082286,0.003765,-0.082279,-0.996602),fov=31.060555,dt=0.016047},
	{cf=CFrame.new(0.452881,-1.919374,-16.761017,-0.999997,-0.001644,-0.002022,-0.001475,0.996694,-0.081231,0.002148,-0.081228,-0.996693),fov=31.119190,dt=0.017474},
	{cf=CFrame.new(0.449982,-1.925236,-16.776337,-0.999999,-0.001033,-0.000098,-0.001022,0.996771,-0.080294,0.000181,-0.080294,-0.996771),fov=31.177811,dt=0.016320},
	{cf=CFrame.new(0.447021,-1.932618,-16.796570,-0.999998,-0.000392,0.001763,-0.000531,0.996837,-0.079465,-0.001727,-0.079466,-0.996836),fov=31.236341,dt=0.018085},
	{cf=CFrame.new(0.442291,-1.937795,-16.812866,-0.999992,0.000473,0.004088,0.000150,0.996908,-0.078573,-0.004112,-0.078571,-0.996900),fov=31.352940,dt=0.015616},
	{cf=CFrame.new(0.440002,-1.944795,-16.833313,-0.999984,0.000997,0.005552,0.000560,0.996946,-0.078090,-0.005613,-0.078085,-0.996931),fov=31.352940,dt=0.016042},
	{cf=CFrame.new(0.434235,-1.951191,-16.853912,-0.999970,0.001709,0.007513,0.001121,0.996990,-0.077522,-0.007623,-0.077511,-0.996962),fov=31.410898,dt=0.016228},
	{cf=CFrame.new(0.425842,-1.957929,-16.875671,-0.999952,0.002424,0.009483,0.001687,0.997028,-0.077020,-0.009641,-0.077000,-0.996984),fov=31.468544,dt=0.016521},
	{cf=CFrame.new(0.412994,-1.965198,-16.898865,-0.999930,0.003137,0.011427,0.002253,0.997062,-0.076573,-0.011633,-0.076542,-0.996998),fov=31.525833,dt=0.017612},
	{cf=CFrame.new(0.396667,-1.972043,-16.920715,-0.999904,0.003834,0.013339,0.002807,0.997091,-0.076171,-0.013592,-0.076126,-0.997006),fov=31.582701,dt=0.017035},
	{cf=CFrame.new(0.377655,-1.978286,-16.940430,-0.999875,0.004509,0.015172,0.003346,0.997117,-0.075801,-0.015470,-0.075741,-0.997007),fov=31.639082,dt=0.016026},
	{cf=CFrame.new(0.355286,-1.984616,-16.959625,-0.999843,0.005149,0.016923,0.003858,0.997142,-0.075455,-0.017263,-0.075378,-0.997006),fov=31.694918,dt=0.016268},
	{cf=CFrame.new(0.327606,-1.991991,-16.980286,-0.999811,0.005751,0.018559,0.004341,0.997165,-0.075120,-0.018939,-0.075025,-0.997002),fov=31.750156,dt=0.018469},
	{cf=CFrame.new(0.297699,-1.997972,-16.997192,-0.999779,0.006299,0.020052,0.004783,0.997188,-0.074785,-0.020467,-0.074673,-0.996998),fov=31.858580,dt=0.016947},
	{cf=CFrame.new(0.267731,-2.000794,-17.008667,-0.999741,0.006894,0.021668,0.005265,0.997218,-0.074349,-0.022120,-0.074216,-0.996997),fov=31.911640,dt=0.014736},
	{cf=CFrame.new(0.233490,-2.003627,-17.017517,-0.999720,0.007209,0.022524,0.005522,0.997237,-0.074074,-0.022996,-0.073929,-0.996998),fov=31.911640,dt=0.017222},
	{cf=CFrame.new(0.197144,-2.003880,-17.021576,-0.999696,0.007549,0.023459,0.005802,0.997265,-0.073675,-0.023951,-0.073517,-0.997006),fov=31.963839,dt=0.016082},
	{cf=CFrame.new(0.158203,-2.002544,-17.021545,-0.999678,0.007802,0.024151,0.006014,0.997297,-0.073233,-0.024657,-0.073064,-0.997022),fov=32.015133,dt=0.017081},
	{cf=CFrame.new(0.121399,-2.000039,-17.019257,-0.999666,0.007958,0.024590,0.006150,0.997332,-0.072736,-0.025104,-0.072561,-0.997048),fov=32.065441,dt=0.016279},
	{cf=CFrame.new(0.078186,-1.995559,-17.013153,-0.999662,0.008009,0.024742,0.006204,0.997373,-0.072174,-0.025255,-0.071996,-0.997085),fov=32.162853,dt=0.019903},
	{cf=CFrame.new(0.033478,-1.988725,-17.003326,-0.999671,0.007976,0.024360,0.006219,0.997431,-0.071364,-0.024866,-0.071189,-0.997153),fov=32.209824,dt=0.020373},
	{cf=CFrame.new(-0.007538,-1.980577,-16.991333,-0.999696,0.007906,0.023349,0.006243,0.997495,-0.070454,-0.023848,-0.070287,-0.997242),fov=32.255550,dt=0.019623},
	{cf=CFrame.new(-0.045013,-1.969868,-16.976379,-0.999725,0.007827,0.022126,0.006268,0.997551,-0.069664,-0.022617,-0.069506,-0.997325),fov=32.299961,dt=0.020393},
	{cf=CFrame.new(-0.081146,-1.955858,-16.957520,-0.999768,0.007701,0.020134,0.006303,0.997624,-0.068609,-0.020615,-0.068466,-0.997440),fov=32.384586,dt=0.020758},
	{cf=CFrame.new(-0.115021,-1.939241,-16.935120,-0.999815,0.007547,0.017693,0.006336,0.997700,-0.067493,-0.018162,-0.067369,-0.997563),fov=32.424660,dt=0.021538},
	{cf=CFrame.new(-0.144257,-1.920554,-16.910675,-0.999863,0.007366,0.014820,0.006367,0.997778,-0.066324,-0.015276,-0.066221,-0.997688),fov=32.463154,dt=0.021683},
	{cf=CFrame.new(-0.170380,-1.901809,-16.884064,-0.999914,0.007124,0.010978,0.006397,0.997872,-0.064883,-0.011416,-0.064808,-0.997832),fov=32.499992,dt=0.020887},
	{cf=CFrame.new(-0.189178,-1.882952,-16.858551,-0.999942,0.006950,0.008218,0.006411,0.997935,-0.063910,-0.008645,-0.063853,-0.997922),fov=32.568447,dt=0.020791},
	{cf=CFrame.new(-0.207794,-1.862479,-16.827576,-0.999970,0.006671,0.003862,0.006416,0.998028,-0.062448,-0.004271,-0.062421,-0.998041),fov=32.599934,dt=0.022379},
	{cf=CFrame.new(-0.220032,-1.847820,-16.802307,-0.999979,0.006427,0.000145,0.006406,0.998102,-0.061246,-0.000538,-0.061243,-0.998123),fov=32.629505,dt=0.016373},
	{cf=CFrame.new(-0.229248,-1.828572,-16.773621,-0.999976,0.006220,-0.003118,0.006396,0.998159,-0.060304,0.002737,-0.060322,-0.998175),fov=32.657066,dt=0.023189},
	{cf=CFrame.new(-0.236877,-1.812451,-16.743561,-0.999959,0.005963,-0.006864,0.006359,0.998228,-0.059165,0.006499,-0.059206,-0.998225),fov=32.705971,dt=0.020228},
	{cf=CFrame.new(-0.242096,-1.796697,-16.711517,-0.999928,0.005704,-0.010514,0.006305,0.998292,-0.058080,0.010165,-0.058142,-0.998257),fov=32.727165,dt=0.021551},
	{cf=CFrame.new(-0.244568,-1.783031,-16.678101,-0.999887,0.005440,-0.013979,0.006230,0.998351,-0.057075,0.013645,-0.057155,-0.998272),fov=32.746113,dt=0.020392},
	{cf=CFrame.new(-0.243713,-1.771245,-16.643707,-0.999839,0.005176,-0.017207,0.006135,0.998403,-0.056154,0.016889,-0.056251,-0.998274),fov=32.762730,dt=0.019463},
	{cf=CFrame.new(-0.238953,-1.760472,-16.607239,-0.999785,0.004911,-0.020138,0.006019,0.998450,-0.055332,0.019835,-0.055441,-0.998265),fov=32.776966,dt=0.020260},
	{cf=CFrame.new(-0.230743,-1.751122,-16.568665,-0.999731,0.004647,-0.022714,0.005882,0.998490,-0.054620,0.022426,-0.054739,-0.998249),fov=32.798023,dt=0.020483},
	{cf=CFrame.new(-0.217194,-1.742782,-16.526215,-0.999683,0.004386,-0.024785,0.005721,0.998522,-0.054056,0.024511,-0.054181,-0.998230),fov=32.804726,dt=0.021543},
	{cf=CFrame.new(-0.197815,-1.735805,-16.480103,-0.999644,0.004129,-0.026359,0.005539,0.998545,-0.053633,0.026099,-0.053760,-0.998213),fov=32.808784,dt=0.021258},
	{cf=CFrame.new(-0.173981,-1.730608,-16.430054,-0.999618,0.003877,-0.027369,0.005334,0.998561,-0.053365,0.027123,-0.053491,-0.998200),fov=32.810150,dt=0.020434},
	{cf=CFrame.new(-0.143036,-1.728435,-16.375305,-0.999608,0.003633,-0.027757,0.005108,0.998567,-0.053265,0.027524,-0.053386,-0.998195),fov=32.810097,dt=0.020410},
	{cf=CFrame.new(-0.103027,-1.731302,-16.313751,-0.999609,0.003385,-0.027744,0.004863,0.998564,-0.053349,0.027524,-0.053463,-0.998190),fov=32.809967,dt=0.021644},
	{cf=CFrame.new(-0.059357,-1.740316,-16.247253,-0.999611,0.003130,-0.027721,0.004612,0.998554,-0.053566,0.027514,-0.053673,-0.998179),fov=32.809715,dt=0.020569},
	{cf=CFrame.new(-0.011932,-1.755960,-16.175903,-0.999612,0.002867,-0.027689,0.004357,0.998536,-0.053908,0.027494,-0.054008,-0.998162),fov=32.808681,dt=0.019871},
	{cf=CFrame.new(0.039978,-1.779330,-16.098907,-0.999614,0.002596,-0.027647,0.004097,0.998513,-0.054368,0.027465,-0.054460,-0.998138),fov=32.807816,dt=0.020489},
	{cf=CFrame.new(0.086060,-1.806154,-16.018097,-0.999617,0.002319,-0.027595,0.003834,0.998481,-0.054955,0.027426,-0.055039,-0.998107),fov=32.806656,dt=0.019337},
	{cf=CFrame.new(0.134247,-1.841006,-15.945557,-0.999618,0.002094,-0.027548,0.003621,0.998453,-0.055495,0.027390,-0.055573,-0.998079),fov=32.805183,dt=0.020345},
	{cf=CFrame.new(0.178131,-1.880605,-15.856171,-0.999621,0.001809,-0.027483,0.003353,0.998411,-0.056259,0.027338,-0.056330,-0.998038),fov=32.803341,dt=0.019834},
	{cf=CFrame.new(0.223724,-1.928282,-15.761597,-0.999623,0.001520,-0.027412,0.003085,0.998363,-0.057109,0.027280,-0.057173,-0.997992),fov=32.801083,dt=0.021233},
	{cf=CFrame.new(0.265350,-1.977901,-15.664795,-0.999626,0.001230,-0.027334,0.002815,0.998310,-0.058038,0.027217,-0.058093,-0.997940),fov=32.795189,dt=0.020287},
	{cf=CFrame.new(0.306854,-2.031318,-15.564392,-0.999628,0.000936,-0.027244,0.002544,0.998252,-0.059047,0.027142,-0.059094,-0.997883),fov=32.791466,dt=0.020351},
	{cf=CFrame.new(0.350311,-2.088655,-15.459930,-0.999631,0.000645,-0.027150,0.002276,0.998189,-0.060116,0.027062,-0.060155,-0.997822),fov=32.787170,dt=0.020642},
	{cf=CFrame.new(0.394348,-2.147384,-15.351868,-0.999634,0.000353,-0.027048,0.002009,0.998121,-0.061238,0.026975,-0.061270,-0.997757),fov=32.782269,dt=0.020463},
	{cf=CFrame.new(0.433868,-2.210014,-15.238281,-0.999637,0.000064,-0.026948,0.001746,0.998049,-0.062405,0.026892,-0.062429,-0.997687),fov=32.770462,dt=0.021717},
	{cf=CFrame.new(0.464905,-2.269430,-15.120789,-0.999640,-0.000224,-0.026839,0.001484,0.997973,-0.063614,0.026799,-0.063631,-0.997614),fov=32.763477,dt=0.020987},
	{cf=CFrame.new(0.489044,-2.326886,-14.997589,-0.999643,-0.000507,-0.026726,0.001228,0.997894,-0.064850,0.026702,-0.064860,-0.997537),fov=32.755726,dt=0.021113},
	{cf=CFrame.new(0.505524,-2.380998,-14.869385,-0.999646,-0.000785,-0.026611,0.000976,0.997812,-0.066106,0.026604,-0.066108,-0.997458),fov=32.737755,dt=0.021007},
	{cf=CFrame.new(0.514862,-2.435360,-14.731750,-0.999648,-0.001057,-0.026495,0.000730,0.997727,-0.067374,0.026506,-0.067369,-0.997376),fov=32.727448,dt=0.022815},
	{cf=CFrame.new(0.514557,-2.478355,-14.586060,-0.999651,-0.001323,-0.026375,0.000491,0.997641,-0.068645,0.026404,-0.068634,-0.997292),fov=32.716217,dt=0.020305},
	{cf=CFrame.new(0.509827,-2.509475,-14.428131,-0.999655,-0.001631,-0.026228,0.000214,0.997535,-0.070163,0.026278,-0.070144,-0.997191),fov=32.704018,dt=0.016574},
	{cf=CFrame.new(0.499420,-2.541849,-14.306702,-0.999656,-0.001780,-0.026153,0.000079,0.997482,-0.070914,0.026214,-0.070891,-0.997140),fov=32.690815,dt=0.020688},
	{cf=CFrame.new(0.473480,-2.566693,-14.137299,-0.999659,-0.002022,-0.026032,-0.000139,0.997394,-0.072149,0.026111,-0.072121,-0.997054),fov=32.661232,dt=0.022047},
	{cf=CFrame.new(0.434082,-2.582632,-13.947021,-0.999662,-0.002298,-0.025883,-0.000387,0.997288,-0.073591,0.025982,-0.073556,-0.996953),fov=32.644783,dt=0.022694},
	{cf=CFrame.new(0.402740,-2.588741,-13.803467,-0.999665,-0.002514,-0.025763,-0.000582,0.997202,-0.074748,0.025879,-0.074708,-0.996870),fov=32.627174,dt=0.015560},
	{cf=CFrame.new(0.373199,-2.591614,-13.685486,-0.999667,-0.002678,-0.025667,-0.000730,0.997135,-0.075641,0.025796,-0.075597,-0.996805),fov=32.608379,dt=0.014729},
	{cf=CFrame.new(0.343506,-2.590646,-13.591125,-0.999668,-0.002796,-0.025596,-0.000836,0.997086,-0.076288,0.025735,-0.076242,-0.996757),fov=32.587608,dt=0.014473},
	{cf=CFrame.new(0.309845,-2.585466,-13.479614,-0.999670,-0.002945,-0.025502,-0.000970,0.997022,-0.077116,0.025654,-0.077066,-0.996696),fov=32.564484,dt=0.015582},
	{cf=CFrame.new(0.263000,-2.572686,-13.360779,-0.999672,-0.003085,-0.025409,-0.001096,0.996960,-0.077901,0.025572,-0.077848,-0.996637),fov=32.539513,dt=0.021663},
	{cf=CFrame.new(0.229340,-2.559925,-13.260590,-0.999674,-0.003214,-0.025320,-0.001213,0.996903,-0.078639,0.025495,-0.078583,-0.996582),fov=32.513210,dt=0.015017},
	{cf=CFrame.new(0.189209,-2.540392,-13.161316,-0.999676,-0.003333,-0.025227,-0.001322,0.996848,-0.079325,0.025412,-0.079266,-0.996530),fov=32.486103,dt=0.017588},
	{cf=CFrame.new(0.151855,-2.518103,-13.069092,-0.999678,-0.003439,-0.025125,-0.001420,0.996797,-0.079955,0.025319,-0.079893,-0.996482),fov=32.458679,dt=0.016332},
	{cf=CFrame.new(0.119568,-2.493489,-12.984100,-0.999681,-0.003533,-0.024995,-0.001509,0.996752,-0.080524,0.025198,-0.080461,-0.996439),fov=32.431454,dt=0.014907},
	{cf=CFrame.new(0.088043,-2.463033,-12.906281,-0.999685,-0.003614,-0.024833,-0.001590,0.996710,-0.081028,0.025044,-0.080963,-0.996402),fov=32.404938,dt=0.015104},
	{cf=CFrame.new(0.060181,-2.431813,-12.834686,-0.999690,-0.003680,-0.024625,-0.001662,0.996675,-0.081464,0.024842,-0.081397,-0.996372),fov=32.379639,dt=0.013987},
	{cf=CFrame.new(0.029327,-2.390599,-12.787292,-0.999694,-0.003721,-0.024437,-0.001711,0.996651,-0.081749,0.024660,-0.081682,-0.996353),fov=32.379639,dt=0.016346},
	{cf=CFrame.new(0.000061,-2.346008,-12.730499,-0.999702,-0.003759,-0.024114,-0.001769,0.996626,-0.082053,0.024342,-0.081986,-0.996336),fov=32.355675,dt=0.016239},
	{cf=CFrame.new(-0.029419,-2.295254,-12.682404,-0.999711,-0.003780,-0.023722,-0.001816,0.996608,-0.082275,0.023952,-0.082208,-0.996327),fov=32.332859,dt=0.017480},
	{cf=CFrame.new(-0.057037,-2.247760,-12.639679,-0.999723,-0.003782,-0.023234,-0.001855,0.996597,-0.082412,0.023467,-0.082346,-0.996327),fov=32.311165,dt=0.015625},
	{cf=CFrame.new(-0.087921,-2.195035,-12.606689,-0.999737,-0.003766,-0.022642,-0.001887,0.996593,-0.082458,0.022875,-0.082394,-0.996337),fov=32.290546,dt=0.016995},
	{cf=CFrame.new(-0.118896,-2.142973,-12.581329,-0.999752,-0.003708,-0.021947,-0.001888,0.996601,-0.082353,0.022178,-0.082291,-0.996361),fov=32.270985,dt=0.016926},
	{cf=CFrame.new(-0.149567,-2.092841,-12.563385,-0.999770,-0.003588,-0.021148,-0.001841,0.996627,-0.082047,0.021371,-0.081989,-0.996404),fov=32.252457,dt=0.016908},
	{cf=CFrame.new(-0.180328,-2.044883,-12.554688,-0.999789,-0.003411,-0.020259,-0.001747,0.996667,-0.081555,0.020469,-0.081502,-0.996463),fov=32.234909,dt=0.017489},
	{cf=CFrame.new(-0.210907,-2.005434,-12.546265,-0.999809,-0.003183,-0.019276,-0.001613,0.996722,-0.080891,0.019471,-0.080845,-0.996536),fov=32.202698,dt=0.016443},
	{cf=CFrame.new(-0.241943,-1.973917,-12.540070,-0.999830,-0.002908,-0.018224,-0.001440,0.996788,-0.080072,0.018398,-0.080032,-0.996622),fov=32.202698,dt=0.015758},
	{cf=CFrame.new(-0.276764,-1.947761,-12.541626,-0.999850,-0.002593,-0.017112,-0.001231,0.996865,-0.079111,0.017264,-0.079078,-0.996719),fov=32.187962,dt=0.016762},
	{cf=CFrame.new(-0.313354,-1.929075,-12.548553,-0.999870,-0.002241,-0.015933,-0.000991,0.996951,-0.078023,0.016060,-0.077997,-0.996824),fov=32.174107,dt=0.016886},
	{cf=CFrame.new(-0.349701,-1.918219,-12.557892,-0.999890,-0.001858,-0.014712,-0.000722,0.997044,-0.076824,0.014811,-0.076805,-0.996936),fov=32.161098,dt=0.016189},
	{cf=CFrame.new(-0.387909,-1.913694,-12.573029,-0.999908,-0.001444,-0.013452,-0.000424,0.997144,-0.075529,0.013522,-0.075516,-0.997053),fov=32.148918,dt=0.016546},
	{cf=CFrame.new(-0.427094,-1.914735,-12.592407,-0.999925,-0.001011,-0.012160,-0.000106,0.997247,-0.074151,0.012202,-0.074145,-0.997173),fov=32.137527,dt=0.016675},
	{cf=CFrame.new(-0.467926,-1.920169,-12.616882,-0.999941,-0.000559,-0.010853,0.000231,0.997353,-0.072708,0.010865,-0.072706,-0.997294),fov=32.126904,dt=0.017251},
	{cf=CFrame.new(-0.505157,-1.927500,-12.637756,-0.999954,-0.000093,-0.009537,0.000587,0.997461,-0.071212,0.009520,-0.071214,-0.997416),fov=32.117023,dt=0.015864},
	{cf=CFrame.new(-0.544525,-1.936796,-12.664581,-0.999966,0.000380,-0.008221,0.000952,0.997569,-0.069679,0.008175,-0.069685,-0.997536),fov=32.107841,dt=0.016798},
	{cf=CFrame.new(-0.582977,-1.947553,-12.692780,-0.999976,0.000854,-0.006904,0.001323,0.997676,-0.068125,0.006830,-0.068132,-0.997653),fov=32.099358,dt=0.016775},
	{cf=CFrame.new(-0.622009,-1.960321,-12.725677,-0.999983,0.001331,-0.005589,0.001700,0.997781,-0.066563,0.005488,-0.066571,-0.997766),fov=32.091526,dt=0.017586},
	{cf=CFrame.new(-0.656494,-1.973468,-12.754089,-0.999989,0.001806,-0.004334,0.002084,0.997883,-0.065008,0.004207,-0.065017,-0.997875),fov=32.084324,dt=0.016385},
	{cf=CFrame.new(-0.690582,-1.988546,-12.786499,-0.999993,0.002272,-0.003095,0.002464,0.997980,-0.063476,0.002945,-0.063484,-0.997978),fov=32.077721,dt=0.017180},
	{cf=CFrame.new(-0.718933,-2.003180,-12.812012,-0.999995,0.002721,-0.001840,0.002829,0.998073,-0.061982,0.001668,-0.061987,-0.998075),fov=32.071693,dt=0.015567},
	{cf=CFrame.new(-0.743530,-2.015922,-12.840088,-0.999995,0.003132,-0.000721,0.003170,0.998161,-0.060541,0.000530,-0.060543,-0.998165),fov=32.066227,dt=0.016768},
	{cf=CFrame.new(-0.762268,-2.027083,-12.865509,-0.999993,0.003573,0.000512,0.003537,0.998242,-0.059165,-0.000723,-0.059163,-0.998248),fov=32.061268,dt=0.016612},
	{cf=CFrame.new(-0.775848,-2.036935,-12.889496,-0.999991,0.003954,0.001558,0.003857,0.998317,-0.057872,-0.001784,-0.057866,-0.998323),fov=32.056812,dt=0.016823},
	{cf=CFrame.new(-0.783539,-2.044905,-12.907776,-0.999988,0.004298,0.002494,0.004149,0.998384,-0.056676,-0.002734,-0.056665,-0.998389),fov=32.052822,dt=0.016014},
	{cf=CFrame.new(-0.786743,-2.053275,-12.939423,-0.999984,0.004613,0.003326,0.004421,0.998444,-0.055591,-0.003578,-0.055576,-0.998448),fov=32.046150,dt=0.020189},
	{cf=CFrame.new(-0.781586,-2.059100,-12.958160,-0.999979,0.004960,0.004190,0.004725,0.998506,-0.054427,-0.004453,-0.054406,-0.998509),fov=32.043419,dt=0.021420},
	{cf=CFrame.new(-0.769440,-2.061029,-12.963898,-0.999974,0.005233,0.004908,0.004963,0.998556,-0.053483,-0.005181,-0.053457,-0.998557),fov=32.041042,dt=0.019918},
	{cf=CFrame.new(-0.753021,-2.060461,-12.958618,-0.999970,0.005437,0.005429,0.005143,0.998593,-0.052784,-0.005708,-0.052754,-0.998591),fov=32.039013,dt=0.018679},
	{cf=CFrame.new(-0.729431,-2.057690,-12.965424,-0.999968,0.005542,0.005696,0.005236,0.998610,-0.052431,-0.005979,-0.052400,-0.998608),fov=32.037292,dt=0.021140},
	{cf=CFrame.new(-0.698425,-2.052419,-12.952148,-0.999967,0.005595,0.005816,0.005283,0.998620,-0.052249,-0.006100,-0.052216,-0.998617),fov=32.034683,dt=0.021469},
	{cf=CFrame.new(-0.663727,-2.046169,-12.924774,-0.999973,0.005091,0.005251,0.004803,0.998560,-0.053434,-0.005515,-0.053407,-0.998558),fov=32.033745,dt=0.019517},
	{cf=CFrame.new(-0.624481,-2.039368,-12.886078,-0.999986,0.003773,0.003766,0.003554,0.998395,-0.056531,-0.003974,-0.056516,-0.998394),fov=32.033009,dt=0.018899},
	{cf=CFrame.new(-0.577972,-2.031772,-12.839966,-0.999997,0.001708,0.001462,0.001615,0.998116,-0.061340,-0.001564,-0.061338,-0.998116),fov=32.032459,dt=0.020907},
	{cf=CFrame.new(-0.531372,-2.024664,-12.795380,-0.999999,-0.000443,-0.001114,-0.000368,0.997797,-0.066350,0.001141,-0.066349,-0.997796),fov=32.031803,dt=0.019175},
	{cf=CFrame.new(-0.488953,-2.017770,-12.725372,-0.999982,-0.003667,-0.004637,-0.003315,0.997269,-0.073781,0.004895,-0.073764,-0.997264),fov=32.031803,dt=0.016091},
	{cf=CFrame.new(-0.433411,-2.009665,-12.662872,-0.999947,-0.006653,-0.007833,-0.006000,0.996725,-0.080647,0.008344,-0.080596,-0.996712),fov=32.031559,dt=0.020533},
	{cf=CFrame.new(-0.373657,-2.000627,-12.573914,-0.999866,-0.010827,-0.012242,-0.009680,0.995881,-0.090151,0.013167,-0.090021,-0.995853),fov=32.031528,dt=0.020928},
	{cf=CFrame.new(-0.305298,-1.990559,-12.474060,-0.999739,-0.015362,-0.016930,-0.013587,0.994856,-0.100386,0.018385,-0.100129,-0.994804),fov=32.031525,dt=0.023563},
	{cf=CFrame.new(-0.246185,-1.981406,-12.367249,-0.999559,-0.020178,-0.021798,-0.017635,0.993647,-0.111147,0.023902,-0.110714,-0.993565),fov=32.053158,dt=0.019750},
	{cf=CFrame.new(-0.189972,-1.972502,-12.254303,-0.999324,-0.025190,-0.026755,-0.021739,0.992263,-0.122235,0.029627,-0.121571,-0.992140),fov=32.078739,dt=0.018817},
	{cf=CFrame.new(-0.125580,-1.962320,-12.130676,-0.999038,-0.030298,-0.031712,-0.025811,0.990723,-0.133425,0.035460,-0.132478,-0.990551),fov=32.112892,dt=0.021928},
	{cf=CFrame.new(-0.068909,-1.952351,-12.002960,-0.998705,-0.035398,-0.036540,-0.029770,0.989061,-0.144477,0.041254,-0.143202,-0.988833),fov=32.154648,dt=0.019427},
	{cf=CFrame.new(-0.013977,-1.941765,-11.869507,-0.998336,-0.040384,-0.041160,-0.033540,0.987316,-0.155186,0.046904,-0.153547,-0.987027),fov=32.203064,dt=0.019305},
	{cf=CFrame.new(0.035309,-1.930992,-11.753326,-0.998024,-0.044211,-0.044639,-0.036368,0.985900,-0.163335,0.051231,-0.161389,-0.985560),fov=32.316055,dt=0.018610},
	{cf=CFrame.new(0.081024,-1.918470,-11.608856,-0.997626,-0.048728,-0.048668,-0.039636,0.984146,-0.172877,0.056320,-0.170537,-0.983740),fov=32.378700,dt=0.018539},
	{cf=CFrame.new(0.125854,-1.904484,-11.480255,-0.997315,-0.052016,-0.051558,-0.041966,0.982813,-0.179772,0.060023,-0.177126,-0.982356),fov=32.444130,dt=0.019817},
	{cf=CFrame.new(0.167786,-1.887769,-11.317810,-0.996956,-0.055599,-0.054665,-0.044459,0.981307,-0.187243,0.064053,-0.184243,-0.980791),fov=32.511375,dt=0.019002},
	{cf=CFrame.new(0.207733,-1.868918,-11.145905,-0.996645,-0.058551,-0.057187,-0.046480,0.980026,-0.193361,0.067366,-0.190054,-0.979460),fov=32.579403,dt=0.019053},
	{cf=CFrame.new(0.245300,-1.848676,-10.993103,-0.996447,-0.060376,-0.058727,-0.047714,0.979216,-0.197126,0.069409,-0.193623,-0.978617),fov=32.647179,dt=0.019139},
	{cf=CFrame.new(0.281097,-1.826146,-10.803802,-0.996278,-0.061893,-0.060002,-0.048731,0.978532,-0.200249,0.071108,-0.196580,-0.977906),fov=32.713680,dt=0.019645},
	{cf=CFrame.new(0.314453,-1.803866,-10.637146,-0.996221,-0.062396,-0.060421,-0.049066,0.978304,-0.201280,0.071670,-0.197555,-0.977668),fov=32.838566,dt=0.019597},
	{cf=CFrame.new(0.343353,-1.770082,-10.437714,-0.996266,-0.062371,-0.059698,-0.049219,0.978392,-0.200816,0.070933,-0.197128,-0.977808),fov=32.894787,dt=0.018800},
	{cf=CFrame.new(0.381012,-1.698358,-10.218567,-0.996477,-0.061865,-0.056620,-0.049508,0.978897,-0.198266,0.067691,-0.194764,-0.978512),fov=32.945396,dt=0.027763},
	{cf=CFrame.new(0.413971,-1.606247,-10.003235,-0.996792,-0.060947,-0.051867,-0.049797,0.979697,-0.194204,0.062650,-0.190998,-0.979589),fov=33.025349,dt=0.029416},
	{cf=CFrame.new(0.432495,-1.458439,-9.716888,-0.997411,-0.058490,-0.041826,-0.049790,0.981448,-0.185150,0.051880,-0.182588,-0.981820),fov=33.052464,dt=0.022072},
	{cf=CFrame.new(0.444092,-1.345591,-9.518646,-0.997888,-0.055786,-0.033272,-0.049056,0.983006,-0.176896,0.042574,-0.174890,-0.983667),fov=33.075466,dt=0.017878},
	{cf=CFrame.new(0.453339,-1.275605,-9.393372,-0.998191,-0.053458,-0.027512,-0.047994,0.984118,-0.170905,0.036211,-0.169275,-0.984903),fov=33.048874,dt=0.017744},
	{cf=CFrame.new(0.460114,-1.210617,-9.260651,-0.998539,-0.049886,-0.020751,-0.045845,0.985531,-0.163178,0.028591,-0.161988,-0.986378),fov=32.973957,dt=0.019514},
	{cf=CFrame.new(0.463104,-1.178527,-9.169708,-0.998791,-0.046519,-0.015920,-0.043451,0.986642,-0.157001,0.023011,-0.156119,-0.987470),fov=32.858200,dt=0.019813},
	{cf=CFrame.new(0.461395,-1.171329,-9.086639,-0.999076,-0.041533,-0.011060,-0.039417,0.987973,-0.149518,0.017137,-0.148944,-0.988697),fov=32.709229,dt=0.019145},
	{cf=CFrame.new(0.456024,-1.184787,-9.028931,-0.999333,-0.035655,-0.007840,-0.034176,0.989201,-0.142523,0.012837,-0.142160,-0.989760),fov=32.534653,dt=0.018585},
	{cf=CFrame.new(0.446259,-1.208496,-8.999725,-0.999575,-0.028380,-0.006596,-0.027205,0.990134,-0.137458,0.010432,-0.137220,-0.990486),fov=32.341934,dt=0.020177},
	{cf=CFrame.new(0.433563,-1.243861,-8.979523,-0.999882,-0.014097,-0.006058,-0.013175,0.991177,-0.131891,0.007864,-0.131796,-0.991246),fov=31.930645,dt=0.018501},
	{cf=CFrame.new(0.412140,-1.281611,-8.977844,-0.999980,0.000416,-0.006262,0.001216,0.991736,-0.128289,0.006156,-0.128294,-0.991717),fov=31.725603,dt=0.020172},
	{cf=CFrame.new(0.387054,-1.325948,-8.982574,-0.999806,0.018438,-0.006866,0.019152,0.991960,-0.125098,0.004504,-0.125205,-0.992121),fov=31.529432,dt=0.019502},
	{cf=CFrame.new(0.341644,-1.365474,-9.001678,-0.999576,0.028200,-0.007269,0.028883,0.991890,-0.123776,0.003720,-0.123934,-0.992283),fov=31.187372,dt=0.027341},
	{cf=CFrame.new(0.299805,-1.419491,-9.018860,-0.999126,0.041035,-0.007956,0.041703,0.991493,-0.123298,0.002829,-0.123522,-0.992338),fov=31.052774,dt=0.022679},
	{cf=CFrame.new(0.263245,-1.450881,-9.031555,-0.999183,0.039555,-0.008242,0.040273,0.991432,-0.124258,0.003257,-0.124488,-0.992216),fov=30.949774,dt=0.021083},
	{cf=CFrame.new(0.240265,-1.468873,-9.037598,-0.999290,0.036629,-0.008770,0.037440,0.991385,-0.125515,0.004097,-0.125755,-0.992053),fov=30.883829,dt=0.014066},
	{cf=CFrame.new(0.218628,-1.478963,-9.041718,-0.999373,0.034180,-0.009199,0.035069,0.991352,-0.126459,0.004797,-0.126702,-0.991929),fov=30.860561,dt=0.014586},
	{cf=CFrame.new(0.203094,-1.485522,-9.042816,-0.999461,0.031365,-0.009694,0.032346,0.991311,-0.127503,0.005611,-0.127748,-0.991791),fov=30.924791,dt=0.011072},
	{cf=CFrame.new(0.184296,-1.491467,-9.042358,-0.999579,0.027051,-0.010459,0.028176,0.991237,-0.129052,0.006877,-0.129293,-0.991583),fov=30.924791,dt=0.015000},
	{cf=CFrame.new(0.166382,-1.493898,-9.038971,-0.999662,0.023540,-0.011073,0.024783,0.991166,-0.130292,0.007908,-0.130522,-0.991414),fov=31.098209,dt=0.017087},
	{cf=CFrame.new(0.150879,-1.494801,-9.032776,-0.999757,0.018532,-0.011931,0.019947,0.991044,-0.132039,0.009377,-0.132245,-0.991173),fov=31.352659,dt=0.016928},
	{cf=CFrame.new(0.137634,-1.494470,-9.026001,-0.999828,0.013366,-0.012816,0.014962,0.990890,-0.133837,0.010910,-0.134005,-0.990920),fov=31.659637,dt=0.017025},
	{cf=CFrame.new(0.126465,-1.493454,-9.018494,-0.999873,0.008188,-0.013688,0.009969,0.990708,-0.135644,0.012450,-0.135763,-0.990663),fov=31.989017,dt=0.016953},
	{cf=CFrame.new(0.117676,-1.492444,-9.010529,-0.999889,0.003172,-0.014525,0.005139,0.990501,-0.137414,0.013951,-0.137473,-0.990407),fov=32.308315,dt=0.016003},
	{cf=CFrame.new(0.109711,-1.492185,-9.002502,-0.999882,-0.001518,-0.015295,0.000624,0.990278,-0.139102,0.015357,-0.139096,-0.990160),fov=32.582497,dt=0.016477},
	{cf=CFrame.new(0.102325,-1.493103,-8.994293,-0.999856,-0.005724,-0.015980,-0.003419,0.990051,-0.140665,0.016627,-0.140590,-0.989928),fov=32.774529,dt=0.016957},
	{cf=CFrame.new(0.095856,-1.495817,-8.986389,-0.999820,-0.009280,-0.016554,-0.006835,0.989835,-0.142055,0.017704,-0.141917,-0.989720),fov=32.846752,dt=0.016309},
	{cf=CFrame.new(0.089905,-1.500759,-8.979584,-0.999783,-0.012024,-0.017000,-0.009466,0.989645,-0.143228,0.018546,-0.143036,-0.989544),fov=32.846752,dt=0.016625},
	{cf=CFrame.new(0.084473,-1.508359,-8.973938,-0.999756,-0.013794,-0.017277,-0.011161,0.989495,-0.144138,0.019084,-0.143910,-0.989407),fov=32.846752,dt=0.016715},
	{cf=CFrame.new(0.079559,-1.519017,-8.969391,-0.999745,-0.014424,-0.017379,-0.011759,0.989399,-0.144740,0.019282,-0.144499,-0.989317),fov=32.846752,dt=0.016599},
	{cf=CFrame.new(0.075165,-1.532892,-8.965790,-0.999745,-0.014411,-0.017361,-0.011740,0.989338,-0.145162,0.019268,-0.144922,-0.989255),fov=32.846752,dt=0.016473},
	{cf=CFrame.new(0.070770,-1.549222,-8.963043,-0.999747,-0.014360,-0.017321,-0.011687,0.989280,-0.145565,0.019225,-0.145326,-0.989197),fov=32.846752,dt=0.017035},
	{cf=CFrame.new(0.066437,-1.567156,-8.961090,-0.999749,-0.014267,-0.017262,-0.011597,0.989224,-0.145951,0.019158,-0.145714,-0.989141),fov=32.846752,dt=0.016858},
	{cf=CFrame.new(0.062256,-1.585772,-8.959900,-0.999752,-0.014144,-0.017177,-0.011480,0.989171,-0.146318,0.019061,-0.146085,-0.989088),fov=32.846752,dt=0.016529},
	{cf=CFrame.new(0.058136,-1.604128,-8.959381,-0.999756,-0.013986,-0.017077,-0.011332,0.989121,-0.146668,0.018943,-0.146439,-0.989038),fov=32.846752,dt=0.016358},
	{cf=CFrame.new(0.054047,-1.621294,-8.959534,-0.999761,-0.013796,-0.016956,-0.011155,0.989073,-0.147002,0.018799,-0.146778,-0.988991),fov=32.846752,dt=0.016411},
	{cf=CFrame.new(0.049866,-1.636339,-8.960266,-0.999766,-0.013576,-0.016816,-0.010952,0.989028,-0.147320,0.018632,-0.147101,-0.988946),fov=32.846752,dt=0.017105},
	{cf=CFrame.new(0.045990,-1.648177,-8.960754,-0.999772,-0.013327,-0.016663,-0.010723,0.988986,-0.147621,0.018447,-0.147409,-0.988903),fov=32.846752,dt=0.016412},
	{cf=CFrame.new(0.042053,-1.655873,-8.960999,-0.999779,-0.013053,-0.016483,-0.010473,0.988946,-0.147907,0.018231,-0.147702,-0.988864),fov=32.846752,dt=0.017623},
	{cf=CFrame.new(0.038605,-1.658553,-8.961060,-0.999786,-0.012750,-0.016296,-0.010196,0.988908,-0.148179,0.018005,-0.147981,-0.988826),fov=32.846752,dt=0.015740},
	{cf=CFrame.new(0.035095,-1.658150,-8.960938,-0.999793,-0.012436,-0.016094,-0.009911,0.988873,-0.148435,0.017761,-0.148244,-0.988791),fov=32.846752,dt=0.016634},
	{cf=CFrame.new(0.031677,-1.657269,-8.960663,-0.999801,-0.012091,-0.015876,-0.009597,0.988839,-0.148677,0.017496,-0.148495,-0.988758),fov=32.846752,dt=0.017084},
	{cf=CFrame.new(0.028503,-1.655956,-8.960236,-0.999809,-0.011729,-0.015649,-0.009269,0.988808,-0.148905,0.017220,-0.148732,-0.988728),fov=32.846752,dt=0.016263},
	{cf=CFrame.new(0.025299,-1.654236,-8.959625,-0.999817,-0.011347,-0.015413,-0.008923,0.988779,-0.149120,0.016932,-0.148956,-0.988699),fov=32.846752,dt=0.016834},
	{cf=CFrame.new(0.022247,-1.652160,-8.958862,-0.999825,-0.010947,-0.015166,-0.008560,0.988752,-0.149323,0.016630,-0.149167,-0.988672),fov=32.846752,dt=0.016771},
	{cf=CFrame.new(0.019165,-1.649763,-8.958008,-0.999833,-0.010535,-0.014907,-0.008189,0.988726,-0.149512,0.016314,-0.149365,-0.988647),fov=32.846752,dt=0.017370},
	{cf=CFrame.new(0.016388,-1.647117,-8.957062,-0.999842,-0.010111,-0.014644,-0.007806,0.988702,-0.149690,0.015992,-0.149552,-0.988624),fov=32.846752,dt=0.016224},
	{cf=CFrame.new(0.013733,-1.644248,-8.956024,-0.999850,-0.009674,-0.014376,-0.007412,0.988680,-0.149856,0.015663,-0.149727,-0.988603),fov=32.846752,dt=0.016071},
	{cf=CFrame.new(0.011047,-1.641181,-8.954865,-0.999858,-0.009237,-0.014094,-0.007019,0.988660,-0.150010,0.015320,-0.149890,-0.988584),fov=32.846752,dt=0.017279},
	{cf=CFrame.new(0.008575,-1.638002,-8.953705,-0.999866,-0.008778,-0.013819,-0.006604,0.988641,-0.150154,0.014980,-0.150042,-0.988566),fov=32.846752,dt=0.016696},
	{cf=CFrame.new(0.006256,-1.634752,-8.952484,-0.999874,-0.008318,-0.013534,-0.006190,0.988623,-0.150287,0.014630,-0.150184,-0.988550),fov=32.846752,dt=0.016553},
	{cf=CFrame.new(0.003998,-1.631489,-8.951263,-0.999881,-0.007857,-0.013246,-0.005776,0.988607,-0.150410,0.014277,-0.150316,-0.988535),fov=32.846752,dt=0.016215},
	{cf=CFrame.new(0.001770,-1.628205,-8.949890,-0.999889,-0.007391,-0.012955,-0.005357,0.988592,-0.150524,0.013920,-0.150437,-0.988522),fov=32.846752,dt=0.017700},
	{cf=CFrame.new(-0.000488,-1.624949,-8.948364,-0.999896,-0.006924,-0.012665,-0.004938,0.988578,-0.150628,0.013564,-0.150550,-0.988509),fov=32.846752,dt=0.018756},
	{cf=CFrame.new(-0.002716,-1.621241,-8.946838,-0.999904,-0.006345,-0.012307,-0.004417,0.988563,-0.150745,0.013122,-0.150676,-0.988496),fov=32.846752,dt=0.018497},
	{cf=CFrame.new(-0.004944,-1.618256,-8.945068,-0.999910,-0.005878,-0.012027,-0.003997,0.988552,-0.150830,0.012776,-0.150768,-0.988486),fov=32.846752,dt=0.021080},
	{cf=CFrame.new(-0.006989,-1.615135,-8.943512,-0.999918,-0.005303,-0.011669,-0.003481,0.988539,-0.150925,0.012336,-0.150872,-0.988476),fov=32.846752,dt=0.018013},
	{cf=CFrame.new(-0.008820,-1.612481,-8.942017,-0.999925,-0.004747,-0.011324,-0.002982,0.988527,-0.151008,0.011911,-0.150963,-0.988468),fov=32.846752,dt=0.017478},
	{cf=CFrame.new(-0.010834,-1.610490,-8.940125,-0.999930,-0.004308,-0.011056,-0.002588,0.988520,-0.151067,0.011580,-0.151028,-0.988462),fov=32.846752,dt=0.021404},
	{cf=CFrame.new(-0.012543,-1.608850,-8.938507,-0.999935,-0.003771,-0.010719,-0.002108,0.988512,-0.151132,0.011165,-0.151100,-0.988455),fov=32.846752,dt=0.018069},
	{cf=CFrame.new(-0.014191,-1.607933,-8.936890,-0.999940,-0.003360,-0.010460,-0.001740,0.988505,-0.151177,0.010848,-0.151150,-0.988451),fov=32.846752,dt=0.018625},
	{cf=CFrame.new(-0.015778,-1.607768,-8.935577,-0.999944,-0.002869,-0.010159,-0.001300,0.988499,-0.151224,0.010476,-0.151203,-0.988447),fov=32.846752,dt=0.017875},
	{cf=CFrame.new(-0.017212,-1.608039,-8.934479,-0.999948,-0.002487,-0.009931,-0.000957,0.988494,-0.151257,0.010193,-0.151239,-0.988445),fov=32.846752,dt=0.017423},
	{cf=CFrame.new(-0.018524,-1.608757,-8.933624,-0.999951,-0.002130,-0.009707,-0.000637,0.988490,-0.151285,0.009917,-0.151271,-0.988443),fov=32.846752,dt=0.016054},
	{cf=CFrame.new(-0.019928,-1.609737,-8.932800,-0.999953,-0.001785,-0.009491,-0.000328,0.988486,-0.151308,0.009652,-0.151298,-0.988441),fov=32.846752,dt=0.018577},
	{cf=CFrame.new(-0.021851,-1.610756,-8.931946,-0.999956,-0.001467,-0.009295,-0.000043,0.988484,-0.151327,0.009410,-0.151320,-0.988440),fov=32.846752,dt=0.027235},
	{cf=CFrame.new(-0.023621,-1.613558,-8.931396,-0.999959,-0.000960,-0.008991,0.000412,0.988480,-0.151352,0.009033,-0.151350,-0.988439),fov=32.846752,dt=0.023502},
	{cf=CFrame.new(-0.024963,-1.616125,-8.931061,-0.999961,-0.000600,-0.008767,0.000734,0.988477,-0.151366,0.008757,-0.151367,-0.988439),fov=32.846752,dt=0.018950},
	{cf=CFrame.new(-0.026062,-1.617692,-8.930847,-0.999963,-0.000391,-0.008637,0.000921,0.988476,-0.151372,0.008596,-0.151375,-0.988439),fov=32.846752,dt=0.016572},
	{cf=CFrame.new(-0.027313,-1.619071,-8.930634,-0.999964,-0.000216,-0.008531,0.001078,0.988476,-0.151377,0.008466,-0.151380,-0.988439),fov=32.846752,dt=0.019687},
	{cf=CFrame.new(-0.028656,-1.620581,-8.930420,-0.999965,-0.000040,-0.008417,0.001235,0.988475,-0.151380,0.008326,-0.151385,-0.988440),fov=32.846752,dt=0.021409},
	{cf=CFrame.new(-0.029846,-1.621691,-8.930328,-0.999965,0.000080,-0.008331,0.001340,0.988475,-0.151381,0.008223,-0.151387,-0.988440),fov=38.507572,dt=0.020242},
	{cf=CFrame.new(-0.031830,-1.621883,-8.930054,-0.999965,0.000151,-0.008302,0.001406,0.988475,-0.151381,0.008184,-0.151388,-0.988441),fov=47.204411,dt=0.037237},
	{cf=CFrame.new(-2.037445,2.044467,-20.392548,-0.995155,0.004828,-0.098204,0.000000,0.998794,0.049108,0.098323,0.048870,-0.993954),fov=55.085991,dt=0.044533},
	{cf=CFrame.new(-2.034027,2.066408,-20.385223,-0.995155,0.004828,-0.098204,0.000000,0.998794,0.049108,0.098323,0.048870,-0.993954),fov=59.885170,dt=0.036818},
	{cf=CFrame.new(-2.031555,2.085843,-20.378265,-0.995155,0.004828,-0.098204,0.000000,0.998794,0.049108,0.098323,0.048870,-0.993954),fov=62.595566,dt=0.027094},
	{cf=CFrame.new(-2.029938,2.101619,-20.372345,-0.995155,0.004828,-0.098204,0.000000,0.998794,0.049108,0.098323,0.048870,-0.993954),fov=64.219269,dt=0.020048},
	{cf=CFrame.new(-2.028625,2.123574,-20.363647,-0.995155,0.004828,-0.098204,0.000000,0.998794,0.049108,0.098323,0.048870,-0.993954),fov=65.853760,dt=0.025035},
	{cf=CFrame.new(-2.028229,2.145853,-20.354462,-0.995155,0.004828,-0.098204,0.000000,0.998794,0.049108,0.098323,0.048870,-0.993954),fov=67.048439,dt=0.023541},
	{cf=CFrame.new(-2.028687,2.167825,-20.345001,-0.995155,0.004828,-0.098204,0.000000,0.998794,0.049108,0.098323,0.048870,-0.993954),fov=67.924835,dt=0.022379},
	{cf=CFrame.new(-2.030151,2.189465,-20.335449,-0.995155,0.004828,-0.098204,0.000000,0.998794,0.049108,0.098323,0.048870,-0.993954),fov=68.562668,dt=0.021323},
	{cf=CFrame.new(-2.032959,2.213466,-20.324463,-0.995155,0.004828,-0.098204,0.000000,0.998794,0.049108,0.098323,0.048870,-0.993954),fov=69.063599,dt=0.022527},
	{cf=CFrame.new(-2.036621,2.235719,-20.314087,-0.995155,0.004828,-0.098204,0.000000,0.998794,0.049108,0.098323,0.048870,-0.993954),fov=69.394234,dt=0.020553},
	{cf=CFrame.new(-2.041779,2.259534,-20.302704,-0.995155,0.004828,-0.098204,0.000000,0.998794,0.049108,0.098323,0.048870,-0.993954),fov=69.639442,dt=0.021734},
	{cf=CFrame.new(-2.046692,2.279304,-20.293060,-0.995155,0.004828,-0.098204,0.000000,0.998794,0.049108,0.098323,0.048870,-0.993954),fov=69.793320,dt=0.020384},
}

local accumulated = 0
local index = 1
local smoothRootCF = root.CFrame

RunService:BindToRenderStep('FollowCinematic', Enum.RenderPriority.Camera.Value + 1, function(dt)

	accumulated += dt

	smoothRootCF = root.CFrame

	while frames[index] and accumulated >= frames[index].dt do

		accumulated -= frames[index].dt

		local f = frames[index]

		camera.CFrame = smoothRootCF * f.cf
		camera.FieldOfView = f.fov

		index += 1

	end

	if not frames[index] then
		RunService:UnbindFromRenderStep('FollowCinematic')
		camera.CameraType = Enum.CameraType.Custom
	end

end)
