-- Uh Oh
local Players = game:GetService('Players')
local RunService = game:GetService('RunService')

local player = Players.LocalPlayer
local camera = workspace.CurrentCamera

local root = player.Character:WaitForChild('HumanoidRootPart')

camera.CameraType = Enum.CameraType.Scriptable

local frames = {
	{cf=CFrame.new(3.749115,27.919167,23.541100,1.000000,-0.000000,0.000000,0.000000,0.879533,0.475837,-0.000000,-0.475837,0.879533),fov=45.268467,dt=0.033014},
	{cf=CFrame.new(3.301880,19.639973,16.537407,1.000000,-0.000000,0.000000,0.000000,0.939256,0.343216,-0.000000,-0.343216,0.939256),fov=45.445038,dt=0.024809},
	{cf=CFrame.new(6.163513,15.856508,13.155663,0.816783,-0.262908,0.513561,0.043136,0.915475,0.400056,-0.575330,-0.304605,0.759085),fov=45.532074,dt=0.023964},
	{cf=CFrame.new(6.390350,12.042662,10.002213,0.772552,-0.273899,0.572837,0.065153,0.931608,0.357577,-0.631599,-0.238925,0.737562),fov=45.702751,dt=0.022235},
	{cf=CFrame.new(6.595917,9.348064,7.562721,0.737123,-0.278849,0.615544,0.083667,0.941543,0.326338,-0.670560,-0.189051,0.717363),fov=45.786053,dt=0.019920},
	{cf=CFrame.new(6.783630,7.417954,5.756775,0.710301,-0.280734,0.645493,0.098175,0.947574,0.304081,-0.697019,-0.152618,0.700623),fov=45.867767,dt=0.018486},
	{cf=CFrame.new(6.773376,5.938664,4.567390,0.689507,-0.281196,0.667465,0.109660,0.951464,0.287560,-0.715930,-0.125080,0.686877),fov=45.947735,dt=0.019403},
	{cf=CFrame.new(6.663727,4.739444,3.699913,0.671625,-0.281012,0.685530,0.119768,0.954288,0.273843,-0.731147,-0.101815,0.674581),fov=46.025799,dt=0.016544},
	{cf=CFrame.new(6.767395,3.878799,2.909317,0.659291,-0.280582,0.697574,0.126848,0.955971,0.264629,-0.741111,-0.085982,0.665855),fov=46.101795,dt=0.017672},
	{cf=CFrame.new(6.868927,3.144182,2.225784,0.648742,-0.280037,0.707611,0.132984,0.957243,0.256907,-0.749299,-0.072565,0.658244),fov=46.175571,dt=0.019132},
	{cf=CFrame.new(6.878601,2.529523,1.734810,0.639981,-0.279457,0.715771,0.138128,0.958186,0.250601,-0.755874,-0.061512,0.651821),fov=46.315876,dt=0.022924},
	{cf=CFrame.new(6.886505,2.040091,1.330894,0.632499,-0.278890,0.722611,0.142573,0.958907,0.245294,-0.761327,-0.052123,0.646270),fov=46.382126,dt=0.017504},
	{cf=CFrame.new(6.926422,1.720326,1.103821,0.628541,-0.278632,0.726155,0.145028,0.959241,0.242537,-0.764136,-0.047132,0.643332),fov=46.445591,dt=0.016675},
	{cf=CFrame.new(6.978119,1.444082,0.933098,0.625900,-0.278468,0.728495,0.146696,0.959446,0.240713,-0.765983,-0.043795,0.641368),fov=46.506142,dt=0.018991},
	{cf=CFrame.new(7.041260,1.215098,0.802383,0.623910,-0.278403,0.730224,0.148034,0.959578,0.239365,-0.767347,-0.041244,0.639904),fov=46.563663,dt=0.017029},
	{cf=CFrame.new(7.090485,1.056767,0.723198,0.622819,-0.278407,0.731154,0.148820,0.959637,0.238639,-0.768081,-0.039819,0.639113),fov=46.618034,dt=0.016370},
	{cf=CFrame.new(7.091339,0.971537,0.703224,0.622197,-0.278465,0.731661,0.149337,0.959655,0.238243,-0.768485,-0.038970,0.638680),fov=46.669144,dt=0.019295},
	{cf=CFrame.new(7.092163,0.915484,0.701050,0.621823,-0.278552,0.731946,0.149713,0.959652,0.238021,-0.768715,-0.038425,0.638436),fov=46.716896,dt=0.016533},
	{cf=CFrame.new(7.092285,0.867916,0.708954,0.621667,-0.278665,0.732036,0.149963,0.959630,0.237951,-0.768793,-0.038148,0.638360),fov=46.761192,dt=0.019697},
	{cf=CFrame.new(7.105835,0.833985,0.699165,0.621601,-0.278748,0.732060,0.150111,0.959612,0.237932,-0.768817,-0.038008,0.638339),fov=46.801937,dt=0.016280},
	{cf=CFrame.new(7.123230,0.805589,0.692497,0.621551,-0.278855,0.732061,0.150278,0.959586,0.237931,-0.768824,-0.037873,0.638338),fov=46.839054,dt=0.017063},
	{cf=CFrame.new(7.136932,0.775491,0.684494,0.621513,-0.278941,0.732061,0.150411,0.959565,0.237931,-0.768829,-0.037767,0.638338),fov=46.872471,dt=0.018014},
	{cf=CFrame.new(7.149872,0.746948,0.679947,0.621474,-0.279027,0.732062,0.150544,0.959544,0.237931,-0.768835,-0.037661,0.638338),fov=46.902119,dt=0.017437},
	{cf=CFrame.new(7.160034,0.713699,0.682854,0.621435,-0.279113,0.732061,0.150677,0.959523,0.237931,-0.768840,-0.037554,0.638338),fov=46.949856,dt=0.016924},
	{cf=CFrame.new(7.173187,0.684089,0.690536,0.621387,-0.279221,0.732062,0.150843,0.959498,0.237931,-0.768846,-0.037421,0.638338),fov=46.967857,dt=0.016231},
	{cf=CFrame.new(7.180847,0.656020,0.691307,0.621358,-0.279285,0.732062,0.150942,0.959482,0.237931,-0.768850,-0.037341,0.638338),fov=46.967857,dt=0.016470},
	{cf=CFrame.new(7.191437,0.630282,0.696442,0.621319,-0.279371,0.732061,0.151075,0.959461,0.237931,-0.768855,-0.037235,0.638338),fov=46.981899,dt=0.016162},
	{cf=CFrame.new(7.201691,0.587290,0.694862,0.621280,-0.279457,0.732062,0.151208,0.959440,0.237931,-0.768861,-0.037128,0.638337),fov=46.991947,dt=0.029794},
	{cf=CFrame.new(7.212311,0.557009,0.695251,0.621245,-0.279536,0.732062,0.151330,0.959421,0.237931,-0.768865,-0.037030,0.638338),fov=47.000000,dt=0.023372},
	{cf=CFrame.new(7.233978,0.537036,0.697533,0.621193,-0.279653,0.732062,0.151510,0.959392,0.237931,-0.768872,-0.036886,0.638338),fov=47.000000,dt=0.018459},
	{cf=CFrame.new(7.247467,0.519573,0.696686,0.621160,-0.279726,0.732062,0.151623,0.959375,0.237931,-0.768877,-0.036796,0.638337),fov=47.000000,dt=0.016963},
	{cf=CFrame.new(7.258148,0.502931,0.694633,0.621134,-0.279784,0.732062,0.151712,0.959360,0.237931,-0.768880,-0.036724,0.638338),fov=47.000000,dt=0.017197},
	{cf=CFrame.new(7.266571,0.489835,0.695015,0.621107,-0.279842,0.732062,0.151802,0.959346,0.237931,-0.768884,-0.036652,0.638337),fov=47.000000,dt=0.016821},
	{cf=CFrame.new(7.272644,0.480933,0.698120,0.621081,-0.279901,0.732061,0.151892,0.959332,0.237931,-0.768887,-0.036580,0.638338),fov=47.000000,dt=0.015486},
	{cf=CFrame.new(7.278717,0.472303,0.701141,0.621055,-0.279959,0.732062,0.151982,0.959318,0.237931,-0.768890,-0.036508,0.638337),fov=47.000000,dt=0.016187},
	{cf=CFrame.new(7.284821,0.463392,0.703804,0.621028,-0.280017,0.732062,0.152072,0.959303,0.237931,-0.768894,-0.036436,0.638338),fov=47.000000,dt=0.017697},
	{cf=CFrame.new(7.290955,0.455678,0.706833,0.621002,-0.280075,0.732062,0.152162,0.959289,0.237931,-0.768897,-0.036363,0.638337),fov=47.000000,dt=0.017348},
	{cf=CFrame.new(7.297211,0.448643,0.708794,0.620979,-0.280127,0.732061,0.152241,0.959276,0.237931,-0.768900,-0.036300,0.638338),fov=47.000000,dt=0.015550},
	{cf=CFrame.new(7.303680,0.440007,0.708527,0.620959,-0.280171,0.732061,0.152310,0.959266,0.237931,-0.768903,-0.036245,0.638338),fov=47.000000,dt=0.016947},
	{cf=CFrame.new(7.310089,0.432659,0.708794,0.620939,-0.280215,0.732061,0.152379,0.959255,0.237931,-0.768905,-0.036190,0.638338),fov=47.000000,dt=0.015893},
	{cf=CFrame.new(7.316559,0.426161,0.709343,0.620919,-0.280260,0.732061,0.152447,0.959244,0.237931,-0.768908,-0.036135,0.638338),fov=47.000000,dt=0.015324},
	{cf=CFrame.new(7.322998,0.419593,0.709648,0.620899,-0.280304,0.732061,0.152516,0.959233,0.237931,-0.768910,-0.036080,0.638338),fov=47.000000,dt=0.016331},
	{cf=CFrame.new(7.329498,0.413755,0.710251,0.620879,-0.280348,0.732061,0.152584,0.959222,0.237931,-0.768913,-0.036025,0.638338),fov=47.000000,dt=0.015841},
	{cf=CFrame.new(7.335999,0.408847,0.711288,0.620859,-0.280393,0.732061,0.152653,0.959211,0.237931,-0.768916,-0.035970,0.638338),fov=47.000000,dt=0.014751},
	{cf=CFrame.new(7.342438,0.402821,0.711418,0.620839,-0.280437,0.732061,0.152721,0.959200,0.237931,-0.768918,-0.035915,0.638338),fov=47.000000,dt=0.018121},
	{cf=CFrame.new(7.347260,0.395839,0.709648,0.620824,-0.280470,0.732061,0.152773,0.959192,0.237931,-0.768920,-0.035874,0.638338),fov=47.000000,dt=0.020255},
	{cf=CFrame.new(7.353729,0.391007,0.710144,0.620804,-0.280515,0.732061,0.152841,0.959181,0.237931,-0.768922,-0.035819,0.638338),fov=47.000000,dt=0.017383},
	{cf=CFrame.new(7.363495,0.387532,0.713570,0.620774,-0.280581,0.732061,0.152944,0.959165,0.237931,-0.768926,-0.035737,0.638338),fov=47.000000,dt=0.017980},
	{cf=CFrame.new(7.368317,0.383162,0.713074,0.620759,-0.280614,0.732061,0.152995,0.959157,0.237931,-0.768928,-0.035696,0.638338),fov=47.000000,dt=0.016637},
	{cf=CFrame.new(7.376434,0.380030,0.715195,0.620734,-0.280670,0.732061,0.153081,0.959143,0.237931,-0.768931,-0.035627,0.638338),fov=47.000000,dt=0.017705},
	{cf=CFrame.new(7.382812,0.376856,0.716049,0.620714,-0.280714,0.732061,0.153150,0.959132,0.237931,-0.768934,-0.035572,0.638338),fov=47.000000,dt=0.017459},
	{cf=CFrame.new(7.389099,0.373899,0.716675,0.620694,-0.280759,0.732061,0.153218,0.959121,0.237931,-0.768936,-0.035517,0.638338),fov=47.000000,dt=0.018107},
	{cf=CFrame.new(7.397125,0.372618,0.719673,0.620669,-0.280814,0.732061,0.153304,0.959107,0.237931,-0.768939,-0.035448,0.638338),fov=47.000000,dt=0.015424},
	{cf=CFrame.new(7.401733,0.370063,0.719292,0.620654,-0.280847,0.732061,0.153355,0.959099,0.237931,-0.768941,-0.035407,0.638338),fov=47.000000,dt=0.017053},
	{cf=CFrame.new(7.408020,0.368997,0.721176,0.620634,-0.280892,0.732061,0.153424,0.959088,0.237931,-0.768944,-0.035352,0.638338),fov=47.000000,dt=0.014309},
	{cf=CFrame.new(7.414246,0.367444,0.722191,0.620614,-0.280936,0.732061,0.153492,0.959077,0.237931,-0.768946,-0.035297,0.638338),fov=47.000000,dt=0.017513},
	{cf=CFrame.new(7.420441,0.366374,0.723541,0.620594,-0.280980,0.732061,0.153561,0.959066,0.237931,-0.768949,-0.035242,0.638338),fov=47.000000,dt=0.016428},
	{cf=CFrame.new(7.426208,0.362435,0.720589,0.620574,-0.281025,0.732061,0.153629,0.959055,0.237931,-0.768951,-0.035187,0.638338),fov=47.000000,dt=0.033969},
	{cf=CFrame.new(7.432190,0.361314,0.720940,0.620554,-0.281069,0.732061,0.153698,0.959044,0.237931,-0.768954,-0.035132,0.638338),fov=47.000000,dt=0.020600},
	{cf=CFrame.new(7.444824,0.363055,0.727585,0.620514,-0.281158,0.732061,0.153835,0.959022,0.237931,-0.768959,-0.035023,0.638338),fov=47.000000,dt=0.018377},
	{cf=CFrame.new(7.454193,0.364007,0.731728,0.620484,-0.281224,0.732061,0.153938,0.959006,0.237931,-0.768962,-0.034940,0.638338),fov=47.000000,dt=0.017209},
	{cf=CFrame.new(7.460297,0.364122,0.733353,0.620463,-0.281268,0.732061,0.154006,0.958995,0.237931,-0.768965,-0.034885,0.638338),fov=47.000000,dt=0.016101},
	{cf=CFrame.new(7.464691,0.363773,0.733528,0.620448,-0.281302,0.732061,0.154058,0.958987,0.237931,-0.768967,-0.034844,0.638338),fov=47.000000,dt=0.016187},
	{cf=CFrame.new(7.470764,0.364340,0.735672,0.620428,-0.281346,0.732061,0.154126,0.958976,0.237931,-0.768969,-0.034789,0.638338),fov=47.000000,dt=0.014211},
	{cf=CFrame.new(7.476776,0.364717,0.737144,0.620408,-0.281390,0.732061,0.154195,0.958965,0.237931,-0.768972,-0.034734,0.638339),fov=47.000000,dt=0.016595},
	{cf=CFrame.new(7.482910,0.365458,0.739334,0.620388,-0.281435,0.732061,0.154263,0.958953,0.237931,-0.768974,-0.034679,0.638339),fov=47.000000,dt=0.014220},
	{cf=CFrame.new(7.487244,0.365399,0.739365,0.620373,-0.281468,0.732061,0.154315,0.958945,0.237931,-0.768976,-0.034638,0.638338),fov=47.000000,dt=0.017099},
	{cf=CFrame.new(7.493286,0.366232,0.741341,0.620353,-0.281512,0.732061,0.154383,0.958934,0.237930,-0.768978,-0.034583,0.638339),fov=47.000000,dt=0.014853},
	{cf=CFrame.new(7.499146,0.366770,0.742218,0.620333,-0.281557,0.732061,0.154452,0.958923,0.237931,-0.768981,-0.034528,0.638339),fov=47.000000,dt=0.019502},
	{cf=CFrame.new(7.505127,0.367808,0.744194,0.620313,-0.281601,0.732061,0.154520,0.958912,0.237930,-0.768983,-0.034473,0.638339),fov=47.000000,dt=0.015228},
	{cf=CFrame.new(7.511108,0.368946,0.746193,0.620293,-0.281645,0.732061,0.154589,0.958901,0.237931,-0.768986,-0.034418,0.638339),fov=47.000000,dt=0.015156},
	{cf=CFrame.new(7.516937,0.369962,0.747391,0.620273,-0.281689,0.732061,0.154657,0.958890,0.237930,-0.768988,-0.034363,0.638339),fov=47.000000,dt=0.018232},
	{cf=CFrame.new(7.522858,0.371281,0.749374,0.620252,-0.281734,0.732061,0.154726,0.958879,0.237931,-0.768991,-0.034308,0.638339),fov=47.000000,dt=0.015158},
	{cf=CFrame.new(7.528656,0.372514,0.750717,0.620232,-0.281778,0.732061,0.154794,0.958868,0.237931,-0.768993,-0.034253,0.638339),fov=47.000000,dt=0.017913},
	{cf=CFrame.new(7.534576,0.373988,0.752724,0.620212,-0.281822,0.732061,0.154863,0.958857,0.237930,-0.768996,-0.034198,0.638339),fov=47.000000,dt=0.015090},
	{cf=CFrame.new(7.540344,0.375437,0.754311,0.620192,-0.281867,0.732061,0.154931,0.958846,0.237930,-0.768998,-0.034143,0.638339),fov=47.000000,dt=0.016836},
	{cf=CFrame.new(7.546112,0.376903,0.755661,0.620172,-0.281911,0.732061,0.155000,0.958835,0.237930,-0.769000,-0.034088,0.638339),fov=47.000000,dt=0.018060},
	{cf=CFrame.new(7.551971,0.378555,0.757690,0.620152,-0.281955,0.732061,0.155068,0.958824,0.237930,-0.769003,-0.034034,0.638339),fov=47.000000,dt=0.015220},
	{cf=CFrame.new(7.557800,0.380207,0.759407,0.620132,-0.282000,0.732061,0.155137,0.958813,0.237930,-0.769005,-0.033979,0.638339),fov=47.000000,dt=0.016470},
	{cf=CFrame.new(7.563538,0.381885,0.760963,0.620112,-0.282044,0.732061,0.155205,0.958802,0.237930,-0.769008,-0.033924,0.638339),fov=47.000000,dt=0.017235},
	{cf=CFrame.new(7.569305,0.383655,0.762856,0.620091,-0.282088,0.732061,0.155274,0.958790,0.237930,-0.769010,-0.033869,0.638339),fov=47.000000,dt=0.015913},
	{cf=CFrame.new(7.575012,0.385426,0.764427,0.620071,-0.282133,0.732061,0.155342,0.958779,0.237930,-0.769013,-0.033814,0.638339),fov=47.000000,dt=0.017283},
	{cf=CFrame.new(7.580780,0.387265,0.766205,0.620051,-0.282177,0.732061,0.155411,0.958768,0.237930,-0.769015,-0.033759,0.638339),fov=47.000000,dt=0.016357},
	{cf=CFrame.new(7.586487,0.389131,0.767944,0.620031,-0.282221,0.732061,0.155479,0.958757,0.237930,-0.769017,-0.033704,0.638339),fov=47.000000,dt=0.016736},
	{cf=CFrame.new(7.592224,0.391028,0.769676,0.620011,-0.282265,0.732061,0.155548,0.958746,0.237930,-0.769020,-0.033649,0.638339),fov=47.000000,dt=0.016830},
	{cf=CFrame.new(7.597931,0.392964,0.771500,0.619991,-0.282310,0.732061,0.155616,0.958735,0.237930,-0.769022,-0.033594,0.638339),fov=47.000000,dt=0.016470},
	{cf=CFrame.new(7.603668,0.394934,0.773354,0.619971,-0.282354,0.732061,0.155685,0.958724,0.237930,-0.769025,-0.033539,0.638339),fov=47.000000,dt=0.016165},
	{cf=CFrame.new(7.609344,0.396907,0.775002,0.619950,-0.282398,0.732061,0.155753,0.958713,0.237930,-0.769027,-0.033484,0.638339),fov=47.000000,dt=0.017342},
	{cf=CFrame.new(7.615082,0.398924,0.776909,0.619930,-0.282443,0.732061,0.155822,0.958701,0.237930,-0.769029,-0.033429,0.638339),fov=47.000000,dt=0.016303},
	{cf=CFrame.new(7.620789,0.400956,0.778709,0.619910,-0.282487,0.732061,0.155890,0.958690,0.237930,-0.769032,-0.033374,0.638339),fov=47.000000,dt=0.016690},
	{cf=CFrame.new(7.626465,0.403009,0.780548,0.619890,-0.282531,0.732061,0.155959,0.958679,0.237930,-0.769034,-0.033319,0.638339),fov=47.000000,dt=0.016492},
	{cf=CFrame.new(7.632080,0.405069,0.782204,0.619870,-0.282576,0.732061,0.156027,0.958668,0.237930,-0.769036,-0.033264,0.638339),fov=47.000000,dt=0.017461},
	{cf=CFrame.new(7.637787,0.407161,0.784164,0.619849,-0.282620,0.732061,0.156096,0.958657,0.237930,-0.769039,-0.033209,0.638339),fov=47.000000,dt=0.016242},
	{cf=CFrame.new(7.643463,0.409267,0.786110,0.619829,-0.282664,0.732060,0.156164,0.958646,0.237930,-0.769041,-0.033154,0.638339),fov=47.000000,dt=0.016293},
	{cf=CFrame.new(7.649109,0.411379,0.787880,0.619809,-0.282708,0.732061,0.156233,0.958635,0.237930,-0.769044,-0.033099,0.638339),fov=47.000000,dt=0.017006},
	{cf=CFrame.new(7.654785,0.413500,0.789619,0.619789,-0.282753,0.732060,0.156301,0.958624,0.237930,-0.769046,-0.033045,0.638339),fov=47.000000,dt=0.017526},
	{cf=CFrame.new(7.660461,0.415645,0.791626,0.619769,-0.282797,0.732061,0.156370,0.958612,0.237930,-0.769048,-0.032990,0.638339),fov=47.000000,dt=0.016236},
	{cf=CFrame.new(7.666107,0.417796,0.793541,0.619748,-0.282841,0.732061,0.156438,0.958601,0.237930,-0.769051,-0.032935,0.638339),fov=47.000000,dt=0.016598},
	{cf=CFrame.new(7.671814,0.419964,0.795662,0.619728,-0.282886,0.732061,0.156507,0.958590,0.237930,-0.769053,-0.032880,0.638339),fov=47.000000,dt=0.015721},
	{cf=CFrame.new(7.677399,0.422123,0.797318,0.619708,-0.282930,0.732060,0.156575,0.958579,0.237930,-0.769055,-0.032825,0.638339),fov=47.000000,dt=0.017911},
	{cf=CFrame.new(7.683014,0.424302,0.799294,0.619688,-0.282974,0.732061,0.156644,0.958568,0.237930,-0.769058,-0.032770,0.638339),fov=47.000000,dt=0.016519},
	{cf=CFrame.new(7.688660,0.426483,0.801170,0.619668,-0.283018,0.732061,0.156712,0.958556,0.237930,-0.769060,-0.032715,0.638339),fov=47.000000,dt=0.017106},
	{cf=CFrame.new(7.694305,0.428676,0.803162,0.619647,-0.283063,0.732061,0.156781,0.958545,0.237930,-0.769062,-0.032660,0.638339),fov=47.000000,dt=0.016584},
	{cf=CFrame.new(7.700043,0.430880,0.805420,0.619627,-0.283107,0.732061,0.156849,0.958534,0.237930,-0.769065,-0.032605,0.638339),fov=47.000000,dt=0.015379},
	{cf=CFrame.new(7.705627,0.433080,0.807350,0.619607,-0.283151,0.732060,0.156918,0.958523,0.237930,-0.769067,-0.032550,0.638339),fov=47.000000,dt=0.017008},
	{cf=CFrame.new(7.711243,0.435285,0.809227,0.619587,-0.283195,0.732061,0.156986,0.958512,0.237930,-0.769069,-0.032495,0.638339),fov=47.000000,dt=0.017236},
	{cf=CFrame.new(7.716888,0.437499,0.811272,0.619567,-0.283240,0.732061,0.157055,0.958500,0.237930,-0.769072,-0.032440,0.638339),fov=47.000000,dt=0.016438},
	{cf=CFrame.new(7.722504,0.439714,0.813286,0.619546,-0.283284,0.732061,0.157123,0.958489,0.237930,-0.769074,-0.032385,0.638339),fov=47.000000,dt=0.016668},
	{cf=CFrame.new(7.728119,0.441932,0.815262,0.619526,-0.283328,0.732061,0.157192,0.958478,0.237930,-0.769076,-0.032330,0.638339),fov=47.000000,dt=0.016962},
	{cf=CFrame.new(7.733795,0.444157,0.817413,0.619506,-0.283373,0.732060,0.157260,0.958467,0.237930,-0.769079,-0.032275,0.638339),fov=47.000000,dt=0.016266},
	{cf=CFrame.new(7.739410,0.446383,0.819435,0.619486,-0.283417,0.732060,0.157329,0.958455,0.237930,-0.769081,-0.032220,0.638339),fov=47.000000,dt=0.016698},
	{cf=CFrame.new(7.744965,0.448612,0.821434,0.619465,-0.283461,0.732061,0.157397,0.958444,0.237930,-0.769083,-0.032165,0.638339),fov=47.000000,dt=0.016967},
	{cf=CFrame.new(7.750702,0.450646,0.823746,0.619445,-0.283505,0.732060,0.157466,0.958433,0.237930,-0.769086,-0.032110,0.638339),fov=40.000000,dt=0.015572},
	{cf=CFrame.new(7.756256,0.451805,0.825554,0.619425,-0.283550,0.732061,0.157534,0.958422,0.237930,-0.769088,-0.032055,0.638339),fov=40.000000,dt=0.016965},
	{cf=CFrame.new(7.761810,0.452206,0.827278,0.619404,-0.283594,0.732061,0.157603,0.958410,0.237930,-0.769090,-0.032000,0.638339),fov=40.000000,dt=0.016718},
	{cf=CFrame.new(7.767212,0.451774,0.828629,0.619384,-0.283638,0.732061,0.157671,0.958399,0.237930,-0.769092,-0.031946,0.638339),fov=40.000000,dt=0.017523},
	{cf=CFrame.new(3.776459,-1.084160,-2.767441,0.944360,-0.104470,0.311882,0.126285,0.990706,-0.050529,-0.303705,0.087104,0.948776),fov=40.000000,dt=0.016805},
	{cf=CFrame.new(2.317993,-1.668343,-3.919456,0.989050,-0.062339,0.133770,0.081085,0.986881,-0.139613,-0.123311,0.148931,0.981129),fov=40.000000,dt=0.015219},
	{cf=CFrame.new(2.317963,-1.671625,-3.924088,0.989011,-0.062801,0.133842,0.081513,0.986895,-0.139259,-0.123342,0.148639,0.981169),fov=40.000000,dt=0.015841},
	{cf=CFrame.new(2.317871,-1.675437,-3.928810,0.988972,-0.063263,0.133914,0.081940,0.986910,-0.138905,-0.123373,0.148346,0.981210),fov=40.000000,dt=0.015926},
	{cf=CFrame.new(2.317627,-1.680228,-3.934029,0.988932,-0.063725,0.133985,0.082367,0.986924,-0.138551,-0.123404,0.148054,0.981250),fov=40.000000,dt=0.017550},
	{cf=CFrame.new(2.317535,-1.684854,-3.938835,0.988893,-0.064186,0.134057,0.082794,0.986938,-0.138197,-0.123436,0.147762,0.981290),fov=40.000000,dt=0.015779},
	{cf=CFrame.new(2.317291,-1.690119,-3.943855,0.988853,-0.064648,0.134128,0.083221,0.986952,-0.137843,-0.123467,0.147469,0.981330),fov=40.000000,dt=0.016422},
	{cf=CFrame.new(2.317047,-1.695707,-3.948845,0.988813,-0.065110,0.134200,0.083648,0.986965,-0.137489,-0.123498,0.147177,0.981370),fov=40.000000,dt=0.016297},
	{cf=CFrame.new(2.316650,-1.702313,-3.954323,0.988773,-0.065572,0.134271,0.084075,0.986978,-0.137135,-0.123530,0.146884,0.981410),fov=40.000000,dt=0.017967},
	{cf=CFrame.new(2.316406,-1.708485,-3.959320,0.988733,-0.066033,0.134342,0.084502,0.986991,-0.136781,-0.123562,0.146592,0.981450),fov=40.000000,dt=0.016228},
	{cf=CFrame.new(2.316132,-1.714683,-3.964149,0.988692,-0.066495,0.134412,0.084929,0.987003,-0.136427,-0.123594,0.146299,0.981489),fov=40.000000,dt=0.015605},
	{cf=CFrame.new(2.315704,-1.722006,-3.969528,0.988651,-0.066957,0.134483,0.085355,0.987015,-0.136072,-0.123626,0.146007,0.981529),fov=40.000000,dt=0.017441},
	{cf=CFrame.new(2.315338,-1.728958,-3.974487,0.988610,-0.067419,0.134554,0.085782,0.987027,-0.135718,-0.123658,0.145715,0.981568),fov=40.000000,dt=0.016161},
	{cf=CFrame.new(2.314850,-1.736771,-3.979828,0.988569,-0.067880,0.134624,0.086209,0.987038,-0.135364,-0.123691,0.145422,0.981607),fov=40.000000,dt=0.017445},
	{cf=CFrame.new(2.314056,-1.746285,-3.985954,0.988528,-0.068342,0.134694,0.086636,0.987049,-0.135009,-0.123723,0.145130,0.981647),fov=40.000000,dt=0.020549},
	{cf=CFrame.new(2.313751,-1.753276,-3.990532,0.988486,-0.068804,0.134764,0.087063,0.987060,-0.134655,-0.123756,0.144838,0.981686),fov=40.000000,dt=0.014910},
	{cf=CFrame.new(2.313660,-1.760507,-3.995316,0.988434,-0.069381,0.134851,0.087596,0.987073,-0.134212,-0.123796,0.144472,0.981734),fov=40.000000,dt=0.015808},
	{cf=CFrame.new(2.313293,-1.767861,-3.999420,0.988402,-0.069728,0.134904,0.087916,0.987081,-0.133946,-0.123821,0.144253,0.981763),fov=40.000000,dt=0.014842},
	{cf=CFrame.new(2.313171,-1.776026,-4.003784,0.988360,-0.070190,0.134973,0.088343,0.987091,-0.133592,-0.123854,0.143961,0.981802),fov=40.000000,dt=0.016484},
	{cf=CFrame.new(2.313202,-1.784463,-4.007957,0.988318,-0.070652,0.135043,0.088770,0.987101,-0.133237,-0.123887,0.143668,0.981841),fov=40.000000,dt=0.016793},
	{cf=CFrame.new(2.313385,-1.792804,-4.011810,0.988275,-0.071113,0.135112,0.089196,0.987110,-0.132882,-0.123920,0.143376,0.981879),fov=40.000000,dt=0.016452},
	{cf=CFrame.new(2.313690,-1.801177,-4.015396,0.988232,-0.071575,0.135181,0.089623,0.987119,-0.132528,-0.123954,0.143083,0.981918),fov=40.000000,dt=0.016342},
	{cf=CFrame.new(2.314056,-1.810350,-4.019005,0.988189,-0.072037,0.135250,0.090050,0.987128,-0.132173,-0.123987,0.142791,0.981956),fov=40.000000,dt=0.017631},
	{cf=CFrame.new(2.314575,-1.818924,-4.022186,0.988146,-0.072499,0.135318,0.090476,0.987136,-0.131818,-0.124021,0.142499,0.981994),fov=40.000000,dt=0.016493},
	{cf=CFrame.new(2.315155,-1.827291,-4.025108,0.988103,-0.072961,0.135387,0.090903,0.987144,-0.131464,-0.124055,0.142207,0.982032),fov=40.000000,dt=0.015988},
	{cf=CFrame.new(2.315826,-1.836612,-4.028069,0.988059,-0.073423,0.135456,0.091329,0.987152,-0.131109,-0.124089,0.141914,0.982070),fov=40.000000,dt=0.017530},
	{cf=CFrame.new(2.316589,-1.845152,-4.030609,0.988015,-0.073885,0.135524,0.091756,0.987160,-0.130754,-0.124123,0.141622,0.982108),fov=40.000000,dt=0.016131},
	{cf=CFrame.new(2.317657,-1.854181,-4.032768,0.987971,-0.074347,0.135592,0.092183,0.987167,-0.130399,-0.124157,0.141330,0.982146),fov=40.000000,dt=0.016945},
	{cf=CFrame.new(2.318909,-1.863332,-4.034561,0.987927,-0.074809,0.135660,0.092609,0.987174,-0.130044,-0.124191,0.141038,0.982184),fov=40.000000,dt=0.017176},
	{cf=CFrame.new(2.320374,-1.872102,-4.035889,0.987883,-0.075271,0.135728,0.093035,0.987180,-0.129690,-0.124226,0.140746,0.982221),fov=40.000000,dt=0.016536},
	{cf=CFrame.new(2.322021,-1.880685,-4.036850,0.987838,-0.075733,0.135795,0.093462,0.987187,-0.129335,-0.124261,0.140453,0.982259),fov=40.000000,dt=0.016187},
	{cf=CFrame.new(2.323883,-1.890087,-4.037506,0.987793,-0.076195,0.135863,0.093888,0.987193,-0.128980,-0.124295,0.140161,0.982296),fov=40.000000,dt=0.017600},
	{cf=CFrame.new(2.325867,-1.898401,-4.037842,0.987748,-0.076657,0.135930,0.094315,0.987198,-0.128624,-0.124330,0.139869,0.982333),fov=40.000000,dt=0.015746},
	{cf=CFrame.new(2.327942,-1.907083,-4.037895,0.987703,-0.077119,0.135997,0.094741,0.987204,-0.128269,-0.124365,0.139577,0.982370),fov=40.000000,dt=0.016321},
	{cf=CFrame.new(2.330200,-1.916110,-4.037643,0.987658,-0.077580,0.136064,0.095167,0.987209,-0.127914,-0.124400,0.139284,0.982408),fov=40.000000,dt=0.016909},
	{cf=CFrame.new(2.332611,-1.924955,-4.037117,0.987612,-0.078042,0.136131,0.095594,0.987213,-0.127559,-0.124435,0.138992,0.982444),fov=40.000000,dt=0.016616},
	{cf=CFrame.new(2.335052,-1.934084,-4.036308,0.987566,-0.078505,0.136198,0.096020,0.987218,-0.127204,-0.124471,0.138700,0.982481),fov=40.000000,dt=0.017122},
	{cf=CFrame.new(2.337555,-1.942650,-4.035347,0.987520,-0.078966,0.136264,0.096446,0.987222,-0.126849,-0.124506,0.138408,0.982518),fov=40.000000,dt=0.016169},
	{cf=CFrame.new(2.340149,-1.951487,-4.034050,0.987474,-0.079429,0.136331,0.096872,0.987226,-0.126494,-0.124542,0.138116,0.982555),fov=40.000000,dt=0.016690},
	{cf=CFrame.new(2.342529,-1.960180,-4.032356,0.987428,-0.079891,0.136397,0.097299,0.987230,-0.126138,-0.124578,0.137824,0.982591),fov=40.000000,dt=0.016741},
	{cf=CFrame.new(2.344788,-1.969152,-4.030174,0.987381,-0.080353,0.136463,0.097725,0.987233,-0.125783,-0.124614,0.137532,0.982627),fov=40.000000,dt=0.017554},
	{cf=CFrame.new(2.346802,-1.977321,-4.027832,0.987334,-0.080815,0.136529,0.098151,0.987236,-0.125428,-0.124650,0.137239,0.982664),fov=40.000000,dt=0.016405},
	{cf=CFrame.new(2.348694,-1.985033,-4.025261,0.987287,-0.081277,0.136594,0.098577,0.987238,-0.125072,-0.124686,0.136947,0.982700),fov=40.000000,dt=0.015762},
	{cf=CFrame.new(2.350433,-1.993042,-4.022270,0.987240,-0.081739,0.136660,0.099003,0.987241,-0.124717,-0.124722,0.136655,0.982736),fov=40.000000,dt=0.016480},
	{cf=CFrame.new(2.352081,-2.001361,-4.018814,0.987193,-0.082201,0.136726,0.099429,0.987243,-0.124361,-0.124759,0.136363,0.982772),fov=40.000000,dt=0.017292},
	{cf=CFrame.new(2.353577,-2.009001,-4.015327,0.987145,-0.082663,0.136791,0.099855,0.987244,-0.124006,-0.124795,0.136071,0.982808),fov=40.000000,dt=0.016216},
	{cf=CFrame.new(2.355011,-2.016789,-4.011436,0.987097,-0.083125,0.136856,0.100281,0.987246,-0.123650,-0.124832,0.135779,0.982843),fov=40.000000,dt=0.016662},
	{cf=CFrame.new(2.356323,-2.024999,-4.007057,0.987049,-0.083587,0.136921,0.100707,0.987247,-0.123295,-0.124868,0.135487,0.982879),fov=40.000000,dt=0.017692},
	{cf=CFrame.new(2.357483,-2.032755,-4.002556,0.987001,-0.084049,0.136986,0.101133,0.987248,-0.122939,-0.124906,0.135195,0.982915),fov=40.000000,dt=0.017116},
	{cf=CFrame.new(2.358246,-2.039942,-3.997826,0.986952,-0.084511,0.137050,0.101559,0.987248,-0.122583,-0.124943,0.134903,0.982950),fov=40.000000,dt=0.016471},
	{cf=CFrame.new(2.358765,-2.046717,-3.992867,0.986904,-0.084973,0.137114,0.101985,0.987248,-0.122228,-0.124980,0.134611,0.982985),fov=40.000000,dt=0.016030},
	{cf=CFrame.new(2.358948,-2.054227,-3.986900,0.986855,-0.085436,0.137179,0.102411,0.987248,-0.121872,-0.125017,0.134319,0.983020),fov=40.000000,dt=0.018119},
	{cf=CFrame.new(2.359344,-2.059925,-3.982040,0.986806,-0.085898,0.137243,0.102836,0.987248,-0.121516,-0.125055,0.134027,0.983055),fov=40.000000,dt=0.014787},
	{cf=CFrame.new(2.359772,-2.066293,-3.976349,0.986757,-0.086360,0.137307,0.103262,0.987247,-0.121161,-0.125092,0.133735,0.983091),fov=40.000000,dt=0.016838},
	{cf=CFrame.new(2.360168,-2.072552,-3.970520,0.986707,-0.086822,0.137371,0.103688,0.987246,-0.120805,-0.125130,0.133443,0.983125),fov=40.000000,dt=0.017231},
	{cf=CFrame.new(2.360657,-2.078133,-3.965012,0.986658,-0.087284,0.137434,0.104114,0.987245,-0.120449,-0.125168,0.133151,0.983160),fov=40.000000,dt=0.016159},
	{cf=CFrame.new(2.361176,-2.084031,-3.958923,0.986608,-0.087746,0.137498,0.104539,0.987243,-0.120093,-0.125206,0.132859,0.983195),fov=40.000000,dt=0.017526},
	{cf=CFrame.new(2.361755,-2.089231,-3.953270,0.986558,-0.088208,0.137561,0.104965,0.987241,-0.119737,-0.125244,0.132567,0.983229),fov=40.000000,dt=0.016258},
	{cf=CFrame.new(2.362366,-2.094266,-3.947563,0.986508,-0.088670,0.137624,0.105391,0.987239,-0.119381,-0.125282,0.132275,0.983264),fov=40.000000,dt=0.016264},
	{cf=CFrame.new(2.362976,-2.099236,-3.941681,0.986457,-0.089133,0.137687,0.105816,0.987236,-0.119025,-0.125321,0.131983,0.983298),fov=40.000000,dt=0.016528},
	{cf=CFrame.new(2.363739,-2.104243,-3.935646,0.986407,-0.089595,0.137750,0.106242,0.987234,-0.118669,-0.125359,0.131691,0.983332),fov=40.000000,dt=0.017115},
	{cf=CFrame.new(2.365051,-2.108718,-3.930450,0.986356,-0.090057,0.137813,0.106667,0.987231,-0.118313,-0.125398,0.131399,0.983367),fov=40.000000,dt=0.016074},
	{cf=CFrame.new(2.366943,-2.113220,-3.925400,0.986305,-0.090519,0.137875,0.107093,0.987227,-0.117957,-0.125437,0.131107,0.983400),fov=40.000000,dt=0.016657},
	{cf=CFrame.new(2.369232,-2.117568,-3.920685,0.986253,-0.090981,0.137938,0.107518,0.987223,-0.117601,-0.125476,0.130815,0.983434),fov=40.000000,dt=0.016712},
	{cf=CFrame.new(2.371979,-2.121752,-3.916252,0.986202,-0.091443,0.138000,0.107944,0.987219,-0.117245,-0.125515,0.130523,0.983468),fov=40.000000,dt=0.016733},
	{cf=CFrame.new(2.375092,-2.125664,-3.912148,0.986150,-0.091906,0.138062,0.108369,0.987215,-0.116889,-0.125554,0.130231,0.983502),fov=40.000000,dt=0.016360},
	{cf=CFrame.new(2.378754,-2.129924,-3.907829,0.986098,-0.092368,0.138124,0.108795,0.987210,-0.116533,-0.125594,0.129940,0.983535),fov=40.000000,dt=0.018187},
	{cf=CFrame.new(2.382660,-2.133759,-3.903885,0.986046,-0.092830,0.138185,0.109220,0.987205,-0.116176,-0.125633,0.129648,0.983569),fov=40.000000,dt=0.017356},
	{cf=CFrame.new(2.386566,-2.137083,-3.900436,0.985994,-0.093292,0.138247,0.109645,0.987200,-0.115820,-0.125673,0.129356,0.983602),fov=40.000000,dt=0.016023},
	{cf=CFrame.new(2.390564,-2.140066,-3.897263,0.985942,-0.093754,0.138309,0.110071,0.987194,-0.115464,-0.125712,0.129064,0.983636),fov=40.000000,dt=0.015171},
	{cf=CFrame.new(2.395142,-2.143365,-3.893738,0.985889,-0.094217,0.138370,0.110496,0.987188,-0.115107,-0.125752,0.128772,0.983669),fov=40.000000,dt=0.016916},
	{cf=CFrame.new(2.400970,-2.147364,-3.889183,0.985836,-0.094679,0.138431,0.110921,0.987182,-0.114751,-0.125792,0.128481,0.983702),fov=40.000000,dt=0.021636},
	{cf=CFrame.new(2.405243,-2.148884,-3.886650,0.985770,-0.095257,0.138507,0.111453,0.987174,-0.114306,-0.125842,0.128116,0.983743),fov=40.000000,dt=0.013680},
	{cf=CFrame.new(2.409363,-2.150719,-3.883575,0.985730,-0.095603,0.138553,0.111772,0.987169,-0.114038,-0.125873,0.127897,0.983767),fov=40.000000,dt=0.015228},
	{cf=CFrame.new(2.414093,-2.152060,-3.880287,0.985676,-0.096065,0.138613,0.112197,0.987162,-0.113682,-0.125913,0.127605,0.983800),fov=40.000000,dt=0.016600},
	{cf=CFrame.new(2.418732,-2.152880,-3.877098,0.985623,-0.096527,0.138674,0.112622,0.987154,-0.113325,-0.125953,0.127314,0.983833),fov=40.000000,dt=0.016023},
	{cf=CFrame.new(2.423584,-2.153381,-3.873627,0.985569,-0.096990,0.138734,0.113047,0.987147,-0.112969,-0.125994,0.127022,0.983865),fov=40.000000,dt=0.017158},
	{cf=CFrame.new(2.428253,-2.153446,-3.870239,0.985515,-0.097452,0.138794,0.113472,0.987139,-0.112612,-0.126035,0.126730,0.983898),fov=40.000000,dt=0.016793},
	{cf=CFrame.new(2.432800,-2.153110,-3.866943,0.985461,-0.097914,0.138854,0.113897,0.987130,-0.112255,-0.126076,0.126438,0.983930),fov=40.000000,dt=0.016052},
	{cf=CFrame.new(2.437408,-2.152450,-3.863434,0.985406,-0.098376,0.138914,0.114322,0.987122,-0.111899,-0.126117,0.126147,0.983962),fov=40.000000,dt=0.016570},
	{cf=CFrame.new(2.441925,-2.151473,-3.859871,0.985351,-0.098839,0.138974,0.114747,0.987113,-0.111542,-0.126158,0.125855,0.983994),fov=40.000000,dt=0.016686},
	{cf=CFrame.new(2.446411,-2.150084,-3.856140,0.985296,-0.099301,0.139033,0.115172,0.987103,-0.111186,-0.126199,0.125564,0.984026),fov=40.000000,dt=0.016976},
	{cf=CFrame.new(2.450684,-2.147963,-3.852264,0.985241,-0.099763,0.139092,0.115597,0.987094,-0.110829,-0.126241,0.125272,0.984058),fov=40.000000,dt=0.017357},
	{cf=CFrame.new(2.454468,-2.145367,-3.848763,0.985186,-0.100225,0.139152,0.116022,0.987084,-0.110472,-0.126282,0.124980,0.984090),fov=40.000000,dt=0.015568},
	{cf=CFrame.new(2.458221,-2.142075,-3.844872,0.985131,-0.100687,0.139211,0.116447,0.987074,-0.110115,-0.126324,0.124689,0.984121),fov=40.000000,dt=0.016611},
	{cf=CFrame.new(2.461731,-2.138254,-3.840919,0.985075,-0.101150,0.139270,0.116871,0.987063,-0.109759,-0.126366,0.124397,0.984153),fov=40.000000,dt=0.016608},
	{cf=CFrame.new(2.465057,-2.133892,-3.836807,0.985019,-0.101612,0.139328,0.117296,0.987053,-0.109402,-0.126408,0.124105,0.984184),fov=40.000000,dt=0.016903},
	{cf=CFrame.new(2.468170,-2.129035,-3.832520,0.984963,-0.102074,0.139387,0.117721,0.987042,-0.109045,-0.126450,0.123814,0.984216),fov=40.000000,dt=0.017134},
	{cf=CFrame.new(2.470947,-2.124055,-3.828453,0.984907,-0.102536,0.139445,0.118146,0.987030,-0.108688,-0.126492,0.123522,0.984247),fov=40.000000,dt=0.015984},
	{cf=CFrame.new(2.473602,-2.118370,-3.823906,0.984850,-0.102998,0.139503,0.118570,0.987018,-0.108331,-0.126534,0.123231,0.984278),fov=40.000000,dt=0.017282},
	{cf=CFrame.new(2.475983,-2.112538,-3.819435,0.984794,-0.103461,0.139561,0.118995,0.987006,-0.107974,-0.126577,0.122939,0.984309),fov=40.000000,dt=0.016646},
	{cf=CFrame.new(2.478088,-2.106419,-3.814865,0.984737,-0.103923,0.139619,0.119420,0.986994,-0.107617,-0.126620,0.122648,0.984340),fov=40.000000,dt=0.016619},
	{cf=CFrame.new(2.480011,-2.100008,-3.810150,0.984680,-0.104385,0.139677,0.119844,0.986982,-0.107260,-0.126662,0.122356,0.984371),fov=40.000000,dt=0.016703},
	{cf=CFrame.new(2.481689,-2.093325,-3.805275,0.984622,-0.104847,0.139735,0.120269,0.986969,-0.106903,-0.126705,0.122065,0.984401),fov=40.000000,dt=0.016812},
	{cf=CFrame.new(2.483185,-2.086509,-3.800339,0.984565,-0.105310,0.139792,0.120693,0.986955,-0.106546,-0.126748,0.121773,0.984432),fov=40.000000,dt=0.016593},
	{cf=CFrame.new(2.484406,-2.079356,-3.795174,0.984507,-0.105772,0.139849,0.121117,0.986942,-0.106189,-0.126791,0.121482,0.984462),fov=40.000000,dt=0.017026},
	{cf=CFrame.new(2.485504,-2.072360,-3.790245,0.984449,-0.106234,0.139906,0.121542,0.986928,-0.105832,-0.126835,0.121190,0.984493),fov=40.000000,dt=0.016136},
	{cf=CFrame.new(2.486725,-2.065178,-3.785439,0.984391,-0.106696,0.139963,0.121966,0.986914,-0.105474,-0.126878,0.120899,0.984523),fov=40.000000,dt=0.016133},
	{cf=CFrame.new(2.487915,-2.057480,-3.780525,0.984333,-0.107158,0.140020,0.122390,0.986900,-0.105117,-0.126921,0.120607,0.984553),fov=40.000000,dt=0.017044},
	{cf=CFrame.new(2.489288,-2.049126,-3.775368,0.984275,-0.107620,0.140077,0.122815,0.986885,-0.104760,-0.126965,0.120316,0.984583),fov=40.000000,dt=0.018403},
	{cf=CFrame.new(2.490570,-2.042008,-3.771301,0.984216,-0.108083,0.140133,0.123239,0.986870,-0.104403,-0.127009,0.120025,0.984613),fov=36.000000,dt=0.015048},
	{cf=CFrame.new(2.491913,-2.034182,-3.766914,0.984157,-0.108545,0.140189,0.123663,0.986855,-0.104045,-0.127053,0.119733,0.984643),fov=36.025974,dt=0.016426},
	{cf=CFrame.new(2.493317,-2.026138,-3.762520,0.984098,-0.109007,0.140246,0.124088,0.986839,-0.103688,-0.127097,0.119442,0.984672),fov=36.051949,dt=0.016702},
	{cf=CFrame.new(2.494659,-2.018060,-3.758217,0.984039,-0.109470,0.140302,0.124512,0.986823,-0.103331,-0.127141,0.119151,0.984702),fov=36.077923,dt=0.016578},
	{cf=CFrame.new(3.610535,-2.460432,-6.611687,0.609303,-0.055908,0.790964,0.171217,0.983256,-0.062394,-0.774232,0.173443,0.608673),fov=36.103897,dt=0.017680},
	{cf=CFrame.new(3.792603,-2.612971,-7.387917,0.388872,-0.031638,0.920749,0.181695,0.982415,-0.042981,-0.903197,0.184010,0.387782),fov=36.129875,dt=0.016927},
	{cf=CFrame.new(3.793304,-2.604653,-7.384895,0.388714,-0.031656,0.920814,0.181822,0.982392,-0.042982,-0.903240,0.184132,0.387625),fov=36.155849,dt=0.016995},
	{cf=CFrame.new(3.794250,-2.596746,-7.382500,0.388557,-0.031673,0.920880,0.181948,0.982368,-0.042984,-0.903282,0.184254,0.387469),fov=36.181820,dt=0.015806},
	{cf=CFrame.new(3.795502,-2.588518,-7.380295,0.388400,-0.031690,0.920946,0.182075,0.982345,-0.042985,-0.903324,0.184377,0.387312),fov=36.207790,dt=0.016263},
	{cf=CFrame.new(3.797089,-2.579831,-7.378166,0.388242,-0.031707,0.921012,0.182202,0.982321,-0.042987,-0.903366,0.184499,0.387156),fov=36.233768,dt=0.017084},
	{cf=CFrame.new(3.798889,-2.571180,-7.376297,0.388085,-0.031725,0.921077,0.182328,0.982297,-0.042989,-0.903408,0.184622,0.386999),fov=36.259739,dt=0.016865},
	{cf=CFrame.new(3.800842,-2.562745,-7.374771,0.387928,-0.031742,0.921143,0.182455,0.982274,-0.042990,-0.903450,0.184744,0.386843),fov=36.285713,dt=0.016248},
	{cf=CFrame.new(3.803101,-2.553629,-7.373192,0.387770,-0.031759,0.921209,0.182581,0.982250,-0.042992,-0.903492,0.184866,0.386686),fov=36.311687,dt=0.017592},
	{cf=CFrame.new(3.805420,-2.544955,-7.371948,0.387613,-0.031776,0.921274,0.182708,0.982227,-0.042993,-0.903534,0.184989,0.386530),fov=36.337662,dt=0.016576},
	{cf=CFrame.new(3.807831,-2.536646,-7.371010,0.387456,-0.031793,0.921340,0.182834,0.982203,-0.042995,-0.903576,0.185111,0.386373),fov=36.363636,dt=0.015668},
	{cf=CFrame.new(3.810547,-2.527775,-7.369980,0.387298,-0.031811,0.921406,0.182961,0.982179,-0.042996,-0.903618,0.185233,0.386216),fov=36.389610,dt=0.016731},
	{cf=CFrame.new(3.813416,-2.518438,-7.368980,0.387141,-0.031828,0.921471,0.183087,0.982156,-0.042997,-0.903660,0.185356,0.386060),fov=36.415585,dt=0.017613},
	{cf=CFrame.new(3.816315,-2.509513,-7.368225,0.386983,-0.031845,0.921537,0.183214,0.982132,-0.042999,-0.903702,0.185478,0.385903),fov=36.441559,dt=0.016504},
	{cf=CFrame.new(3.819458,-2.499850,-7.367371,0.386826,-0.031862,0.921602,0.183340,0.982109,-0.043000,-0.903743,0.185601,0.385747),fov=36.467533,dt=0.017776},
	{cf=CFrame.new(3.822388,-2.491235,-7.366867,0.386668,-0.031879,0.921668,0.183467,0.982085,-0.043002,-0.903785,0.185723,0.385590),fov=36.493504,dt=0.015448},
	{cf=CFrame.new(3.826141,-2.480023,-7.365822,0.386511,-0.031896,0.921733,0.183593,0.982061,-0.043003,-0.903827,0.185845,0.385433),fov=36.519485,dt=0.020486},
	{cf=CFrame.new(3.829254,-2.470920,-7.365364,0.386353,-0.031913,0.921799,0.183720,0.982038,-0.043004,-0.903868,0.185968,0.385277),fov=36.545456,dt=0.015894},
	{cf=CFrame.new(3.832123,-2.462738,-7.365593,0.386157,-0.031934,0.921880,0.183878,0.982008,-0.043006,-0.903920,0.186120,0.385081),fov=36.571430,dt=0.013794},
	{cf=CFrame.new(3.835358,-2.453435,-7.364731,0.386038,-0.031947,0.921929,0.183973,0.981990,-0.043007,-0.903952,0.186212,0.384963),fov=36.597404,dt=0.016501},
	{cf=CFrame.new(3.838715,-2.443910,-7.364281,0.385881,-0.031964,0.921995,0.184099,0.981966,-0.043008,-0.903993,0.186335,0.384807),fov=36.623375,dt=0.016402},
	{cf=CFrame.new(3.842285,-2.433774,-7.363701,0.385723,-0.031981,0.922060,0.184226,0.981943,-0.043009,-0.904035,0.186457,0.384650),fov=36.649349,dt=0.017497},
	{cf=CFrame.new(3.845581,-2.424637,-7.363358,0.385566,-0.031997,0.922125,0.184352,0.981919,-0.043010,-0.904076,0.186579,0.384493),fov=36.675323,dt=0.015534},
	{cf=CFrame.new(3.849213,-2.414383,-7.362900,0.385408,-0.032014,0.922191,0.184479,0.981895,-0.043012,-0.904117,0.186702,0.384336),fov=36.701298,dt=0.017383},
	{cf=CFrame.new(3.852600,-2.404849,-7.362640,0.385251,-0.032031,0.922256,0.184605,0.981871,-0.043013,-0.904159,0.186824,0.384179),fov=36.727272,dt=0.015872},
	{cf=CFrame.new(3.856354,-2.394391,-7.362206,0.385093,-0.032048,0.922321,0.184732,0.981847,-0.043014,-0.904200,0.186946,0.384023),fov=36.753246,dt=0.017385},
	{cf=CFrame.new(3.859894,-2.384392,-7.361900,0.384935,-0.032065,0.922386,0.184858,0.981823,-0.043015,-0.904241,0.187069,0.383866),fov=36.779221,dt=0.016432},
	{cf=CFrame.new(3.863464,-2.374212,-7.361618,0.384778,-0.032081,0.922451,0.184985,0.981799,-0.043016,-0.904282,0.187191,0.383709),fov=36.805195,dt=0.016619},
	{cf=CFrame.new(3.866974,-2.364336,-7.361382,0.384620,-0.032098,0.922517,0.185111,0.981776,-0.043017,-0.904324,0.187313,0.383552),fov=36.831169,dt=0.015945},
	{cf=CFrame.new(3.870789,-2.353450,-7.360970,0.384462,-0.032115,0.922582,0.185237,0.981752,-0.043018,-0.904365,0.187436,0.383395),fov=36.857140,dt=0.017641},
	{cf=CFrame.new(3.874390,-2.343272,-7.360710,0.384304,-0.032132,0.922647,0.185364,0.981728,-0.043019,-0.904406,0.187558,0.383238),fov=36.883114,dt=0.016346},
	{cf=CFrame.new(3.877960,-2.333017,-7.360428,0.384147,-0.032148,0.922712,0.185490,0.981704,-0.043020,-0.904447,0.187680,0.383082),fov=36.909092,dt=0.016429},
	{cf=CFrame.new(3.881836,-2.322154,-7.360138,0.383989,-0.032165,0.922777,0.185617,0.981680,-0.043021,-0.904488,0.187802,0.382925),fov=36.935066,dt=0.017605},
	{cf=CFrame.new(3.885315,-2.312376,-7.360184,0.383831,-0.032182,0.922842,0.185743,0.981656,-0.043022,-0.904529,0.187925,0.382768),fov=36.961040,dt=0.015739},
	{cf=CFrame.new(3.889282,-2.301575,-7.360176,0.383674,-0.032198,0.922907,0.185869,0.981632,-0.043023,-0.904570,0.188047,0.382611),fov=36.987015,dt=0.017591},
	{cf=CFrame.new(3.892914,-2.291501,-7.360428,0.383516,-0.032215,0.922972,0.185996,0.981608,-0.043024,-0.904611,0.188169,0.382454),fov=37.012985,dt=0.016375},
	{cf=CFrame.new(3.896576,-2.281595,-7.360764,0.383358,-0.032231,0.923037,0.186122,0.981584,-0.043025,-0.904652,0.188292,0.382297),fov=37.038960,dt=0.016085},
	{cf=CFrame.new(3.900360,-2.271302,-7.361137,0.383200,-0.032248,0.923102,0.186249,0.981560,-0.043026,-0.904693,0.188414,0.382140),fov=37.064934,dt=0.016800},
	{cf=CFrame.new(3.904266,-2.260902,-7.361588,0.383042,-0.032264,0.923167,0.186375,0.981536,-0.043027,-0.904734,0.188536,0.381983),fov=37.090908,dt=0.017064},
	{cf=CFrame.new(3.907959,-2.250876,-7.362175,0.382885,-0.032281,0.923232,0.186501,0.981512,-0.043027,-0.904774,0.188659,0.381826),fov=37.116882,dt=0.016448},
	{cf=CFrame.new(3.911591,-2.241157,-7.362816,0.382727,-0.032297,0.923297,0.186628,0.981488,-0.043028,-0.904815,0.188781,0.381669),fov=37.142860,dt=0.015905},
	{cf=CFrame.new(3.915558,-2.230682,-7.363487,0.382569,-0.032314,0.923362,0.186754,0.981464,-0.043029,-0.904856,0.188903,0.381512),fov=37.168831,dt=0.017351},
	{cf=CFrame.new(3.919281,-2.220823,-7.364418,0.382411,-0.032330,0.923427,0.186880,0.981440,-0.043030,-0.904897,0.189025,0.381355),fov=37.194805,dt=0.016467},
	{cf=CFrame.new(3.923065,-2.211264,-7.365494,0.382253,-0.032347,0.923491,0.187007,0.981416,-0.043031,-0.904937,0.189148,0.381198),fov=37.220779,dt=0.016077},
	{cf=CFrame.new(3.927002,-2.201385,-7.366745,0.382095,-0.032363,0.923556,0.187133,0.981392,-0.043031,-0.904978,0.189270,0.381041),fov=37.246750,dt=0.016839},
	{cf=CFrame.new(3.931091,-2.191316,-7.368149,0.381937,-0.032379,0.923621,0.187259,0.981367,-0.043032,-0.905018,0.189392,0.380884),fov=37.272728,dt=0.017419},
	{cf=CFrame.new(3.934906,-2.181913,-7.369720,0.381779,-0.032396,0.923686,0.187386,0.981344,-0.043033,-0.905059,0.189514,0.380727),fov=37.298702,dt=0.016337},
	{cf=CFrame.new(3.938873,-2.172363,-7.371384,0.381621,-0.032412,0.923750,0.187512,0.981319,-0.043033,-0.905099,0.189637,0.380570),fov=37.324677,dt=0.016768},
	{cf=CFrame.new(3.942780,-2.163091,-7.373146,0.381463,-0.032428,0.923815,0.187638,0.981295,-0.043034,-0.905140,0.189759,0.380413),fov=37.350651,dt=0.016369},
	{cf=CFrame.new(3.946686,-2.153839,-7.375031,0.381305,-0.032445,0.923880,0.187765,0.981271,-0.043034,-0.905180,0.189881,0.380256),fov=37.376625,dt=0.016449},
	{cf=CFrame.new(3.950806,-2.144254,-7.377022,0.381147,-0.032461,0.923944,0.187891,0.981247,-0.043035,-0.905220,0.190003,0.380099),fov=37.402596,dt=0.017253},
	{cf=CFrame.new(3.954712,-2.135195,-7.379066,0.380989,-0.032477,0.924009,0.188017,0.981222,-0.043036,-0.905261,0.190126,0.379941),fov=37.428570,dt=0.016357},
	{cf=CFrame.new(3.958679,-2.126080,-7.381218,0.380831,-0.032493,0.924073,0.188143,0.981198,-0.043036,-0.905301,0.190248,0.379784),fov=37.454544,dt=0.016595},
	{cf=CFrame.new(3.962677,-2.116949,-7.383499,0.380673,-0.032510,0.924138,0.188270,0.981174,-0.043037,-0.905341,0.190370,0.379627),fov=37.480518,dt=0.016766},
	{cf=CFrame.new(3.966614,-2.108001,-7.385857,0.380515,-0.032526,0.924203,0.188396,0.981150,-0.043037,-0.905381,0.190492,0.379470),fov=37.506496,dt=0.016520},
	{cf=CFrame.new(3.970612,-2.098948,-7.388298,0.380357,-0.032542,0.924267,0.188522,0.981125,-0.043038,-0.905421,0.190615,0.379313),fov=37.532471,dt=0.016863},
	{cf=CFrame.new(3.974487,-2.090188,-7.390808,0.380199,-0.032558,0.924331,0.188649,0.981101,-0.043038,-0.905461,0.190737,0.379156),fov=37.558441,dt=0.016371},
	{cf=CFrame.new(3.978516,-2.081241,-7.393402,0.380041,-0.032574,0.924396,0.188775,0.981077,-0.043038,-0.905501,0.190859,0.378999),fov=37.584415,dt=0.016866},
	{cf=CFrame.new(3.982391,-2.072467,-7.396057,0.379883,-0.032590,0.924460,0.188901,0.981053,-0.043039,-0.905541,0.190981,0.378841),fov=37.610390,dt=0.016622},
	{cf=CFrame.new(3.986450,-2.063528,-7.398758,0.379725,-0.032606,0.924525,0.189027,0.981028,-0.043039,-0.905581,0.191103,0.378684),fov=37.636364,dt=0.017087},
	{cf=CFrame.new(3.990265,-2.055023,-7.401466,0.379566,-0.032622,0.924589,0.189154,0.981004,-0.043040,-0.905621,0.191226,0.378527),fov=37.662338,dt=0.016265},
	{cf=CFrame.new(3.994202,-2.046388,-7.404213,0.379408,-0.032638,0.924653,0.189280,0.980979,-0.043040,-0.905661,0.191348,0.378370),fov=37.688313,dt=0.016615},
	{cf=CFrame.new(3.998077,-2.037661,-7.407036,0.379250,-0.032654,0.924718,0.189406,0.980955,-0.043040,-0.905701,0.191470,0.378212),fov=37.714287,dt=0.016914},
	{cf=CFrame.new(4.001923,-2.029121,-7.409859,0.379092,-0.032670,0.924782,0.189532,0.980931,-0.043040,-0.905741,0.191592,0.378055),fov=37.740261,dt=0.016606},
	{cf=CFrame.new(4.005798,-2.020651,-7.412674,0.378934,-0.032686,0.924846,0.189658,0.980906,-0.043041,-0.905781,0.191714,0.377898),fov=37.766235,dt=0.016529},
	{cf=CFrame.new(4.009613,-2.012114,-7.415527,0.378775,-0.032702,0.924911,0.189785,0.980882,-0.043041,-0.905821,0.191837,0.377740),fov=37.792206,dt=0.016757},
	{cf=CFrame.new(4.013794,-2.002973,-7.418518,0.378617,-0.032718,0.924975,0.189911,0.980857,-0.043041,-0.905860,0.191959,0.377583),fov=37.818180,dt=0.018226},
	{cf=CFrame.new(4.017273,-1.995203,-7.421280,0.378459,-0.032734,0.925039,0.190037,0.980833,-0.043041,-0.905900,0.192081,0.377426),fov=37.844154,dt=0.015291},
	{cf=CFrame.new(4.020996,-1.986997,-7.424110,0.378301,-0.032750,0.925103,0.190163,0.980808,-0.043042,-0.905939,0.192203,0.377268),fov=37.870125,dt=0.016250},
	{cf=CFrame.new(4.024841,-1.978449,-7.427040,0.378143,-0.032765,0.925167,0.190289,0.980784,-0.043042,-0.905979,0.192325,0.377111),fov=37.896107,dt=0.017079},
	{cf=CFrame.new(4.028473,-1.970396,-7.429878,0.377984,-0.032781,0.925232,0.190416,0.980760,-0.043042,-0.906019,0.192448,0.376953),fov=37.922077,dt=0.016045},
	{cf=CFrame.new(4.032227,-1.962009,-7.432724,0.377826,-0.032797,0.925296,0.190542,0.980735,-0.043042,-0.906058,0.192570,0.376796),fov=37.948051,dt=0.016839},
	{cf=CFrame.new(4.036072,-1.953506,-7.435654,0.377667,-0.032813,0.925360,0.190668,0.980711,-0.043042,-0.906098,0.192692,0.376639),fov=37.974026,dt=0.017202},
	{cf=CFrame.new(4.039703,-1.945376,-7.438492,0.377509,-0.032828,0.925424,0.190794,0.980686,-0.043042,-0.906137,0.192814,0.376482),fov=38.000000,dt=0.016442},
	{cf=CFrame.new(4.043335,-1.937195,-7.441330,0.377351,-0.032844,0.925488,0.190920,0.980662,-0.043042,-0.906177,0.192936,0.376324),fov=38.025974,dt=0.016612},
	{cf=CFrame.new(4.047028,-1.928979,-7.444168,0.377192,-0.032860,0.925552,0.191046,0.980637,-0.043042,-0.906216,0.193058,0.376167),fov=38.051949,dt=0.016757},
	{cf=CFrame.new(4.050598,-1.920933,-7.446953,0.377034,-0.032875,0.925616,0.191172,0.980612,-0.043042,-0.906255,0.193181,0.376009),fov=38.077923,dt=0.016427},
	{cf=CFrame.new(4.054291,-1.912513,-7.449844,0.376876,-0.032891,0.925680,0.191299,0.980588,-0.043042,-0.906294,0.193303,0.375852),fov=38.103897,dt=0.017366},
	{cf=CFrame.new(4.057983,-1.904152,-7.452690,0.376717,-0.032907,0.925744,0.191425,0.980563,-0.043042,-0.906334,0.193425,0.375694),fov=38.129871,dt=0.017352},
	{cf=CFrame.new(4.061279,-1.896740,-7.455330,0.376559,-0.032922,0.925808,0.191551,0.980538,-0.043042,-0.906373,0.193547,0.375537),fov=38.155842,dt=0.015189},
	{cf=CFrame.new(4.064789,-1.888706,-7.458107,0.376401,-0.032938,0.925871,0.191677,0.980514,-0.043042,-0.906412,0.193669,0.375379),fov=38.181816,dt=0.016620},
	{cf=CFrame.new(4.068237,-1.880813,-7.460823,0.376242,-0.032953,0.925935,0.191803,0.980489,-0.043042,-0.906451,0.193791,0.375222),fov=38.207790,dt=0.016345},
	{cf=CFrame.new(4.071869,-1.872530,-7.463585,0.376083,-0.032969,0.925999,0.191929,0.980465,-0.043042,-0.906490,0.193913,0.375064),fov=38.233761,dt=0.017330},
	{cf=CFrame.new(4.075195,-1.864822,-7.466232,0.375925,-0.032984,0.926063,0.192055,0.980440,-0.043041,-0.906529,0.194036,0.374907),fov=38.259735,dt=0.016051},
	{cf=CFrame.new(4.079102,-1.855861,-7.469063,0.375767,-0.033000,0.926127,0.192181,0.980415,-0.043041,-0.906568,0.194158,0.374749),fov=38.285717,dt=0.019137},
	{cf=CFrame.new(4.082153,-1.848692,-7.471596,0.375608,-0.033015,0.926190,0.192307,0.980390,-0.043041,-0.906607,0.194280,0.374591),fov=38.311687,dt=0.014993},
	{cf=CFrame.new(4.085571,-1.840842,-7.474205,0.375449,-0.033031,0.926254,0.192434,0.980366,-0.043041,-0.906646,0.194402,0.374434),fov=38.337662,dt=0.016591},
	{cf=CFrame.new(4.088898,-1.833048,-7.476814,0.375291,-0.033046,0.926318,0.192560,0.980341,-0.043041,-0.906685,0.194524,0.374276),fov=38.363636,dt=0.016509},
	{cf=CFrame.new(4.092102,-1.825382,-7.479370,0.375132,-0.033062,0.926381,0.192686,0.980316,-0.043040,-0.906724,0.194646,0.374119),fov=38.389610,dt=0.016240},
	{cf=CFrame.new(4.095520,-1.817342,-7.481972,0.374974,-0.033077,0.926445,0.192812,0.980291,-0.043040,-0.906763,0.194768,0.373961),fov=38.415585,dt=0.017199},
	{cf=CFrame.new(4.098907,-1.809352,-7.484520,0.374815,-0.033092,0.926509,0.192938,0.980267,-0.043040,-0.906801,0.194890,0.373803),fov=38.441563,dt=0.017187},
	{cf=CFrame.new(4.102112,-1.801708,-7.487007,0.374656,-0.033108,0.926572,0.193064,0.980242,-0.043039,-0.906840,0.195013,0.373646),fov=38.467533,dt=0.016422},
	{cf=CFrame.new(4.105286,-1.794072,-7.489494,0.374498,-0.033123,0.926636,0.193190,0.980217,-0.043039,-0.906879,0.195135,0.373488),fov=38.493507,dt=0.016445},
	{cf=CFrame.new(4.108490,-1.786362,-7.491936,0.374339,-0.033138,0.926700,0.193316,0.980192,-0.043039,-0.906917,0.195257,0.373330),fov=38.519482,dt=0.016674},
	{cf=CFrame.new(4.111572,-1.778904,-7.494339,0.374181,-0.033154,0.926763,0.193442,0.980167,-0.043038,-0.906956,0.195379,0.373173),fov=38.545452,dt=0.016097},
	{cf=CFrame.new(4.114746,-1.771225,-7.496735,0.374022,-0.033169,0.926827,0.193568,0.980142,-0.043038,-0.906995,0.195501,0.373015),fov=38.571430,dt=0.016677},
	{cf=CFrame.new(4.117889,-1.763456,-7.499146,0.373863,-0.033184,0.926890,0.193694,0.980118,-0.043037,-0.907033,0.195623,0.372857),fov=38.597404,dt=0.016976},
	{cf=CFrame.new(4.120972,-1.755904,-7.501488,0.373705,-0.033199,0.926953,0.193820,0.980093,-0.043037,-0.907071,0.195745,0.372700),fov=38.623371,dt=0.016511},
	{cf=CFrame.new(4.124176,-1.748105,-7.503830,0.373546,-0.033214,0.927017,0.193946,0.980068,-0.043036,-0.907110,0.195867,0.372542),fov=38.649349,dt=0.017202},
	{cf=CFrame.new(4.127167,-1.740577,-7.506134,0.373387,-0.033229,0.927080,0.194072,0.980043,-0.043036,-0.907148,0.195989,0.372384),fov=38.675323,dt=0.016611},
	{cf=CFrame.new(4.130096,-1.733256,-7.508408,0.373228,-0.033245,0.927144,0.194198,0.980018,-0.043035,-0.907187,0.196111,0.372226),fov=38.701298,dt=0.016135},
	{cf=CFrame.new(4.133179,-1.725520,-7.510666,0.373069,-0.033260,0.927207,0.194324,0.979993,-0.043035,-0.907225,0.196233,0.372069),fov=38.727272,dt=0.017235},
	{cf=CFrame.new(4.136108,-1.718145,-7.512863,0.372911,-0.033275,0.927270,0.194450,0.979968,-0.043034,-0.907263,0.196355,0.371911),fov=38.753246,dt=0.016408},
	{cf=CFrame.new(4.139008,-1.710711,-7.515068,0.372752,-0.033290,0.927334,0.194576,0.979943,-0.043033,-0.907302,0.196477,0.371753),fov=38.779221,dt=0.016605},
	{cf=CFrame.new(4.141937,-1.703259,-7.517242,0.372593,-0.033305,0.927397,0.194702,0.979918,-0.043033,-0.907340,0.196600,0.371595),fov=38.805199,dt=0.016716},
	{cf=CFrame.new(4.144775,-1.695904,-7.519402,0.372434,-0.033320,0.927460,0.194828,0.979893,-0.043032,-0.907378,0.196722,0.371437),fov=38.831173,dt=0.016531},
	{cf=CFrame.new(4.147583,-1.688670,-7.521500,0.372276,-0.033335,0.927523,0.194954,0.979868,-0.043031,-0.907416,0.196844,0.371280),fov=38.857143,dt=0.016267},
	{cf=CFrame.new(4.150391,-1.681316,-7.523613,0.372117,-0.033350,0.927587,0.195080,0.979843,-0.043031,-0.907454,0.196966,0.371122),fov=38.883118,dt=0.016622},
	{cf=CFrame.new(4.153351,-1.673534,-7.525711,0.371958,-0.033365,0.927650,0.195205,0.979818,-0.043030,-0.907492,0.197088,0.370964),fov=38.909092,dt=0.017835},
	{cf=CFrame.new(4.156219,-1.666026,-7.527771,0.371799,-0.033380,0.927713,0.195331,0.979793,-0.043029,-0.907530,0.197210,0.370806),fov=38.935062,dt=0.017275},
	{cf=CFrame.new(4.159210,-1.658011,-7.529831,0.371640,-0.033395,0.927776,0.195457,0.979768,-0.043029,-0.907568,0.197332,0.370648),fov=38.961040,dt=0.018406},
	{cf=CFrame.new(4.161652,-1.651417,-7.532173,0.371441,-0.033413,0.927855,0.195615,0.979737,-0.043027,-0.907616,0.197484,0.370451),fov=38.987015,dt=0.014563},
	{cf=CFrame.new(4.164124,-1.644776,-7.533737,0.371322,-0.033424,0.927902,0.195709,0.979718,-0.043027,-0.907644,0.197576,0.370332),fov=39.012981,dt=0.015712},
	{cf=CFrame.new(4.166840,-1.637448,-7.535667,0.371163,-0.033439,0.927965,0.195835,0.979693,-0.043026,-0.907682,0.197698,0.370174),fov=39.038960,dt=0.017010},
	{cf=CFrame.new(4.169434,-1.630276,-7.537613,0.371004,-0.033454,0.928028,0.195961,0.979667,-0.043025,-0.907720,0.197820,0.370016),fov=39.064934,dt=0.016680},
	{cf=CFrame.new(4.172119,-1.622769,-7.539543,0.370846,-0.033469,0.928091,0.196087,0.979642,-0.043024,-0.907758,0.197942,0.369859),fov=39.090908,dt=0.017678},
	{cf=CFrame.new(4.174591,-1.616012,-7.541389,0.370686,-0.033484,0.928154,0.196213,0.979617,-0.043023,-0.907795,0.198064,0.369701),fov=39.116882,dt=0.015760},
	{cf=CFrame.new(4.177124,-1.608899,-7.543251,0.370527,-0.033498,0.928217,0.196339,0.979592,-0.043023,-0.907833,0.198186,0.369543),fov=39.142857,dt=0.016737},
	{cf=CFrame.new(4.179535,-1.602156,-7.545036,0.370369,-0.033513,0.928280,0.196464,0.979567,-0.043022,-0.907871,0.198308,0.369385),fov=39.168835,dt=0.015785},
	{cf=CFrame.new(4.182159,-1.594640,-7.546883,0.370210,-0.033528,0.928343,0.196590,0.979542,-0.043021,-0.907908,0.198430,0.369227),fov=39.194809,dt=0.017947},
	{cf=CFrame.new(4.184448,-1.588053,-7.548653,0.370051,-0.033542,0.928406,0.196716,0.979516,-0.043020,-0.907946,0.198552,0.369069),fov=39.220779,dt=0.015522},
	{cf=CFrame.new(4.186859,-1.581089,-7.550392,0.369891,-0.033557,0.928469,0.196842,0.979491,-0.043019,-0.907983,0.198674,0.368911),fov=39.246754,dt=0.016561},
	{cf=CFrame.new(4.189331,-1.573895,-7.552170,0.369732,-0.033572,0.928532,0.196968,0.979466,-0.043018,-0.908021,0.198796,0.368753),fov=39.272728,dt=0.017282},
	{cf=CFrame.new(4.191681,-1.566958,-7.553871,0.369573,-0.033586,0.928594,0.197094,0.979441,-0.043016,-0.908058,0.198918,0.368595),fov=39.298702,dt=0.016685},
	{cf=CFrame.new(4.193909,-1.560323,-7.555573,0.369414,-0.033601,0.928657,0.197219,0.979415,-0.043015,-0.908095,0.199040,0.368437),fov=39.324677,dt=0.015899},
	{cf=CFrame.new(4.196259,-1.553321,-7.557236,0.369255,-0.033615,0.928720,0.197345,0.979390,-0.043014,-0.908133,0.199162,0.368278),fov=39.350651,dt=0.016962},
	{cf=CFrame.new(4.198547,-1.546349,-7.558914,0.369096,-0.033630,0.928783,0.197471,0.979365,-0.043013,-0.908170,0.199284,0.368120),fov=39.376625,dt=0.016988},
	{cf=CFrame.new(4.200745,-1.539651,-7.560532,0.368937,-0.033644,0.928845,0.197597,0.979339,-0.043012,-0.908208,0.199406,0.367962),fov=39.402596,dt=0.016299},
	{cf=CFrame.new(4.202972,-1.532862,-7.562149,0.368778,-0.033659,0.928908,0.197723,0.979314,-0.043011,-0.908245,0.199528,0.367804),fov=39.428570,dt=0.016613},
	{cf=CFrame.new(4.205322,-1.525564,-7.563728,0.368619,-0.033673,0.928971,0.197849,0.979289,-0.043010,-0.908282,0.199650,0.367646),fov=39.454544,dt=0.018183},
	{cf=CFrame.new(4.207306,-1.519291,-7.565315,0.368459,-0.033688,0.929033,0.197974,0.979263,-0.043008,-0.908319,0.199772,0.367488),fov=39.480518,dt=0.015379},
	{cf=CFrame.new(4.209473,-1.512447,-7.566872,0.368300,-0.033702,0.929096,0.198100,0.979238,-0.043007,-0.908356,0.199894,0.367330),fov=39.506493,dt=0.017031},
	{cf=CFrame.new(4.211609,-1.505642,-7.568398,0.368141,-0.033717,0.929158,0.198226,0.979212,-0.043006,-0.908393,0.200016,0.367172),fov=39.532463,dt=0.017027},
	{cf=CFrame.new(4.213623,-1.499102,-7.569908,0.367982,-0.033731,0.929221,0.198352,0.979187,-0.043005,-0.908431,0.200138,0.367013),fov=39.558437,dt=0.016354},
	{cf=CFrame.new(4.215607,-1.492597,-7.571411,0.367822,-0.033745,0.929284,0.198477,0.979162,-0.043003,-0.908468,0.200259,0.366855),fov=39.584415,dt=0.016298},
	{cf=CFrame.new(4.218567,-1.482757,-7.572838,0.367663,-0.033760,0.929346,0.198603,0.979136,-0.043002,-0.908505,0.200381,0.366697),fov=39.610390,dt=0.026620},
	{cf=CFrame.new(4.219971,-1.478056,-7.574303,0.367504,-0.033774,0.929409,0.198729,0.979111,-0.043001,-0.908542,0.200503,0.366539),fov=39.636364,dt=0.011372},
	{cf=CFrame.new(4.221802,-1.471943,-7.576180,0.367305,-0.033792,0.929487,0.198886,0.979079,-0.042999,-0.908588,0.200656,0.366341),fov=39.662338,dt=0.015006},
	{cf=CFrame.new(4.223389,-1.466576,-7.577225,0.367185,-0.033803,0.929533,0.198980,0.979060,-0.042998,-0.908615,0.200747,0.366222),fov=39.688313,dt=0.013929},
	{cf=CFrame.new(4.225311,-1.459886,-7.578590,0.367026,-0.033817,0.929596,0.199106,0.979034,-0.042996,-0.908652,0.200869,0.366064),fov=39.714287,dt=0.017203},
	{cf=CFrame.new(4.227112,-1.453667,-7.579994,0.366866,-0.033831,0.929658,0.199232,0.979009,-0.042995,-0.908689,0.200991,0.365906),fov=39.740261,dt=0.015887},
	{cf=CFrame.new(4.228973,-1.446921,-7.581360,0.366707,-0.033845,0.929720,0.199358,0.978983,-0.042994,-0.908726,0.201113,0.365748),fov=39.766235,dt=0.017543},
	{cf=CFrame.new(4.230713,-1.440698,-7.582710,0.366548,-0.033859,0.929783,0.199483,0.978958,-0.042992,-0.908762,0.201235,0.365589),fov=39.792210,dt=0.016087},
	{cf=CFrame.new(4.232452,-1.434475,-7.584045,0.366389,-0.033874,0.929845,0.199609,0.978932,-0.042991,-0.908799,0.201357,0.365431),fov=39.818180,dt=0.016127},
	{cf=CFrame.new(4.234192,-1.428002,-7.585342,0.366229,-0.033888,0.929907,0.199735,0.978907,-0.042989,-0.908836,0.201479,0.365273),fov=39.844154,dt=0.016959},
	{cf=CFrame.new(4.235901,-1.421613,-7.586647,0.366070,-0.033902,0.929970,0.199860,0.978881,-0.042987,-0.908872,0.201601,0.365115),fov=39.870129,dt=0.016818},
	{cf=CFrame.new(4.237579,-1.415298,-7.587936,0.365910,-0.033916,0.930032,0.199986,0.978855,-0.042986,-0.908909,0.201723,0.364956),fov=39.896103,dt=0.016690},
	{cf=CFrame.new(4.239258,-1.408938,-7.589180,0.365751,-0.033930,0.930094,0.200112,0.978830,-0.042984,-0.908945,0.201844,0.364798),fov=39.922073,dt=0.016933},
	{cf=CFrame.new(4.240906,-1.402504,-7.590416,0.365591,-0.033944,0.930156,0.200238,0.978804,-0.042983,-0.908982,0.201966,0.364639),fov=39.948051,dt=0.017289},
	{cf=CFrame.new(4.242401,-1.396552,-7.591675,0.365432,-0.033958,0.930218,0.200363,0.978778,-0.042981,-0.909018,0.202088,0.364481),fov=39.974026,dt=0.015878},
	{cf=CFrame.new(4.243927,-1.390395,-7.592918,0.365273,-0.033972,0.930281,0.200489,0.978753,-0.042979,-0.909055,0.202210,0.364323),fov=40.000000,dt=0.016568},
	{cf=CFrame.new(4.250214,-1.387331,-7.591141,0.365113,-0.033986,0.930342,0.200614,0.978727,-0.042978,-0.909091,0.202332,0.364164),fov=30.000000,dt=0.016342},
	{cf=CFrame.new(4.275055,-1.403570,-7.578804,0.364954,-0.034000,0.930405,0.200740,0.978701,-0.042976,-0.909127,0.202454,0.364006),fov=30.551086,dt=0.016842},
	{cf=CFrame.new(4.312103,-1.450062,-7.568977,0.364794,-0.034014,0.930467,0.200866,0.978676,-0.042974,-0.909164,0.202576,0.363847),fov=31.101755,dt=0.017392},
	{cf=CFrame.new(4.354340,-1.512853,-7.560989,0.364635,-0.034028,0.930529,0.200991,0.978650,-0.042972,-0.909200,0.202698,0.363689),fov=31.651588,dt=0.016491},
	{cf=CFrame.new(21.739258,-3.289631,-7.405830,0.072877,0.134723,0.988200,0.124719,0.981826,-0.143051,-0.989512,0.133673,0.054750),fov=32.200165,dt=0.018135},
	{cf=CFrame.new(27.425201,-3.876417,-7.131508,-0.022704,0.181889,0.983057,0.108908,0.977908,-0.178422,-0.993793,0.103012,-0.042012),fov=32.747070,dt=0.016461},
	{cf=CFrame.new(27.364655,-3.903682,-6.892761,-0.012730,0.180783,0.983441,0.109599,0.977847,-0.178336,-0.993894,0.105514,-0.032262),fov=33.291889,dt=0.017228},
	{cf=CFrame.new(27.209381,-3.948867,-6.428444,0.008347,0.178322,0.983937,0.111000,0.977725,-0.178138,-0.993785,0.110704,-0.011633),fov=33.834209,dt=0.015911},
	{cf=CFrame.new(27.022369,-3.999948,-5.887550,0.033081,0.175291,0.983961,0.112669,0.977570,-0.177940,-0.993082,0.116748,0.012589),fov=34.373623,dt=0.018196},
	{cf=CFrame.new(26.800690,-4.035597,-5.316772,0.057792,0.172108,0.983382,0.114323,0.977407,-0.177781,-0.991761,0.122698,0.036811),fov=34.909710,dt=0.016709},
	{cf=CFrame.new(26.563660,-4.061557,-4.735657,0.082461,0.168779,0.982198,0.115998,0.977231,-0.177664,-0.989820,0.128583,0.061006),fov=35.442066,dt=0.014825},
	{cf=CFrame.new(26.266876,-4.256332,-3.809669,0.118096,0.163684,0.979419,0.118396,0.976964,-0.177550,-0.985919,0.136927,0.095996),fov=35.970295,dt=0.027038},
	{cf=CFrame.new(25.855286,-3.925708,-3.096825,0.157184,0.157720,0.974894,0.121036,0.976646,-0.177519,-0.980124,0.145900,0.134423),fov=36.493988,dt=0.019548},
	{cf=CFrame.new(25.275360,-3.523108,-1.639763,0.214838,0.148088,0.965357,0.124825,0.976168,-0.177526,-0.968640,0.158640,0.191233),fov=37.526188,dt=0.016068},
	{cf=CFrame.new(24.901611,-3.428150,-0.859344,0.252046,0.141340,0.957338,0.127224,0.975850,-0.177569,-0.959316,0.166552,0.227978),fov=37.526188,dt=0.016289},
	{cf=CFrame.new(24.594452,-3.923132,0.312767,0.295277,0.132846,0.946131,0.129837,0.975520,-0.177493,-0.946548,0.175252,0.270801),fov=38.033913,dt=0.015673},
	{cf=CFrame.new(24.416870,-4.045666,0.917274,0.320920,0.127563,0.938476,0.131407,0.975307,-0.177505,-0.937946,0.180287,0.296233),fov=38.535530,dt=0.016557},
	{cf=CFrame.new(23.911346,-3.940669,1.870003,0.354728,0.120308,0.927197,0.133494,0.975009,-0.177585,-0.925390,0.186769,0.329803),fov=39.030666,dt=0.017998},
	{cf=CFrame.new(23.667175,-3.801952,2.777901,0.386126,0.113239,0.915469,0.135446,0.974720,-0.177696,-0.912448,0.192610,0.361027),fov=39.518948,dt=0.013402},
	{cf=CFrame.new(23.309631,-3.709824,3.558121,0.411402,0.107241,0.905123,0.137003,0.974495,-0.177732,-0.901098,0.197124,0.386217),fov=40.000000,dt=0.014116},
	{cf=CFrame.new(23.103333,-3.679540,4.324387,0.430139,0.102663,0.896906,0.138172,0.974320,-0.177788,-0.892126,0.200401,0.404908),fov=40.473457,dt=0.016334},
	{cf=CFrame.new(22.947815,-4.033961,4.903946,0.451333,0.097305,0.887035,0.139515,0.974119,-0.177844,-0.881382,0.204022,0.426076),fov=40.938965,dt=0.013808},
	{cf=CFrame.new(22.585541,-3.655545,5.558357,0.472258,0.091863,0.876661,0.140855,0.973910,-0.177932,-0.870134,0.207511,0.446997),fov=41.396160,dt=0.016678},
	{cf=CFrame.new(22.592163,-3.777803,5.729370,0.485212,0.088382,0.869918,0.141701,0.973780,-0.177971,-0.862838,0.209622,0.459966),fov=41.844704,dt=0.017559},
	{cf=CFrame.new(22.177429,-3.836564,6.364838,0.506550,0.082512,0.858253,0.143114,0.973556,-0.178064,-0.850250,0.213027,0.481347),fov=42.284252,dt=0.012072},
	{cf=CFrame.new(22.174347,-3.791176,6.656166,0.517100,0.079511,0.852224,0.143829,0.973445,-0.178092,-0.843754,0.214666,0.491933),fov=42.714474,dt=0.018502},
	{cf=CFrame.new(22.019714,-3.824163,7.050842,0.531039,0.075479,0.843979,0.144784,0.973295,-0.178143,-0.834886,0.216796,0.505930),fov=43.135040,dt=0.016747},
	{cf=CFrame.new(21.682465,-3.927891,7.312981,0.542766,0.071984,0.836794,0.145609,0.973168,-0.178162,-0.827166,0.218545,0.517721),fov=43.545631,dt=0.017187},
	{cf=CFrame.new(21.667511,-4.020668,7.630020,0.553706,0.068656,0.829877,0.146392,0.973048,-0.178175,-0.819743,0.220144,0.528733),fov=43.945934,dt=0.016241},
	{cf=CFrame.new(21.482819,-3.929772,7.864410,0.564040,0.065451,0.823150,0.147142,0.972933,-0.178185,-0.812532,0.221623,0.539143),fov=44.335651,dt=0.015727},
	{cf=CFrame.new(21.366974,-3.968576,8.186310,0.574114,0.062276,0.816404,0.147881,0.972819,-0.178200,-0.805310,0.223037,0.549299),fov=44.714481,dt=0.016163},
	{cf=CFrame.new(21.313049,-4.035190,8.404396,0.583387,0.059278,0.810028,0.148600,0.972708,-0.178205,-0.798484,0.224333,0.558657),fov=45.082130,dt=0.018860},
	{cf=CFrame.new(21.208313,-3.985332,8.735268,0.592347,0.056329,0.803711,0.149314,0.972597,-0.178212,-0.791726,0.225569,0.567705),fov=45.438332,dt=0.017225},
	{cf=CFrame.new(21.019928,-4.089308,9.223190,0.601230,0.053367,0.797292,0.150026,0.972485,-0.178227,-0.784866,0.226770,0.576681),fov=45.782810,dt=0.020143},
	{cf=CFrame.new(21.019623,-3.941662,9.426262,0.610034,0.050391,0.790771,0.150739,0.972371,-0.178250,-0.777905,0.227938,0.585584),fov=46.115303,dt=0.017778},
	{cf=CFrame.new(20.817566,-3.813206,9.875931,0.621734,0.046225,0.781863,0.151893,0.972189,-0.178263,-0.768359,0.229591,0.597422),fov=46.435558,dt=0.014559},
	{cf=CFrame.new(20.552460,-3.874496,10.057121,0.627395,0.044165,0.777448,0.152478,0.972095,-0.178272,-0.763627,0.230391,0.603154),fov=46.743328,dt=0.016679},
	{cf=CFrame.new(20.378204,-4.060747,10.211502,0.634888,0.041409,0.771494,0.153258,0.971969,-0.178291,-0.757251,0.231432,0.610745),fov=47.038387,dt=0.014015},
	{cf=CFrame.new(20.465576,-4.054532,10.520241,0.642313,0.038644,0.765468,0.154038,0.971841,-0.178317,-0.750804,0.232446,0.618274),fov=47.320507,dt=0.017015},
  {cf=CFrame.new(20.306519,-3.926020,10.768539,0.646656,0.036855,0.761891,0.154700,0.971738,-0.178308,-0.746929,0.233169,0.622679),fov=47.589474,dt=0.018249},
	{cf=CFrame.new(20.288574,-4.091548,11.097763,0.653843,0.033865,0.755872,0.155804,0.971562,-0.178302,-0.740415,0.234349,0.629973),fov=47.845085,dt=0.017407},
	{cf=CFrame.new(20.231689,-3.860126,11.197533,0.659286,0.031530,0.751231,0.156704,0.971418,-0.178297,-0.735381,0.235270,0.635502),fov=48.087143,dt=0.014335},
	{cf=CFrame.new(19.989166,-4.121984,11.297699,0.664690,0.029189,0.746549,0.157604,0.971273,-0.178298,-0.730307,0.236172,0.640995),fov=48.315468,dt=0.014252},
	{cf=CFrame.new(19.976410,-4.012210,11.567856,0.668333,0.027527,0.743353,0.158305,0.971160,-0.178292,-0.726822,0.236835,0.644701),fov=48.529881,dt=0.016658},
	{cf=CFrame.new(19.908600,-3.885032,11.528000,0.673163,0.025306,0.739061,0.159240,0.971008,-0.178288,-0.722146,0.237705,0.649617),fov=48.730225,dt=0.017859},
	{cf=CFrame.new(19.942780,-3.896621,11.755165,0.677342,0.023309,0.735299,0.160127,0.970863,-0.178283,-0.718030,0.238500,0.653873),fov=48.916344,dt=0.015962},
	{cf=CFrame.new(19.924042,-3.806170,11.982506,0.681292,0.021385,0.731699,0.161000,0.970719,-0.178279,-0.714087,0.239263,0.657901),fov=49.088097,dt=0.016233},
	{cf=CFrame.new(19.714996,-3.764883,12.005249,0.684718,0.019679,0.728542,0.161792,0.970588,-0.178277,-0.710623,0.239941,0.661395),fov=49.245358,dt=0.017526},
	{cf=CFrame.new(19.747742,-3.768689,12.168510,0.687961,0.018044,0.725523,0.162558,0.970460,-0.178277,-0.707308,0.240587,0.664705),fov=49.388004,dt=0.014600},
	{cf=CFrame.new(19.677704,-3.695410,12.121086,0.690658,0.016647,0.722990,0.163234,0.970346,-0.178277,-0.704519,0.241144,0.667460),fov=49.515923,dt=0.017201},
	{cf=CFrame.new(19.559753,-3.981163,12.324860,0.693169,0.015329,0.720612,0.163879,0.970237,-0.178278,-0.701898,0.241670,0.670027),fov=49.629028,dt=0.017983},
	{cf=CFrame.new(19.578827,-3.889596,12.419449,0.695422,0.014126,0.718462,0.164479,0.970136,-0.178279,-0.699524,0.242151,0.672330),fov=49.727222,dt=0.015607},
	{cf=CFrame.new(19.477448,-3.824670,12.418182,0.697586,0.012960,0.716384,0.165064,0.970036,-0.178282,-0.697228,0.242616,0.674544),fov=49.810440,dt=0.018422},
	{cf=CFrame.new(19.430603,-3.910127,12.529869,0.699696,0.011816,0.714343,0.165639,0.969937,-0.178286,-0.694974,0.243069,0.676704),fov=49.878613,dt=0.019506},
	{cf=CFrame.new(19.340637,-3.913896,12.715462,0.701783,0.010678,0.712310,0.166210,0.969838,-0.178292,-0.692730,0.243516,0.678841),fov=49.931690,dt=0.014307},
	{cf=CFrame.new(19.366913,-3.890206,12.821220,0.703863,0.009538,0.710271,0.166782,0.969739,-0.178299,-0.690478,0.243959,0.680973),fov=49.969635,dt=0.017018},
	{cf=CFrame.new(19.282623,-3.921362,12.813232,0.705936,0.008397,0.708225,0.167353,0.969639,-0.178309,-0.688220,0.244398,0.683098),fov=49.992405,dt=0.017880},
	{cf=CFrame.new(19.318970,-3.746833,12.943108,0.708002,0.007255,0.706173,0.167924,0.969538,-0.178320,-0.685955,0.244834,0.685217),fov=50.000000,dt=0.015962},
	{cf=CFrame.new(19.340393,-3.802086,12.861626,0.710574,0.005825,0.703598,0.168638,0.969411,-0.178336,-0.683115,0.245374,0.687856),fov=50.000000,dt=0.014929},
	{cf=CFrame.new(19.229828,-3.843328,13.191750,0.712112,0.004966,0.702049,0.169066,0.969334,-0.178347,-0.681406,0.245696,0.689435),fov=50.000000,dt=0.016447},
	{cf=CFrame.new(19.226898,-3.856553,13.160194,0.714155,0.003820,0.699977,0.169637,0.969232,-0.178363,-0.679121,0.246121,0.691534),fov=50.000000,dt=0.014634},
	{cf=CFrame.new(19.201630,-3.851425,13.193329,0.714661,0.003536,0.699462,0.169779,0.969206,-0.178367,-0.678553,0.246226,0.692054),fov=50.000000,dt=0.019735},
	{cf=CFrame.new(5.658173,222.034958,-183.133972,0.738373,-0.211408,0.640400,0.303753,0.952073,-0.035926,-0.602112,0.221050,0.767201),fov=50.000000,dt=0.014073},
	{cf=CFrame.new(5.662659,222.821075,-183.749512,0.738373,-0.211408,0.640400,0.303753,0.952073,-0.035926,-0.602112,0.221050,0.767201),fov=50.000000,dt=0.016102},
	{cf=CFrame.new(5.671326,223.867874,-184.573669,0.738373,-0.211408,0.640399,0.303753,0.952073,-0.035926,-0.602112,0.221050,0.767201),fov=50.000000,dt=0.016105},
	{cf=CFrame.new(5.662659,224.924927,-185.391846,0.738373,-0.211408,0.640399,0.303753,0.952073,-0.035926,-0.602112,0.221050,0.767201),fov=50.000000,dt=0.016229},
	{cf=CFrame.new(5.647339,225.984985,-186.207184,0.738373,-0.211408,0.640400,0.303753,0.952073,-0.035926,-0.602112,0.221050,0.767201),fov=50.000000,dt=0.017250},
	{cf=CFrame.new(5.615356,227.055222,-187.017120,0.738373,-0.211408,0.640399,0.303753,0.952073,-0.035926,-0.602112,0.221050,0.767201),fov=50.000000,dt=0.016808},
	{cf=CFrame.new(5.596344,228.094757,-187.826645,0.738373,-0.211408,0.640399,0.303753,0.952073,-0.035926,-0.602112,0.221050,0.767201),fov=50.000000,dt=0.016722},
	{cf=CFrame.new(5.583710,229.122299,-188.636292,0.738373,-0.211408,0.640399,0.303753,0.952073,-0.035926,-0.602112,0.221050,0.767201),fov=50.000000,dt=0.016801},
	{cf=CFrame.new(5.589142,230.115555,-189.446869,0.738373,-0.211408,0.640399,0.303753,0.952073,-0.035926,-0.602112,0.221050,0.767201),fov=50.000000,dt=0.017332},
	{cf=CFrame.new(5.599304,231.116821,-190.274261,0.738373,-0.211408,0.640399,0.303753,0.952073,-0.035926,-0.602112,0.221050,0.767201),fov=50.000000,dt=0.015208},
	{cf=CFrame.new(5.608093,232.121872,-191.103058,0.738373,-0.211408,0.640399,0.303753,0.952073,-0.035926,-0.602112,0.221050,0.767201),fov=50.000000,dt=0.018781},
	{cf=CFrame.new(5.616730,233.146591,-191.949539,0.738373,-0.211408,0.640399,0.303753,0.952073,-0.035926,-0.602112,0.221050,0.767201),fov=50.000000,dt=0.015082},
	{cf=CFrame.new(5.625519,234.168030,-192.802155,0.738373,-0.211408,0.640399,0.303753,0.952073,-0.035926,-0.602112,0.221050,0.767201),fov=50.000000,dt=0.016421},
	{cf=CFrame.new(5.635620,235.185944,-193.655701,0.738373,-0.211408,0.640399,0.303753,0.952073,-0.035926,-0.602112,0.221050,0.767201),fov=50.000000,dt=0.016061},
	{cf=CFrame.new(5.646973,236.194122,-194.510361,0.738373,-0.211408,0.640399,0.303753,0.952073,-0.035926,-0.602112,0.221050,0.767201),fov=50.000000,dt=0.017592},
	{cf=CFrame.new(5.646606,237.191223,-195.380951,0.738373,-0.211408,0.640399,0.303753,0.952073,-0.035926,-0.602112,0.221050,0.767201),fov=50.000000,dt=0.015999},
	{cf=CFrame.new(5.642578,238.184601,-196.254944,0.738373,-0.211408,0.640399,0.303753,0.952073,-0.035926,-0.602112,0.221050,0.767201),fov=50.000000,dt=0.017333},
	{cf=CFrame.new(5.626312,239.170273,-197.144150,0.738373,-0.211408,0.640399,0.303753,0.952073,-0.035926,-0.602112,0.221050,0.767201),fov=50.000000,dt=0.015865},
	{cf=CFrame.new(5.620514,240.159256,-198.005585,0.738373,-0.211408,0.640399,0.303753,0.952073,-0.035926,-0.602112,0.221050,0.767201),fov=50.000000,dt=0.017598},
	{cf=CFrame.new(5.619995,241.151611,-198.858032,0.738373,-0.211408,0.640399,0.303753,0.952073,-0.035926,-0.602112,0.221050,0.767201),fov=50.000000,dt=0.016721},
	{cf=CFrame.new(5.634033,242.153015,-199.681244,0.738373,-0.211408,0.640399,0.303753,0.952073,-0.035926,-0.602112,0.221050,0.767201),fov=50.000000,dt=0.015658},
	{cf=CFrame.new(5.641602,243.145554,-200.523438,0.738373,-0.211408,0.640399,0.303753,0.952073,-0.035926,-0.602112,0.221050,0.767201),fov=50.000000,dt=0.016874},
	{cf=CFrame.new(5.645813,244.134979,-201.375671,0.738373,-0.211408,0.640399,0.303753,0.952073,-0.035926,-0.602112,0.221050,0.767201),fov=50.000000,dt=0.017240},
	{cf=CFrame.new(5.638275,245.114838,-202.259369,0.738373,-0.211408,0.640399,0.303753,0.952073,-0.035926,-0.602112,0.221050,0.767201),fov=50.000000,dt=0.016573},
	{cf=CFrame.new(5.631104,246.110519,-203.131821,0.738373,-0.211408,0.640399,0.303753,0.952073,-0.035926,-0.602112,0.221050,0.767201),fov=50.000000,dt=0.016228},
	{cf=CFrame.new(5.624664,247.114777,-203.999146,0.738373,-0.211408,0.640399,0.303753,0.952073,-0.035926,-0.602112,0.221050,0.767201),fov=50.000000,dt=0.016667},
	{cf=CFrame.new(5.622894,248.137909,-204.844696,0.738373,-0.211408,0.640399,0.303753,0.952073,-0.035926,-0.602112,0.221050,0.767201),fov=50.000000,dt=0.017002},
	{cf=CFrame.new(5.629303,249.170532,-205.708038,0.738373,-0.211408,0.640400,0.303753,0.952073,-0.035926,-0.602112,0.221050,0.767201),fov=50.000000,dt=0.015993},
	{cf=CFrame.new(5.635437,250.210587,-206.584717,0.738373,-0.211408,0.640400,0.303753,0.952073,-0.035926,-0.602112,0.221050,0.767201),fov=50.000000,dt=0.018036},
	{cf=CFrame.new(5.647583,251.255554,-207.488068,0.738373,-0.211408,0.640400,0.303753,0.952073,-0.035926,-0.602112,0.221050,0.767201),fov=50.000000,dt=0.016349},
	{cf=CFrame.new(5.658905,252.331390,-208.402252,0.738373,-0.211408,0.640400,0.303753,0.952073,-0.035926,-0.602112,0.221050,0.767201),fov=50.000000,dt=0.016168},
	{cf=CFrame.new(5.665222,253.781769,-209.568817,0.738373,-0.211408,0.640400,0.303753,0.952073,-0.035926,-0.602112,0.221050,0.767201),fov=50.000000,dt=0.018465},
	{cf=CFrame.new(5.662994,256.509521,-211.595535,0.738373,-0.211408,0.640400,0.303753,0.952073,-0.035926,-0.602112,0.221050,0.767201),fov=50.000000,dt=0.016961},
	{cf=CFrame.new(5.633759,260.102875,-214.216553,0.738373,-0.211408,0.640400,0.303753,0.952073,-0.035926,-0.602112,0.221050,0.767201),fov=50.000000,dt=0.014997},
	{cf=CFrame.new(5.587280,264.830536,-217.620636,0.738373,-0.211408,0.640400,0.303753,0.952073,-0.035926,-0.602112,0.221050,0.767201),fov=50.000000,dt=0.015678},
	{cf=CFrame.new(5.505157,270.964722,-221.998093,0.738373,-0.211408,0.640400,0.303753,0.952073,-0.035926,-0.602112,0.221050,0.767201),fov=50.000000,dt=0.017369},
	{cf=CFrame.new(5.440826,277.637085,-226.756958,0.738373,-0.211408,0.640400,0.303753,0.952073,-0.035926,-0.602112,0.221050,0.767201),fov=50.000000,dt=0.016651},
	{cf=CFrame.new(5.395569,284.494568,-231.645706,0.738373,-0.211408,0.640400,0.303753,0.952073,-0.035926,-0.602112,0.221050,0.767201),fov=50.000000,dt=0.016380},
	{cf=CFrame.new(5.385742,291.918427,-236.933380,0.738373,-0.211408,0.640400,0.303753,0.952073,-0.035926,-0.602112,0.221050,0.767201),fov=50.000000,dt=0.017256},
	{cf=CFrame.new(5.386444,299.263794,-242.154602,0.738373,-0.211408,0.640400,0.303753,0.952073,-0.035926,-0.602112,0.221050,0.767201),fov=50.000000,dt=0.016391},
	{cf=CFrame.new(5.390778,307.333649,-247.879654,0.738373,-0.211408,0.640400,0.303753,0.952073,-0.035926,-0.602112,0.221050,0.767201),fov=50.000000,dt=0.017769},
	{cf=CFrame.new(5.395905,315.236908,-253.513351,0.738373,-0.211408,0.640400,0.303753,0.952073,-0.035926,-0.602112,0.221050,0.767201),fov=50.000000,dt=0.017048},
	{cf=CFrame.new(5.397034,322.738373,-258.886139,0.738373,-0.211408,0.640400,0.303753,0.952073,-0.035926,-0.602112,0.221050,0.767201),fov=50.000000,dt=0.015724},
	{cf=CFrame.new(5.402313,330.363892,-264.377258,0.738373,-0.211408,0.640400,0.303753,0.952073,-0.035926,-0.602112,0.221050,0.767201),fov=50.000000,dt=0.015734},
	{cf=CFrame.new(5.406891,339.115356,-270.707092,0.738373,-0.211408,0.640400,0.303753,0.952073,-0.035926,-0.602112,0.221050,0.767201),fov=50.000000,dt=0.018334},
	{cf=CFrame.new(5.412170,346.704956,-276.270325,0.738373,-0.211408,0.640400,0.303753,0.952073,-0.035926,-0.602112,0.221050,0.767201),fov=50.000000,dt=0.015459},
	{cf=CFrame.new(5.424164,354.603210,-282.102417,0.738373,-0.211408,0.640400,0.303753,0.952073,-0.035926,-0.602112,0.221050,0.767201),fov=50.000000,dt=0.016021},
	{cf=CFrame.new(5.443665,362.869965,-288.304626,0.738373,-0.211408,0.640400,0.303753,0.952073,-0.035926,-0.602112,0.221050,0.767201),fov=50.000000,dt=0.016893},
	{cf=CFrame.new(5.488892,371.188416,-294.743439,0.738373,-0.211408,0.640400,0.303753,0.952073,-0.035926,-0.602112,0.221050,0.767201),fov=50.000000,dt=0.017352},
	{cf=CFrame.new(5.545746,378.952454,-300.933044,0.738373,-0.211408,0.640400,0.303753,0.952073,-0.035926,-0.602112,0.221050,0.767201),fov=50.000000,dt=0.016289},
	{cf=CFrame.new(5.633362,387.313904,-307.766602,0.738373,-0.211408,0.640400,0.303753,0.952073,-0.035926,-0.602112,0.221050,0.767201),fov=50.000000,dt=0.018063},
	{cf=CFrame.new(5.723114,394.808197,-314.067810,0.738373,-0.211408,0.640400,0.303753,0.952073,-0.035926,-0.602112,0.221050,0.767201),fov=50.000000,dt=0.016177},
	{cf=CFrame.new(5.820343,402.063354,-320.380035,0.738373,-0.211408,0.640400,0.303753,0.952073,-0.035926,-0.602112,0.221050,0.767201),fov=50.000000,dt=0.015842},
	{cf=CFrame.new(5.922424,409.766663,-327.234192,0.738373,-0.211408,0.640400,0.303753,0.952073,-0.035926,-0.602112,0.221050,0.767201),fov=50.000000,dt=0.017339},
	{cf=CFrame.new(6.014496,416.966553,-333.746033,0.738373,-0.211408,0.640400,0.303753,0.952073,-0.035926,-0.602112,0.221050,0.767201),fov=50.000000,dt=0.016337},
	{cf=CFrame.new(6.110229,424.244202,-340.446106,0.738373,-0.211408,0.640400,0.303753,0.952073,-0.035926,-0.602112,0.221050,0.767201),fov=50.000000,dt=0.016853},
	{cf=CFrame.new(6.190460,431.141907,-346.836182,0.738373,-0.211408,0.640400,0.303753,0.952073,-0.035926,-0.602112,0.221050,0.767201),fov=50.000000,dt=0.016084},
	{cf=CFrame.new(6.244415,438.080322,-353.213074,0.738373,-0.211408,0.640400,0.303753,0.952073,-0.035926,-0.602112,0.221050,0.767201),fov=50.000000,dt=0.016543},
	{cf=CFrame.new(6.271515,444.981201,-359.500000,0.738373,-0.211408,0.640400,0.303753,0.952073,-0.035926,-0.602112,0.221050,0.767201),fov=50.000000,dt=0.016877},
	{cf=CFrame.new(6.282898,452.086975,-365.959106,0.738373,-0.211408,0.640400,0.303753,0.952073,-0.035926,-0.602112,0.221050,0.767201),fov=50.000000,dt=0.018292},
	{cf=CFrame.new(6.271545,458.057922,-371.333038,0.738373,-0.211408,0.640399,0.303753,0.952073,-0.035926,-0.602112,0.221050,0.767201),fov=50.000000,dt=0.015376},
	{cf=CFrame.new(6.242340,464.115112,-376.754761,0.738373,-0.211408,0.640399,0.303753,0.952073,-0.035926,-0.602112,0.221050,0.767201),fov=50.000000,dt=0.016176},
	{cf=CFrame.new(6.197021,470.124634,-382.104462,0.738373,-0.211408,0.640399,0.303753,0.952073,-0.035926,-0.602112,0.221050,0.767201),fov=50.000000,dt=0.016694},
	{cf=CFrame.new(6.155853,476.321014,-387.612610,0.738373,-0.211408,0.640399,0.303753,0.952073,-0.035926,-0.602112,0.221050,0.767201),fov=50.000000,dt=0.018253},
	{cf=CFrame.new(6.115204,483.233704,-393.779541,0.738373,-0.211408,0.640399,0.303753,0.952073,-0.035926,-0.602112,0.221050,0.767201),fov=50.000000,dt=0.022418},
	{cf=CFrame.new(6.120117,486.948486,-397.053192,0.738373,-0.211408,0.640399,0.303753,0.952073,-0.035926,-0.602112,0.221050,0.767201),fov=50.000000,dt=0.010608},
	{cf=CFrame.new(6.105286,491.615967,-401.187073,0.738373,-0.211408,0.640399,0.303753,0.952073,-0.035926,-0.602112,0.221050,0.767201),fov=50.000000,dt=0.014961},
	{cf=CFrame.new(6.079620,496.555176,-405.544861,0.738373,-0.211408,0.640399,0.303753,0.952073,-0.035926,-0.602112,0.221050,0.767201),fov=50.000000,dt=0.016872},
	{cf=CFrame.new(6.031738,501.481445,-409.864044,0.738373,-0.211408,0.640399,0.303753,0.952073,-0.035926,-0.602112,0.221050,0.767201),fov=50.000000,dt=0.017687},
	{cf=CFrame.new(5.996460,506.048248,-413.851898,0.738373,-0.211408,0.640399,0.303753,0.952073,-0.035926,-0.602112,0.221050,0.767201),fov=50.000000,dt=0.016867},
	{cf=CFrame.new(5.968079,510.204193,-417.462677,0.738373,-0.211408,0.640399,0.303753,0.952073,-0.035926,-0.602112,0.221050,0.767201),fov=50.000000,dt=0.015528},
	{cf=CFrame.new(5.949127,514.620300,-421.307159,0.738373,-0.211408,0.640399,0.303753,0.952073,-0.035926,-0.602112,0.221050,0.767201),fov=50.000000,dt=0.017655},
	{cf=CFrame.new(5.916046,518.542114,-424.702240,0.738373,-0.211408,0.640399,0.303753,0.952073,-0.035926,-0.602112,0.221050,0.767201),fov=50.000000,dt=0.015702},
	{cf=CFrame.new(5.869049,522.490662,-428.110321,0.738373,-0.211408,0.640399,0.303753,0.952073,-0.035926,-0.602112,0.221050,0.767201),fov=50.000000,dt=0.016483},
	{cf=CFrame.new(5.791382,526.769775,-431.791779,0.738373,-0.211408,0.640399,0.303753,0.952073,-0.035926,-0.602112,0.221050,0.767201),fov=50.000000,dt=0.019243},
	{cf=CFrame.new(5.743164,530.043701,-434.573822,0.738373,-0.211408,0.640399,0.303753,0.952073,-0.035926,-0.602112,0.221050,0.767201),fov=50.000000,dt=0.013438},
	{cf=CFrame.new(5.694733,533.877930,-437.835236,0.738373,-0.211408,0.640399,0.303753,0.952073,-0.035926,-0.602112,0.221050,0.767201),fov=50.000000,dt=0.017269},
	{cf=CFrame.new(5.664551,537.668213,-441.041840,0.738373,-0.211408,0.640399,0.303753,0.952073,-0.035926,-0.602112,0.221050,0.767201),fov=50.000000,dt=0.017417},
	{cf=CFrame.new(5.656708,541.189941,-444.018677,0.738373,-0.211408,0.640399,0.303753,0.952073,-0.035926,-0.602112,0.221050,0.767201),fov=50.000000,dt=0.016097},
	{cf=CFrame.new(5.655823,544.666565,-446.955292,0.738373,-0.211408,0.640399,0.303753,0.952073,-0.035926,-0.602112,0.221050,0.767201),fov=50.000000,dt=0.016152},
	{cf=CFrame.new(5.667603,548.238525,-449.981598,0.738373,-0.211408,0.640399,0.303753,0.952073,-0.035926,-0.602112,0.221050,0.767201),fov=50.000000,dt=0.017266},
	{cf=CFrame.new(5.661743,551.651489,-452.881256,0.738373,-0.211408,0.640400,0.303753,0.952073,-0.035926,-0.602112,0.221050,0.767201),fov=50.000000,dt=0.016609},
	{cf=CFrame.new(5.651733,554.972534,-455.701508,0.738373,-0.211408,0.640400,0.303753,0.952073,-0.035926,-0.602112,0.221050,0.767201),fov=50.000000,dt=0.016274},
	{cf=CFrame.new(5.619568,558.297119,-458.531921,0.738373,-0.211408,0.640400,0.303753,0.952073,-0.035926,-0.602112,0.221050,0.767201),fov=50.000000,dt=0.016666},
	{cf=CFrame.new(5.602020,561.534485,-461.259308,0.738373,-0.211408,0.640400,0.303753,0.952073,-0.035926,-0.602112,0.221050,0.767201),fov=50.000000,dt=0.016130},
	{cf=CFrame.new(5.593140,564.903076,-464.086243,0.738373,-0.211408,0.640400,0.303753,0.952073,-0.035926,-0.602112,0.221050,0.767201),fov=50.000000,dt=0.017362},
	{cf=CFrame.new(5.606689,568.066956,-466.707245,0.738373,-0.211408,0.640400,0.303753,0.952073,-0.035926,-0.602112,0.221050,0.767201),fov=50.000000,dt=0.015940},
	{cf=CFrame.new(5.612305,571.359314,-469.441345,0.738373,-0.211408,0.640399,0.303753,0.952073,-0.035926,-0.602112,0.221050,0.767201),fov=50.000000,dt=0.017627},
	{cf=CFrame.new(5.614655,574.347839,-471.919525,0.738373,-0.211408,0.640399,0.303753,0.952073,-0.035926,-0.602112,0.221050,0.767201),fov=50.000000,dt=0.015715},
	{cf=CFrame.new(5.602570,577.547058,-474.590057,0.738373,-0.211408,0.640399,0.303753,0.952073,-0.035926,-0.602112,0.221050,0.767201),fov=50.000000,dt=0.018220},
	{cf=CFrame.new(5.592957,580.427795,-476.990173,0.738373,-0.211408,0.640399,0.303753,0.952073,-0.035926,-0.602112,0.221050,0.767201),fov=50.000000,dt=0.015944},
	{cf=CFrame.new(5.587097,583.401733,-479.465576,0.738373,-0.211408,0.640399,0.303753,0.952073,-0.035926,-0.602112,0.221050,0.767201),fov=50.000000,dt=0.017285},
	{cf=CFrame.new(5.588623,586.176025,-481.766815,0.738373,-0.211408,0.640399,0.303753,0.952073,-0.035926,-0.602112,0.221050,0.767201),fov=50.000000,dt=0.015808},
	{cf=CFrame.new(5.603149,588.987854,-484.109497,0.738373,-0.211408,0.640399,0.303753,0.952073,-0.035926,-0.602112,0.221050,0.767201),fov=50.000000,dt=0.016689},
	{cf=CFrame.new(5.621857,591.881958,-486.523621,0.738373,-0.211408,0.640399,0.303753,0.952073,-0.035926,-0.602112,0.221050,0.767201),fov=50.000000,dt=0.018061},
	{cf=CFrame.new(5.648743,594.599854,-488.800201,0.738373,-0.211408,0.640399,0.303753,0.952073,-0.035926,-0.602112,0.221050,0.767201),fov=50.000000,dt=0.016863},
	{cf=CFrame.new(5.677460,597.195923,-490.961395,0.738373,-0.211408,0.640399,0.303753,0.952073,-0.035926,-0.602112,0.221050,0.767201),fov=50.000000,dt=0.015868},
	{cf=CFrame.new(5.705414,599.769409,-493.096924,0.738373,-0.211408,0.640399,0.303753,0.952073,-0.035926,-0.602112,0.221050,0.767201),fov=50.000000,dt=0.015867},
	{cf=CFrame.new(5.732635,602.390015,-495.254913,0.738373,-0.211408,0.640399,0.303753,0.952073,-0.035926,-0.602112,0.221050,0.767201),fov=50.000000,dt=0.016573},
	{cf=CFrame.new(5.738037,605.157227,-497.521729,0.738373,-0.211408,0.640399,0.303753,0.952073,-0.035926,-0.602112,0.221050,0.767201),fov=50.000000,dt=0.018587},
	{cf=CFrame.new(5.735199,607.604980,-499.517578,0.738373,-0.211408,0.640399,0.303753,0.952073,-0.035926,-0.602112,0.221050,0.767201),fov=50.000000,dt=0.015251},
	{cf=CFrame.new(5.711090,610.216125,-501.640320,0.738373,-0.211408,0.640399,0.303753,0.952073,-0.035926,-0.602112,0.221050,0.767201),fov=50.000000,dt=0.017367},
	{cf=CFrame.new(5.700287,612.795532,-503.743683,0.738373,-0.211408,0.640399,0.303753,0.952073,-0.035926,-0.602112,0.221050,0.767201),fov=50.000000,dt=0.017301},
	{cf=CFrame.new(5.695770,615.186523,-505.692383,0.738373,-0.211408,0.640399,0.303753,0.952073,-0.035926,-0.602112,0.221050,0.767201),fov=50.000000,dt=0.015234},
	{cf=CFrame.new(5.711670,617.646973,-507.708862,0.738373,-0.211408,0.640399,0.303753,0.952073,-0.035926,-0.602112,0.221050,0.767201),fov=50.000000,dt=0.016201},
	{cf=CFrame.new(5.725708,620.145935,-509.768372,0.738373,-0.211408,0.640399,0.303753,0.952073,-0.035926,-0.602112,0.221050,0.767201),fov=55.000000,dt=0.016944},
	{cf=CFrame.new(5.736511,622.635498,-511.822388,0.738373,-0.211408,0.640399,0.303753,0.952073,-0.035926,-0.602112,0.221050,0.767201),fov=54.999863,dt=0.017073},
	{cf=CFrame.new(5.738739,625.018005,-513.794922,0.738373,-0.211408,0.640399,0.303753,0.952073,-0.035926,-0.602112,0.221050,0.767201),fov=54.999592,dt=0.015980},
	{cf=CFrame.new(5.737671,627.479431,-515.835205,0.738373,-0.211408,0.640400,0.303753,0.952073,-0.035926,-0.602112,0.221051,0.767201),fov=54.999310,dt=0.017153},
	{cf=CFrame.new(2.622162,628.307373,-517.944946,0.984283,-0.048366,0.169847,0.132141,0.839755,-0.526641,-0.117159,0.540807,0.832947),fov=54.999012,dt=0.016370},
	{cf=CFrame.new(1.451630,630.659668,-520.445068,0.999200,-0.038698,-0.010097,0.022865,0.759873,-0.649669,0.032813,0.648918,0.760150),fov=54.998699,dt=0.017685},
	{cf=CFrame.new(1.440216,633.672913,-522.906677,0.999211,-0.038420,-0.010078,0.022666,0.759891,-0.649655,0.032618,0.648914,0.760162),fov=54.998371,dt=0.016244},
	{cf=CFrame.new(1.428436,636.711243,-525.389282,0.999222,-0.038142,-0.010058,0.022468,0.759909,-0.649641,0.032422,0.648909,0.760175),fov=54.998024,dt=0.016669},
	{cf=CFrame.new(1.424774,639.733826,-527.861816,0.999233,-0.037864,-0.010039,0.022269,0.759927,-0.649627,0.032226,0.648905,0.760187),fov=54.997658,dt=0.016670},
	{cf=CFrame.new(1.424347,642.664429,-530.258606,0.999243,-0.037585,-0.010020,0.022071,0.759945,-0.649612,0.032030,0.648900,0.760199),fov=54.997272,dt=0.015546},
	{cf=CFrame.new(1.425171,645.722656,-532.758911,0.999254,-0.037307,-0.010001,0.021872,0.759963,-0.649598,0.031835,0.648895,0.760212),fov=54.996872,dt=0.017322},
	{cf=CFrame.new(1.438843,648.814575,-535.295776,0.999264,-0.037029,-0.009981,0.021674,0.759981,-0.649584,0.031639,0.648890,0.760224),fov=54.996445,dt=0.017997},
	{cf=CFrame.new(1.457642,651.782349,-537.731934,0.999275,-0.036751,-0.009962,0.021475,0.759999,-0.649570,0.031443,0.648885,0.760237),fov=54.995998,dt=0.016468},
	{cf=CFrame.new(1.477600,654.799683,-540.206909,0.999285,-0.036472,-0.009943,0.021277,0.760016,-0.649556,0.031247,0.648880,0.760249),fov=54.995529,dt=0.017232},
	{cf=CFrame.new(1.472351,657.746521,-542.606812,0.999296,-0.036194,-0.009923,0.021078,0.760034,-0.649541,0.031052,0.648874,0.760262),fov=54.995033,dt=0.016435},
	{cf=CFrame.new(1.458923,660.592468,-544.917358,0.999306,-0.035916,-0.009904,0.020879,0.760052,-0.649527,0.030856,0.648869,0.760274),fov=54.994511,dt=0.015074},
	{cf=CFrame.new(1.446930,663.589905,-547.350342,0.999316,-0.035638,-0.009885,0.020681,0.760069,-0.649513,0.030660,0.648864,0.760286),fov=54.993965,dt=0.017163},
	{cf=CFrame.new(1.456573,666.544495,-549.762939,0.999326,-0.035359,-0.009865,0.020482,0.760087,-0.649498,0.030465,0.648859,0.760299),fov=54.993385,dt=0.016450},
	{cf=CFrame.new(1.473877,669.499878,-552.180054,0.999336,-0.035081,-0.009846,0.020284,0.760105,-0.649484,0.030269,0.648853,0.760311),fov=54.992775,dt=0.016432},
	{cf=CFrame.new(1.491943,672.493896,-554.627441,0.999346,-0.034803,-0.009827,0.020085,0.760122,-0.649470,0.030073,0.648848,0.760324),fov=54.992142,dt=0.017023},
	{cf=CFrame.new(1.491028,675.406067,-557.003418,0.999356,-0.034525,-0.009808,0.019887,0.760139,-0.649456,0.029877,0.648842,0.760336),fov=54.991467,dt=0.016108},
	{cf=CFrame.new(1.482910,678.374268,-559.423462,0.999366,-0.034246,-0.009788,0.019688,0.760157,-0.649442,0.029682,0.648837,0.760349),fov=54.990761,dt=0.016964},
	{cf=CFrame.new(1.473480,681.302734,-561.810669,0.999375,-0.033968,-0.009769,0.019490,0.760174,-0.649427,0.029486,0.648831,0.760361),fov=54.990017,dt=0.016442},
	{cf=CFrame.new(1.485535,684.325562,-564.261719,0.999385,-0.033690,-0.009750,0.019291,0.760191,-0.649413,0.029290,0.648825,0.760373),fov=54.989231,dt=0.017587},
	{cf=CFrame.new(1.503998,687.306946,-566.674438,0.999394,-0.033411,-0.009730,0.019092,0.760208,-0.649399,0.029094,0.648820,0.760386),fov=54.988407,dt=0.017008},
	{cf=CFrame.new(1.521667,690.198486,-569.013916,0.999404,-0.033133,-0.009711,0.018894,0.760225,-0.649385,0.028899,0.648814,0.760398),fov=54.987541,dt=0.015742},
	{cf=CFrame.new(1.516785,693.115234,-571.390137,0.999413,-0.032855,-0.009691,0.018695,0.760242,-0.649370,0.028703,0.648808,0.760410),fov=54.986629,dt=0.016286},
	{cf=CFrame.new(1.504333,696.048523,-573.785095,0.999422,-0.032576,-0.009672,0.018497,0.760259,-0.649356,0.028507,0.648802,0.760423),fov=54.985664,dt=0.016594},
	{cf=CFrame.new(1.491730,698.944641,-576.149719,0.999432,-0.032298,-0.009653,0.018298,0.760276,-0.649342,0.028311,0.648796,0.760435),fov=54.984657,dt=0.016069},
	{cf=CFrame.new(1.490112,702.001587,-578.630066,0.999441,-0.032020,-0.009633,0.018099,0.760293,-0.649328,0.028116,0.648790,0.760448),fov=54.983593,dt=0.018063},
	{cf=CFrame.new(1.491638,704.909851,-580.984436,0.999450,-0.031742,-0.009614,0.017901,0.760310,-0.649314,0.027920,0.648784,0.760460),fov=54.982471,dt=0.015372},
	{cf=CFrame.new(1.493134,708.035217,-583.515198,0.999459,-0.031463,-0.009595,0.017702,0.760327,-0.649299,0.027724,0.648778,0.760472),fov=54.981293,dt=0.017662},
	{cf=CFrame.new(1.494781,711.124695,-586.013428,0.999468,-0.031185,-0.009575,0.017504,0.760344,-0.649285,0.027528,0.648772,0.760485),fov=54.980057,dt=0.016698},
	{cf=CFrame.new(1.496399,714.252197,-588.541382,0.999477,-0.030907,-0.009556,0.017305,0.760360,-0.649271,0.027333,0.648766,0.760497),fov=54.978756,dt=0.016713},
	{cf=CFrame.new(1.497772,717.469666,-591.142395,0.999485,-0.030628,-0.009536,0.017106,0.760377,-0.649257,0.027137,0.648760,0.760509),fov=54.977379,dt=0.017424},
	{cf=CFrame.new(1.502167,720.674011,-593.752197,0.999494,-0.030350,-0.009517,0.016908,0.760393,-0.649243,0.026941,0.648753,0.760522),fov=54.975933,dt=0.017114},
	{cf=CFrame.new(1.507477,723.737549,-596.253906,0.999503,-0.030072,-0.009498,0.016709,0.760410,-0.649228,0.026745,0.648747,0.760534),fov=54.974419,dt=0.015171},
	{cf=CFrame.new(1.512695,726.981689,-598.902222,0.999511,-0.029793,-0.009478,0.016510,0.760426,-0.649214,0.026550,0.648740,0.760547),fov=54.972813,dt=0.016891},
	{cf=CFrame.new(1.514893,730.168518,-601.481323,0.999520,-0.029515,-0.009459,0.016312,0.760443,-0.649200,0.026354,0.648734,0.760559),fov=54.971134,dt=0.015811},
	{cf=CFrame.new(1.516235,733.549988,-604.210815,0.999528,-0.029237,-0.009439,0.016113,0.760459,-0.649186,0.026158,0.648727,0.760571),fov=54.969360,dt=0.017665},
	{cf=CFrame.new(1.517426,736.874023,-606.893677,0.999536,-0.028958,-0.009420,0.015914,0.760475,-0.649172,0.025963,0.648721,0.760583),fov=54.967499,dt=0.016869},
	{cf=CFrame.new(1.520569,740.200562,-609.590698,0.999544,-0.028680,-0.009401,0.015716,0.760492,-0.649158,0.025767,0.648714,0.760596),fov=54.965538,dt=0.016641},
	{cf=CFrame.new(1.524353,743.525208,-612.290039,0.999553,-0.028402,-0.009381,0.015517,0.760508,-0.649143,0.025571,0.648707,0.760608),fov=54.963474,dt=0.016410},
	{cf=CFrame.new(1.528046,746.898438,-615.028931,0.999561,-0.028123,-0.009362,0.015318,0.760524,-0.649129,0.025375,0.648701,0.760621),fov=54.961304,dt=0.016749},
	{cf=CFrame.new(1.516998,750.258301,-617.759644,0.999569,-0.027845,-0.009342,0.015120,0.760540,-0.649115,0.025180,0.648694,0.760633),fov=54.959019,dt=0.016592},
	{cf=CFrame.new(1.500977,753.668579,-620.532227,0.999576,-0.027567,-0.009323,0.014921,0.760556,-0.649101,0.024984,0.648687,0.760645),fov=54.956612,dt=0.017027},
	{cf=CFrame.new(1.484894,757.021912,-623.258667,0.999584,-0.027288,-0.009303,0.014722,0.760572,-0.649087,0.024788,0.648680,0.760657),fov=54.954082,dt=0.016321},
	{cf=CFrame.new(1.483093,760.464661,-626.066772,0.999592,-0.027010,-0.009284,0.014523,0.760588,-0.649073,0.024593,0.648673,0.760670),fov=54.951420,dt=0.017249},
	{cf=CFrame.new(1.486115,763.818359,-628.805664,0.999600,-0.026732,-0.009264,0.014325,0.760604,-0.649059,0.024397,0.648666,0.760682),fov=54.948620,dt=0.016295},
	{cf=CFrame.new(1.488953,767.200073,-631.567261,0.999607,-0.026453,-0.009245,0.014126,0.760619,-0.649044,0.024201,0.648659,0.760694),fov=54.945675,dt=0.016457},
	{cf=CFrame.new(1.497955,770.601135,-634.319458,0.999615,-0.026175,-0.009225,0.013927,0.760635,-0.649030,0.024005,0.648652,0.760707),fov=54.942570,dt=0.016239},
	{cf=CFrame.new(1.508942,774.031067,-637.086548,0.999622,-0.025896,-0.009206,0.013729,0.760651,-0.649016,0.023810,0.648645,0.760719),fov=54.939304,dt=0.016317},
	{cf=CFrame.new(1.519867,777.595215,-639.962891,0.999630,-0.025618,-0.009186,0.013530,0.760666,-0.649002,0.023614,0.648637,0.760731),fov=54.935871,dt=0.017594},
	{cf=CFrame.new(1.520050,781.187500,-642.872314,0.999637,-0.025340,-0.009167,0.013331,0.760682,-0.648988,0.023418,0.648630,0.760744),fov=54.932255,dt=0.018071},
	{cf=CFrame.new(1.516937,784.571960,-645.616455,0.999644,-0.025061,-0.009147,0.013132,0.760697,-0.648974,0.023223,0.648623,0.760756),fov=54.928452,dt=0.016046},
	{cf=CFrame.new(1.513672,788.029602,-648.419922,0.999651,-0.024783,-0.009128,0.012934,0.760713,-0.648960,0.023027,0.648615,0.760768),fov=54.924450,dt=0.016675},
	{cf=CFrame.new(1.502747,791.497192,-651.238647,0.999658,-0.024505,-0.009108,0.012735,0.760728,-0.648946,0.022831,0.648608,0.760780),fov=54.920238,dt=0.016635},
	{cf=CFrame.new(1.489258,795.090637,-654.161621,0.999665,-0.024226,-0.009089,0.012536,0.760744,-0.648931,0.022635,0.648600,0.760793),fov=54.915806,dt=0.017826},
	{cf=CFrame.new(1.475861,798.411682,-656.863770,0.999672,-0.023948,-0.009069,0.012337,0.760759,-0.648918,0.022440,0.648593,0.760805),fov=54.911140,dt=0.015112},
	{cf=CFrame.new(1.478302,801.802490,-659.614380,0.999679,-0.023670,-0.009050,0.012139,0.760774,-0.648903,0.022244,0.648585,0.760817),fov=54.906235,dt=0.015714},
	{cf=CFrame.new(1.486084,805.251221,-662.409668,0.999686,-0.023391,-0.009030,0.011940,0.760789,-0.648889,0.022048,0.648577,0.760829),fov=54.901070,dt=0.016204},
	{cf=CFrame.new(1.493713,808.811523,-665.295410,0.999692,-0.023113,-0.009011,0.011741,0.760804,-0.648875,0.021853,0.648570,0.760842),fov=54.895630,dt=0.017249},
	{cf=CFrame.new(1.496063,812.270203,-668.116943,0.999699,-0.022834,-0.008991,0.011542,0.760819,-0.648861,0.021657,0.648562,0.760854),fov=54.889915,dt=0.016366},
	{cf=CFrame.new(1.496704,815.725037,-670.941284,0.999705,-0.022556,-0.008972,0.011344,0.760834,-0.648847,0.021461,0.648554,0.760866),fov=54.883900,dt=0.016313},
	{cf=CFrame.new(1.497223,819.320312,-673.879761,0.999712,-0.022278,-0.008952,0.011145,0.760849,-0.648833,0.021266,0.648546,0.760878),fov=54.877567,dt=0.017657},
	{cf=CFrame.new(1.486816,823.015442,-676.878906,0.999718,-0.021999,-0.008933,0.010946,0.760864,-0.648819,0.021070,0.648538,0.760890),fov=54.870903,dt=0.018521},
	{cf=CFrame.new(1.473022,826.382629,-679.605225,0.999724,-0.021721,-0.008913,0.010747,0.760879,-0.648805,0.020874,0.648530,0.760903),fov=54.863892,dt=0.015310},
	{cf=CFrame.new(1.459198,829.880310,-682.437378,0.999731,-0.021442,-0.008893,0.010548,0.760894,-0.648791,0.020679,0.648522,0.760915),fov=54.856514,dt=0.016471},
	{cf=CFrame.new(1.458893,833.353027,-685.262451,0.999737,-0.021164,-0.008874,0.010350,0.760909,-0.648777,0.020483,0.648514,0.760927),fov=54.848751,dt=0.016374},
	{cf=CFrame.new(1.463074,836.925781,-688.172974,0.999743,-0.020886,-0.008854,0.010151,0.760923,-0.648762,0.020287,0.648506,0.760940),fov=54.840580,dt=0.017382},
	{cf=CFrame.new(1.467316,840.363647,-690.973999,0.999749,-0.020607,-0.008835,0.009952,0.760938,-0.648749,0.020092,0.648498,0.760952),fov=54.831982,dt=0.016091},
	{cf=CFrame.new(1.464142,843.930542,-693.861816,0.999755,-0.020329,-0.008815,0.009753,0.760952,-0.648734,0.019896,0.648489,0.760964),fov=54.822937,dt=0.017158},
	{cf=CFrame.new(1.458588,847.398804,-696.663818,0.999760,-0.020051,-0.008795,0.009554,0.760967,-0.648720,0.019700,0.648481,0.760976),fov=54.813416,dt=0.016164},
	{cf=CFrame.new(1.453094,850.817261,-699.425171,0.999766,-0.019772,-0.008776,0.009355,0.760981,-0.648706,0.019505,0.648472,0.760988),fov=54.803398,dt=0.015621},
	{cf=CFrame.new(1.452087,854.397034,-702.336670,0.999772,-0.019494,-0.008756,0.009157,0.760996,-0.648692,0.019309,0.648464,0.761000),fov=54.792858,dt=0.017195},
	{cf=CFrame.new(1.452820,857.849487,-705.151001,0.999777,-0.019215,-0.008737,0.008958,0.761010,-0.648678,0.019113,0.648456,0.761013),fov=54.781765,dt=0.016014},
	{cf=CFrame.new(1.453339,861.657776,-708.254150,0.999783,-0.018937,-0.008717,0.008759,0.761024,-0.648664,0.018918,0.648447,0.761025),fov=54.770092,dt=0.019457},
	{cf=CFrame.new(1.451172,864.848938,-710.834229,0.999788,-0.018659,-0.008697,0.008560,0.761039,-0.648650,0.018722,0.648438,0.761037),fov=54.757809,dt=0.013417},
	{cf=CFrame.new(1.447662,868.726990,-713.964355,0.999793,-0.018380,-0.008678,0.008361,0.761053,-0.648636,0.018526,0.648429,0.761049),fov=54.744884,dt=0.019823},
	{cf=CFrame.new(1.444489,872.131348,-716.709961,0.999799,-0.018102,-0.008658,0.008162,0.761067,-0.648622,0.018331,0.648421,0.761061),fov=54.731285,dt=0.015421},
	{cf=CFrame.new(1.453705,875.527954,-719.472534,0.999804,-0.017823,-0.008639,0.007964,0.761081,-0.648608,0.018135,0.648412,0.761074),fov=54.716972,dt=0.015445},
	{cf=CFrame.new(1.467041,879.087219,-722.375000,0.999809,-0.017545,-0.008619,0.007765,0.761095,-0.648594,0.017939,0.648403,0.761086),fov=54.701912,dt=0.017002},
	{cf=CFrame.new(1.480194,882.867615,-725.456787,0.999814,-0.017267,-0.008599,0.007566,0.761109,-0.648580,0.017744,0.648394,0.761098),fov=54.686066,dt=0.019208},
	{cf=CFrame.new(1.477081,886.148132,-728.125732,0.999819,-0.016988,-0.008580,0.007367,0.761123,-0.648566,0.017548,0.648386,0.761110),fov=54.669388,dt=0.014552},
	{cf=CFrame.new(1.468384,889.657959,-730.978394,0.999824,-0.016710,-0.008560,0.007168,0.761136,-0.648552,0.017352,0.648377,0.761122),fov=54.651836,dt=0.016643},
	{cf=CFrame.new(1.459656,893.195679,-733.853638,0.999829,-0.016431,-0.008540,0.006969,0.761150,-0.648538,0.017157,0.648367,0.761134),fov=54.633373,dt=0.016912},
	{cf=CFrame.new(1.461426,896.891968,-736.851074,0.999833,-0.016153,-0.008521,0.006770,0.761164,-0.648524,0.016961,0.648358,0.761146),fov=54.613945,dt=0.018238},
	{cf=CFrame.new(1.466980,900.162842,-739.501221,0.999838,-0.015875,-0.008501,0.006571,0.761178,-0.648510,0.016765,0.648349,0.761159),fov=54.593494,dt=0.014102},
	{cf=CFrame.new(1.472321,903.724243,-742.386963,0.999842,-0.015596,-0.008481,0.006373,0.761191,-0.648496,0.016570,0.648340,0.761171),fov=54.571976,dt=0.016730},
	{cf=CFrame.new(1.459686,907.282532,-745.282471,0.999847,-0.015318,-0.008462,0.006174,0.761205,-0.648482,0.016374,0.648331,0.761183),fov=54.549335,dt=0.016887},
	{cf=CFrame.new(1.441071,910.779297,-748.131714,0.999851,-0.015039,-0.008442,0.005975,0.761218,-0.648468,0.016179,0.648321,0.761195),fov=54.525505,dt=0.016364},
	{cf=CFrame.new(1.422272,914.449951,-751.122314,0.999856,-0.014761,-0.008422,0.005776,0.761232,-0.648454,0.015983,0.648312,0.761207),fov=54.500439,dt=0.018043},
	{cf=CFrame.new(1.421082,917.915039,-753.934570,0.999860,-0.014482,-0.008402,0.005577,0.761245,-0.648440,0.015787,0.648302,0.761219),fov=54.474056,dt=0.016091},
	{cf=CFrame.new(1.425751,921.475403,-756.820557,0.999864,-0.014204,-0.008383,0.005378,0.761259,-0.648426,0.015592,0.648293,0.761231),fov=54.446293,dt=0.016956},
	{cf=CFrame.new(1.430389,924.972046,-759.654785,0.999868,-0.013926,-0.008363,0.005179,0.761272,-0.648412,0.015396,0.648283,0.761243),fov=54.417080,dt=0.016354},
	{cf=CFrame.new(1.437561,928.450256,-762.466187,0.999872,-0.013647,-0.008343,0.004980,0.761285,-0.648398,0.015200,0.648274,0.761256),fov=54.386337,dt=0.016106},
	{cf=CFrame.new(1.445587,932.145386,-765.450806,0.999876,-0.013369,-0.008324,0.004781,0.761298,-0.648384,0.015005,0.648264,0.761268),fov=54.353992,dt=0.018168},
	{cf=CFrame.new(1.453644,935.706360,-768.326782,0.999880,-0.013090,-0.008304,0.004582,0.761311,-0.648370,0.014809,0.648254,0.761280),fov=54.319946,dt=0.016979},
	{cf=CFrame.new(1.451080,939.230896,-771.197754,0.999884,-0.012812,-0.008284,0.004384,0.761324,-0.648356,0.014614,0.648245,0.761292),fov=54.284134,dt=0.016690},
	{cf=CFrame.new(1.445038,942.545532,-773.906616,0.999887,-0.012534,-0.008264,0.004185,0.761337,-0.648343,0.014418,0.648235,0.761304),fov=54.246437,dt=0.014649},
	{cf=CFrame.new(1.438812,946.320740,-776.989258,0.999891,-0.012255,-0.008245,0.003986,0.761350,-0.648329,0.014222,0.648225,0.761316),fov=54.206776,dt=0.018984},
	{cf=CFrame.new(1.442291,949.617554,-779.666748,0.999894,-0.011977,-0.008225,0.003787,0.761363,-0.648315,0.014027,0.648215,0.761328),fov=54.165031,dt=0.014535},
	{cf=CFrame.new(1.448730,953.250427,-782.611450,0.999898,-0.011698,-0.008205,0.003588,0.761376,-0.648301,0.013831,0.648205,0.761340),fov=54.121117,dt=0.017655},
	{cf=CFrame.new(1.455292,956.674927,-785.387207,0.999901,-0.011420,-0.008185,0.003389,0.761389,-0.648287,0.013636,0.648195,0.761352),fov=54.074902,dt=0.015706},
	{cf=CFrame.new(1.441589,960.209961,-788.250732,0.999905,-0.011142,-0.008166,0.003190,0.761401,-0.648273,0.013440,0.648185,0.761364),fov=54.026268,dt=0.016597},
	{cf=CFrame.new(1.421265,963.746277,-791.114868,0.999908,-0.010863,-0.008146,0.002991,0.761414,-0.648259,0.013244,0.648175,0.761376),fov=53.975090,dt=0.016573},
	{cf=CFrame.new(1.400665,967.453186,-794.117676,0.999911,-0.010585,-0.008126,0.002792,0.761427,-0.648245,0.013049,0.648165,0.761388),fov=53.921238,dt=0.018238},
	{cf=CFrame.new(1.398010,970.899292,-796.917603,0.999914,-0.010306,-0.008106,0.002593,0.761439,-0.648231,0.012853,0.648154,0.761400),fov=53.864574,dt=0.015875},
	{cf=CFrame.new(1.401123,974.471130,-799.822876,0.999917,-0.010028,-0.008087,0.002394,0.761452,-0.648217,0.012658,0.648144,0.761413),fov=53.804943,dt=0.017058},
	{cf=CFrame.new(1.404266,978.027893,-802.715820,0.999920,-0.009749,-0.008067,0.002195,0.761464,-0.648203,0.012462,0.648134,0.761425),fov=53.742191,dt=0.016941},
	{cf=CFrame.new(1.404602,981.567383,-805.593994,0.999923,-0.009471,-0.008047,0.001996,0.761477,-0.648189,0.012267,0.648123,0.761437),fov=53.676163,dt=0.016819},
	{cf=CFrame.new(1.404114,985.022278,-808.403076,0.999925,-0.009193,-0.008027,0.001797,0.761489,-0.648175,0.012071,0.648113,0.761449),fov=53.606686,dt=0.016006},
	{cf=CFrame.new(1.403656,988.478577,-811.213257,0.999928,-0.008914,-0.008007,0.001598,0.761501,-0.648161,0.011875,0.648102,0.761461),fov=53.533566,dt=0.015965},
	{cf=CFrame.new(1.407959,992.057434,-814.112915,0.999931,-0.008636,-0.007988,0.001399,0.761513,-0.648148,0.011680,0.648092,0.761473),fov=53.456627,dt=0.017078},
	{cf=CFrame.new(1.413788,995.631104,-817.004883,0.999933,-0.008357,-0.007968,0.001200,0.761526,-0.648134,0.011484,0.648081,0.761485),fov=53.375671,dt=0.017057},
	{cf=CFrame.new(1.419586,999.385010,-820.043213,0.999936,-0.008079,-0.007948,0.001001,0.761538,-0.648120,0.011289,0.648070,0.761497),fov=53.290474,dt=0.018864},
	{cf=CFrame.new(1.410187,1002.602234,-822.656738,0.999938,-0.007800,-0.007928,0.000802,0.761550,-0.648106,0.011093,0.648060,0.761509),fov=53.200825,dt=0.013762},
	{cf=CFrame.new(1.395386,1006.216858,-825.596313,0.999940,-0.007522,-0.007908,0.000603,0.761562,-0.648092,0.010898,0.648049,0.761521),fov=53.106487,dt=0.017403},
	{cf=CFrame.new(1.380585,1009.673584,-828.407837,0.999943,-0.007244,-0.007888,0.000404,0.761574,-0.648078,0.010702,0.648038,0.761533),fov=53.007217,dt=0.015926},
	{cf=CFrame.new(1.378387,1013.341797,-831.390625,0.999945,-0.006965,-0.007869,0.000205,0.761585,-0.648064,0.010507,0.648027,0.761545),fov=52.902760,dt=0.018006},
	{cf=CFrame.new(1.380463,1016.786072,-834.191528,0.999947,-0.006687,-0.007849,0.000006,0.761597,-0.648051,0.010311,0.648016,0.761557),fov=52.792843,dt=0.015954},
	{cf=CFrame.new(1.382599,1020.203064,-836.970337,0.999949,-0.006408,-0.007829,-0.000193,0.761609,-0.648037,0.010116,0.648005,0.761569),fov=52.677170,dt=0.015628},
	{cf=CFrame.new(1.382874,1023.899841,-839.966797,0.999951,-0.006130,-0.007809,-0.000392,0.761621,-0.648023,0.009920,0.647994,0.761581),fov=52.555450,dt=0.018105},
	{cf=CFrame.new(1.382874,1027.275269,-842.699341,0.999953,-0.005852,-0.007789,-0.000591,0.761633,-0.648009,0.009724,0.647983,0.761593),fov=52.427368,dt=0.015039},
	{cf=CFrame.new(1.382660,1030.994751,-845.711060,0.999954,-0.005573,-0.007769,-0.000790,0.761644,-0.647995,0.009529,0.647972,0.761605),fov=52.292591,dt=0.018258},
	{cf=CFrame.new(1.387939,1034.449707,-848.520874,0.999956,-0.005295,-0.007750,-0.000989,0.761656,-0.647981,0.009333,0.647960,0.761617),fov=52.150761,dt=0.015955},
	{cf=CFrame.new(1.394989,1037.950562,-851.371948,0.999958,-0.005016,-0.007730,-0.001188,0.761667,-0.647967,0.009138,0.647949,0.761629),fov=52.001522,dt=0.016389},
	{cf=CFrame.new(1.401886,1041.647339,-854.382446,0.999959,-0.004738,-0.007710,-0.001387,0.761679,-0.647954,0.008942,0.647938,0.761641),fov=51.844479,dt=0.018287},
	{cf=CFrame.new(1.394012,1045.085449,-857.164062,0.999960,-0.004460,-0.007690,-0.001586,0.761690,-0.647940,0.008747,0.647926,0.761653),fov=51.679218,dt=0.015745},
	{cf=CFrame.new(1.381165,1048.589355,-859.992798,0.999962,-0.004181,-0.007670,-0.001785,0.761701,-0.647926,0.008551,0.647915,0.761665),fov=51.505322,dt=0.016262},
	{cf=CFrame.new(1.368286,1052.146118,-862.864502,0.999963,-0.003903,-0.007650,-0.001984,0.761713,-0.647912,0.008356,0.647903,0.761677),fov=51.322330,dt=0.016747},
	{cf=CFrame.new(1.365662,1055.634155,-865.705322,0.999964,-0.003624,-0.007630,-0.002183,0.761724,-0.647898,0.008160,0.647892,0.761689),fov=51.129772,dt=0.016363},
	{cf=CFrame.new(1.366364,1059.127197,-868.558350,0.999965,-0.003346,-0.007610,-0.002382,0.761735,-0.647884,0.007965,0.647880,0.761701),fov=50.927147,dt=0.016483},
	{cf=CFrame.new(1.367065,1062.664307,-871.447266,0.999967,-0.003068,-0.007590,-0.002581,0.761746,-0.647870,0.007769,0.647868,0.761713),fov=50.713924,dt=0.016901},
	{cf=CFrame.new(1.376862,1066.278564,-874.382324,0.999967,-0.002789,-0.007571,-0.002780,0.761757,-0.647857,0.007574,0.647857,0.761725),fov=50.489555,dt=0.017438},
	{cf=CFrame.new(1.389862,1069.707153,-877.160889,0.999968,-0.002511,-0.007551,-0.002979,0.761768,-0.647843,0.007378,0.647845,0.761737),fov=50.253448,dt=0.015605},
	{cf=CFrame.new(1.402679,1073.314941,-880.085083,0.999969,-0.002232,-0.007531,-0.003178,0.761779,-0.647829,0.007183,0.647833,0.761748),fov=50.000000,dt=0.017268},
	{cf=CFrame.new(1.397827,1076.815552,-882.914917,0.999970,-0.001954,-0.007511,-0.003377,0.761790,-0.647815,0.006987,0.647821,0.761760),fov=40.000000,dt=0.016207},
	{cf=CFrame.new(1.387360,1080.347290,-885.770996,0.999971,-0.001675,-0.007491,-0.003576,0.761801,-0.647801,0.006792,0.647809,0.761772),fov=40.047169,dt=0.016703},
	{cf=CFrame.new(1.378357,1083.813843,-888.583740,0.999971,-0.001397,-0.007471,-0.003775,0.761812,-0.647788,0.006596,0.647797,0.761784),fov=40.094337,dt=0.017080},
	{cf=CFrame.new(1.381287,1087.153564,-891.320679,0.999972,-0.001119,-0.007451,-0.003974,0.761823,-0.647773,0.006401,0.647784,0.761797),fov=40.141510,dt=0.017186},
	{cf=CFrame.new(0.158600,1094.941772,-897.738037,-0.551417,-0.155217,0.819663,0.586761,0.626262,0.513329,-0.593001,0.764005,-0.254256),fov=40.188679,dt=0.015943},
	{cf=CFrame.new(-0.021149,1097.473022,-899.386353,-0.962540,0.026597,0.269832,0.237196,0.564732,0.790453,-0.131359,0.824846,-0.549886),fov=40.235847,dt=0.016223},
	{cf=CFrame.new(-0.000122,1099.173706,-900.760376,-0.962541,0.026595,0.269830,0.237192,0.564732,0.790454,-0.131360,0.824846,-0.549885),fov=40.283020,dt=0.016737},
	{cf=CFrame.new(0.022064,1100.852783,-902.105713,-0.962541,0.026592,0.269829,0.237190,0.564732,0.790455,-0.131361,0.824846,-0.549885),fov=40.330193,dt=0.017339},
	{cf=CFrame.new(0.022247,1102.356567,-903.295776,-0.962541,0.026591,0.269828,0.237189,0.564732,0.790455,-0.131361,0.824846,-0.549884),fov=40.377361,dt=0.015670},
	{cf=CFrame.new(0.016235,1103.983398,-904.562378,-0.962541,0.026591,0.269828,0.237189,0.564732,0.790455,-0.131361,0.824846,-0.549884),fov=40.424530,dt=0.017995},
	{cf=CFrame.new(0.008636,1105.420532,-905.666504,-0.962541,0.026591,0.269828,0.237189,0.564732,0.790455,-0.131361,0.824846,-0.549885),fov=40.471699,dt=0.015718},
	{cf=CFrame.new(0.017273,1106.897461,-906.795898,-0.962541,0.026591,0.269828,0.237189,0.564732,0.790455,-0.131361,0.824846,-0.549884),fov=40.518867,dt=0.016963},
	{cf=CFrame.new(0.029083,1108.351318,-907.913696,-0.962541,0.026591,0.269828,0.237189,0.564732,0.790455,-0.131361,0.824846,-0.549884),fov=40.566036,dt=0.017029},
	{cf=CFrame.new(0.039246,1109.740356,-908.995483,-0.962541,0.026591,0.269828,0.237189,0.564731,0.790455,-0.131362,0.824846,-0.549885),fov=40.613209,dt=0.016615},
	{cf=CFrame.new(0.052094,1111.165527,-910.128418,-0.962541,0.026591,0.269828,0.237189,0.564732,0.790455,-0.131361,0.824846,-0.549884),fov=40.660378,dt=0.017831},
	{cf=CFrame.new(0.064880,1112.432617,-911.148804,-0.962541,0.026591,0.269828,0.237188,0.564732,0.790455,-0.131361,0.824846,-0.549885),fov=40.707542,dt=0.015652},
	{cf=CFrame.new(0.078064,1113.734863,-912.195068,-0.962541,0.026591,0.269828,0.237189,0.564732,0.790455,-0.131361,0.824846,-0.549885),fov=40.754715,dt=0.016463},
	{cf=CFrame.new(0.089539,1115.079346,-913.260254,-0.962541,0.026591,0.269828,0.237189,0.564732,0.790455,-0.131361,0.824846,-0.549885),fov=40.801884,dt=0.017616},
	{cf=CFrame.new(0.101227,1116.349854,-914.256470,-0.962541,0.026591,0.269828,0.237188,0.564732,0.790455,-0.131361,0.824846,-0.549885),fov=40.849056,dt=0.016336},
	{cf=CFrame.new(0.109253,1117.607178,-915.250854,-0.962541,0.026591,0.269828,0.237189,0.564732,0.790455,-0.131361,0.824846,-0.549884),fov=40.896225,dt=0.016349},
	{cf=CFrame.new(0.100250,1118.889893,-916.285889,-0.962541,0.026591,0.269828,0.237189,0.564732,0.790455,-0.131362,0.824846,-0.549885),fov=40.943401,dt=0.016957},
	{cf=CFrame.new(0.084656,1120.126953,-917.294556,-0.962541,0.026591,0.269828,0.237189,0.564732,0.790455,-0.131361,0.824846,-0.549884),fov=40.990566,dt=0.016586},
	{cf=CFrame.new(0.067657,1121.335205,-918.285889,-0.962541,0.026591,0.269828,0.237189,0.564732,0.790455,-0.131362,0.824846,-0.549885),fov=41.037731,dt=0.016629},
	{cf=CFrame.new(0.064575,1122.457764,-919.188110,-0.962541,0.026591,0.269828,0.237189,0.564732,0.790455,-0.131361,0.824846,-0.549884),fov=41.084904,dt=0.015595},
	{cf=CFrame.new(0.064026,1123.642334,-920.131958,-0.962541,0.026591,0.269828,0.237189,0.564732,0.790455,-0.131362,0.824846,-0.549885),fov=41.132076,dt=0.017565},
	{cf=CFrame.new(0.063232,1124.715820,-920.983154,-0.962541,0.026591,0.269829,0.237189,0.564732,0.790455,-0.131362,0.824846,-0.549884),fov=41.179249,dt=0.015718},
	{cf=CFrame.new(0.053162,1125.830200,-921.884277,-0.962541,0.026591,0.269829,0.237189,0.564731,0.790455,-0.131362,0.824846,-0.549884),fov=41.226414,dt=0.017370},
	{cf=CFrame.new(0.042999,1126.926758,-922.777100,-0.962541,0.026591,0.269829,0.237189,0.564732,0.790455,-0.131362,0.824846,-0.549884),fov=41.273579,dt=0.017433},
	{cf=CFrame.new(0.036560,1127.920898,-923.587769,-0.962541,0.026591,0.269829,0.237189,0.564731,0.790455,-0.131362,0.824846,-0.549884),fov=41.320755,dt=0.015216},
	{cf=CFrame.new(0.046539,1128.965088,-924.433838,-0.962541,0.026591,0.269828,0.237189,0.564731,0.790455,-0.131362,0.824846,-0.549884),fov=41.367924,dt=0.016426},
	{cf=CFrame.new(0.064789,1130.014526,-925.284058,-0.962541,0.026591,0.269828,0.237189,0.564732,0.790455,-0.131361,0.824846,-0.549884),fov=41.415092,dt=0.016647},
	{cf=CFrame.new(0.084625,1131.050293,-926.123413,-0.962541,0.026591,0.269828,0.237189,0.564732,0.790455,-0.131361,0.824846,-0.549885),fov=41.462265,dt=0.016429},
	{cf=CFrame.new(0.092865,1132.168701,-927.030640,-0.962541,0.026591,0.269828,0.237189,0.564732,0.790455,-0.131361,0.824846,-0.549885),fov=41.509434,dt=0.018280},
	{cf=CFrame.new(0.092133,1133.197876,-927.860962,-0.962541,0.026591,0.269828,0.237189,0.564732,0.790455,-0.131361,0.824846,-0.549884),fov=41.556602,dt=0.016406},
	{cf=CFrame.new(0.087921,1134.182373,-928.650757,-0.962541,0.026591,0.269828,0.237189,0.564731,0.790455,-0.131362,0.824846,-0.549884),fov=41.603771,dt=0.015592},
	{cf=CFrame.new(0.088531,1135.273926,-929.516724,-0.962541,0.026591,0.269828,0.237189,0.564732,0.790455,-0.131361,0.824846,-0.549884),fov=41.650940,dt=0.019466},
	{cf=CFrame.new(0.091827,1136.212524,-930.261597,-0.962541,0.026591,0.269828,0.237189,0.564732,0.790455,-0.131361,0.824846,-0.549884),fov=41.698112,dt=0.016230},
	{cf=CFrame.new(0.094421,1137.092896,-930.961914,-0.962541,0.026591,0.269828,0.237189,0.564732,0.790455,-0.131361,0.824846,-0.549885),fov=41.745281,dt=0.015039},
	{cf=CFrame.new(0.100708,1138.018311,-931.715698,-0.962541,0.026591,0.269828,0.237189,0.564732,0.790455,-0.131361,0.824846,-0.549885),fov=41.792458,dt=0.016599},
	{cf=CFrame.new(0.108124,1138.959351,-932.487305,-0.962541,0.026591,0.269828,0.237189,0.564732,0.790455,-0.131361,0.824846,-0.549884),fov=41.839622,dt=0.017580},
	{cf=CFrame.new(0.118652,1139.860229,-933.222046,-0.962541,0.026591,0.269828,0.237189,0.564731,0.790455,-0.131362,0.824846,-0.549885),fov=41.886787,dt=0.016993},
	{cf=CFrame.new(0.113953,1140.731445,-933.914062,-0.962541,0.026591,0.269829,0.237189,0.564732,0.790455,-0.131362,0.824846,-0.549884),fov=41.933960,dt=0.016638},
	{cf=CFrame.new(0.105591,1141.546265,-934.552979,-0.962541,0.026591,0.269829,0.237189,0.564731,0.790455,-0.131362,0.824846,-0.549884),fov=41.981133,dt=0.015228},
	{cf=CFrame.new(0.099976,1142.382324,-935.206543,-0.962541,0.026591,0.269829,0.237189,0.564731,0.790455,-0.131362,0.824846,-0.549884),fov=42.028305,dt=0.016365},
	{cf=CFrame.new(0.108215,1143.219971,-935.861816,-0.962541,0.026591,0.269829,0.237189,0.564731,0.790455,-0.131362,0.824846,-0.549884),fov=42.075470,dt=0.016512},
	{cf=CFrame.new(0.124054,1144.056396,-936.519287,-0.962541,0.026591,0.269829,0.237189,0.564731,0.790455,-0.131362,0.824846,-0.549884),fov=42.122643,dt=0.016835},
	{cf=CFrame.new(0.143707,1144.878418,-937.169556,-0.962541,0.026591,0.269828,0.237189,0.564732,0.790455,-0.131361,0.824846,-0.549884),fov=42.169811,dt=0.016792},
	{cf=CFrame.new(0.167908,1145.669067,-937.822266,-0.962541,0.026591,0.269828,0.237189,0.564732,0.790455,-0.131361,0.824846,-0.549884),fov=42.216980,dt=0.016403},
	{cf=CFrame.new(0.186188,1146.480957,-938.497070,-0.962541,0.026591,0.269828,0.237189,0.564732,0.790455,-0.131361,0.824846,-0.549884),fov=42.264149,dt=0.017778},
	{cf=CFrame.new(0.196442,1147.263428,-939.145508,-0.962541,0.026591,0.269828,0.237189,0.564732,0.790455,-0.131361,0.824846,-0.549884),fov=42.311321,dt=0.017022},
	{cf=CFrame.new(0.185608,1147.999512,-939.734375,-0.962541,0.026591,0.269829,0.237189,0.564732,0.790455,-0.131362,0.824846,-0.549884),fov=42.358490,dt=0.015174},
	{cf=CFrame.new(0.163452,1148.781494,-940.351196,-0.962541,0.026591,0.269829,0.237189,0.564732,0.790455,-0.131362,0.824846,-0.549884),fov=42.405659,dt=0.017283},
	{cf=CFrame.new(0.139465,1149.561768,-940.969116,-0.962541,0.026590,0.269829,0.237189,0.564732,0.790455,-0.131362,0.824846,-0.549884),fov=42.452827,dt=0.017603},
	{cf=CFrame.new(0.137390,1150.302490,-941.543823,-0.962541,0.026590,0.269829,0.237189,0.564732,0.790455,-0.131362,0.824846,-0.549884),fov=42.499996,dt=0.016185},
	{cf=CFrame.new(0.141083,1151.047974,-942.119629,-0.962541,0.026590,0.269829,0.237189,0.564732,0.790455,-0.131363,0.824846,-0.549884),fov=42.547169,dt=0.016623},
	{cf=CFrame.new(0.145782,1151.781738,-942.687012,-0.962541,0.026591,0.269829,0.237189,0.564732,0.790455,-0.131362,0.824846,-0.549884),fov=42.594337,dt=0.016306},
	{cf=CFrame.new(0.143127,1152.501221,-943.265015,-0.962541,0.026591,0.269829,0.237189,0.564732,0.790455,-0.131362,0.824846,-0.549884),fov=42.641514,dt=0.016114},
	{cf=CFrame.new(0.141632,1153.245239,-943.868530,-0.962541,0.026591,0.269829,0.237189,0.564732,0.790455,-0.131362,0.824846,-0.549884),fov=42.688679,dt=0.017475},
	{cf=CFrame.new(0.146088,1153.953369,-944.441284,-0.962541,0.026591,0.269829,0.237189,0.564732,0.790455,-0.131362,0.824846,-0.549884),fov=42.735844,dt=0.015937},
	{cf=CFrame.new(0.155701,1154.672729,-945.008667,-0.962541,0.026591,0.269829,0.237189,0.564732,0.790455,-0.131362,0.824846,-0.549884),fov=42.783016,dt=0.016210},
	{cf=CFrame.new(0.166229,1155.447266,-945.621094,-0.962541,0.026591,0.269828,0.237189,0.564732,0.790455,-0.131362,0.824846,-0.549885),fov=42.830189,dt=0.018011},
	{cf=CFrame.new(0.175507,1156.183472,-946.208008,-0.962541,0.026591,0.269828,0.237189,0.564731,0.790455,-0.131362,0.824846,-0.549885),fov=42.877361,dt=0.015796},
	{cf=CFrame.new(0.189331,1156.939453,-946.834351,-0.962541,0.026591,0.269828,0.237189,0.564732,0.790455,-0.131361,0.824846,-0.549885),fov=42.924526,dt=0.015879},
	{cf=CFrame.new(0.203125,1157.739136,-947.506958,-0.962541,0.026591,0.269828,0.237188,0.564732,0.790456,-0.131361,0.824846,-0.549885),fov=42.971691,dt=0.017225},
	{cf=CFrame.new(0.209076,1158.525269,-948.170410,-0.962541,0.026592,0.269827,0.237188,0.564732,0.790456,-0.131361,0.824846,-0.549885),fov=43.018867,dt=0.016700},
	{cf=CFrame.new(0.208801,1159.295410,-948.810303,-0.962542,0.026592,0.269827,0.237188,0.564731,0.790456,-0.131360,0.824846,-0.549885),fov=43.066036,dt=0.016305},
	{cf=CFrame.new(0.200806,1160.099365,-949.476318,-0.962542,0.026592,0.269827,0.237188,0.564731,0.790455,-0.131360,0.824846,-0.549885),fov=43.113205,dt=0.017774},
	{cf=CFrame.new(0.190063,1160.865234,-950.112183,-0.962542,0.026592,0.269827,0.237188,0.564731,0.790456,-0.131360,0.824846,-0.549885),fov=43.160378,dt=0.016263},
	{cf=CFrame.new(0.162445,1161.634521,-950.739990,-0.962542,0.026592,0.269827,0.237188,0.564731,0.790456,-0.131360,0.824846,-0.549885),fov=43.207546,dt=0.016047},
	{cf=CFrame.new(0.128601,1162.430786,-951.390015,-0.962542,0.026592,0.269827,0.237188,0.564731,0.790455,-0.131360,0.824846,-0.549885),fov=43.254715,dt=0.017005},
	{cf=CFrame.new(0.096710,1163.204346,-952.023926,-0.962541,0.026591,0.269827,0.237188,0.564732,0.790456,-0.131361,0.824846,-0.549885),fov=43.301884,dt=0.016084},
	{cf=CFrame.new(0.078125,1164.009766,-952.705688,-0.962542,0.026592,0.269827,0.237188,0.564731,0.790455,-0.131360,0.824846,-0.549885),fov=43.349052,dt=0.017756},
	{cf=CFrame.new(0.071960,1164.827515,-953.398804,-0.962542,0.026592,0.269827,0.237188,0.564731,0.790455,-0.131360,0.824846,-0.549885),fov=43.396225,dt=0.018469},
	{cf=CFrame.new(0.074127,1165.560059,-954.013184,-0.962542,0.026592,0.269827,0.237188,0.564731,0.790456,-0.131360,0.824846,-0.549885),fov=43.443394,dt=0.015025},
	{cf=CFrame.new(0.096466,1166.343262,-954.680420,-0.962542,0.026592,0.269827,0.237188,0.564731,0.790456,-0.131360,0.824846,-0.549885),fov=43.490570,dt=0.016732},
	{cf=CFrame.new(0.128540,1167.130615,-955.352661,-0.962542,0.026592,0.269827,0.237188,0.564731,0.790456,-0.131360,0.824846,-0.549885),fov=43.537735,dt=0.016792},
	{cf=CFrame.new(0.161377,1167.896729,-956.008057,-0.962542,0.026592,0.269827,0.237188,0.564731,0.790455,-0.131360,0.824846,-0.549885),fov=43.584900,dt=0.015857},
	{cf=CFrame.new(0.174316,1168.677002,-956.650269,-0.962542,0.026592,0.269827,0.237188,0.564731,0.790456,-0.131360,0.824846,-0.549885),fov=43.632072,dt=0.016338},
	{cf=CFrame.new(0.182739,1169.497070,-957.318359,-0.962542,0.026592,0.269827,0.237188,0.564731,0.790456,-0.131360,0.824846,-0.549885),fov=43.679245,dt=0.017898},
	{cf=CFrame.new(0.187897,1170.254639,-957.933228,-0.962542,0.026592,0.269827,0.237188,0.564731,0.790455,-0.131360,0.824846,-0.549885),fov=43.726418,dt=0.015392},
	{cf=CFrame.new(0.212433,1171.058594,-958.595825,-0.962542,0.026592,0.269827,0.237188,0.564731,0.790456,-0.131360,0.824846,-0.549885),fov=43.773582,dt=0.016951},
	{cf=CFrame.new(0.239044,1171.877686,-959.273315,-0.962541,0.026591,0.269828,0.237189,0.564732,0.790455,-0.131361,0.824846,-0.549885),fov=43.820755,dt=0.017504},
	{cf=CFrame.new(0.260101,1172.655151,-959.913696,-0.962541,0.026591,0.269828,0.237189,0.564732,0.790455,-0.131362,0.824846,-0.549885),fov=43.867924,dt=0.015831},
	{cf=CFrame.new(0.249359,1173.451660,-960.560425,-0.962541,0.026591,0.269828,0.237189,0.564732,0.790455,-0.131361,0.824846,-0.549884),fov=43.915092,dt=0.016245},
	{cf=CFrame.new(0.228729,1174.290527,-961.240723,-0.962541,0.026591,0.269829,0.237189,0.564731,0.790455,-0.131362,0.824846,-0.549884),fov=43.962261,dt=0.017418},
	{cf=CFrame.new(0.208405,1175.100708,-961.897705,-0.962541,0.026591,0.269828,0.237189,0.564732,0.790455,-0.131362,0.824846,-0.549885),fov=44.009434,dt=0.015987},
	{cf=CFrame.new(0.204529,1175.943604,-962.599365,-0.962541,0.026591,0.269828,0.237189,0.564731,0.790455,-0.131362,0.824846,-0.549885),fov=44.056602,dt=0.017399},
	{cf=CFrame.new(0.208252,1176.756592,-963.278931,-0.962541,0.026591,0.269829,0.237189,0.564731,0.790455,-0.131362,0.824846,-0.549884),fov=44.103771,dt=0.016187},
	{cf=CFrame.new(0.217865,1177.588135,-963.964600,-0.962541,0.026591,0.269829,0.237189,0.564731,0.790455,-0.131362,0.824846,-0.549884),fov=44.150940,dt=0.016454},
	{cf=CFrame.new(0.226196,1178.450562,-964.662598,-0.962541,0.026591,0.269828,0.237189,0.564731,0.790455,-0.131362,0.824846,-0.549885),fov=44.198109,dt=0.016902},
	{cf=CFrame.new(0.236755,1179.312012,-965.350464,-0.962541,0.026591,0.269828,0.237189,0.564731,0.790455,-0.131362,0.824846,-0.549885),fov=44.245281,dt=0.016481},
	{cf=CFrame.new(0.251770,1180.266113,-966.087646,-0.962541,0.026591,0.269828,0.237189,0.564731,0.790455,-0.131362,0.824846,-0.549885),fov=40.000000,dt=0.018132},
	{cf=CFrame.new(0.270905,1181.225830,-966.780640,-0.962541,0.026591,0.269828,0.237189,0.564731,0.790455,-0.131362,0.824846,-0.549885),fov=40.000000,dt=0.015466},
	{cf=CFrame.new(0.292145,1182.245117,-967.511963,-0.962541,0.026591,0.269828,0.237189,0.564731,0.790455,-0.131362,0.824846,-0.549885),fov=40.000000,dt=0.017026},
	{cf=CFrame.new(0.312195,1183.226318,-968.219116,-0.962541,0.026591,0.269829,0.237189,0.564731,0.790455,-0.131362,0.824846,-0.549884),fov=40.000000,dt=0.016168},
	{cf=CFrame.new(1.921509,1151.773438,-942.585571,-0.323749,-0.113675,0.939290,0.411119,0.877236,0.247867,-0.852155,0.466407,-0.237270),fov=40.000000,dt=0.019273},
	{cf=CFrame.new(2.635071,1141.223511,-933.942993,-0.026664,-0.020184,0.999441,0.303648,0.952392,0.027335,-0.952411,0.304207,-0.019266),fov=40.000000,dt=0.016649},
	{cf=CFrame.new(2.650269,1141.816040,-934.378540,-0.026665,-0.020184,0.999441,0.303648,0.952392,0.027335,-0.952411,0.304207,-0.019267),fov=40.000000,dt=0.015790},
	{cf=CFrame.new(2.666931,1142.411743,-934.804688,-0.026665,-0.020184,0.999441,0.303648,0.952392,0.027335,-0.952411,0.304207,-0.019267),fov=40.000000,dt=0.016852},
	{cf=CFrame.new(2.684143,1143.021606,-935.240479,-0.026665,-0.020184,0.999441,0.303648,0.952392,0.027335,-0.952411,0.304207,-0.019267),fov=40.000000,dt=0.018701},
	{cf=CFrame.new(2.698395,1143.487427,-935.564575,-0.026665,-0.020184,0.999441,0.303648,0.952392,0.027335,-0.952411,0.304207,-0.019267),fov=40.000000,dt=0.014700},
	{cf=CFrame.new(2.715973,1144.463013,-936.277588,-0.026665,-0.020184,0.999441,0.303648,0.952392,0.027335,-0.952411,0.304207,-0.019267),fov=40.000000,dt=0.038831},
	{cf=CFrame.new(2.720612,1144.848022,-936.543457,-0.026665,-0.020184,0.999441,0.303648,0.952392,0.027335,-0.952411,0.304207,-0.019267),fov=40.000000,dt=0.014364},
	{cf=CFrame.new(2.706573,1145.248047,-936.866821,-0.026665,-0.020184,0.999441,0.303648,0.952392,0.027335,-0.952411,0.304207,-0.019267),fov=40.000000,dt=0.012800},
	{cf=CFrame.new(2.699829,1145.656982,-937.177490,-0.026666,-0.020184,0.999441,0.303648,0.952392,0.027335,-0.952411,0.304207,-0.019267),fov=40.000000,dt=0.017484},
	{cf=CFrame.new(2.693542,1146.131470,-937.546875,-0.026665,-0.020184,0.999441,0.303648,0.952392,0.027335,-0.952411,0.304207,-0.019267),fov=40.000000,dt=0.022868},
	{cf=CFrame.new(2.690460,1146.503052,-937.840088,-0.026665,-0.020184,0.999441,0.303648,0.952392,0.027335,-0.952411,0.304207,-0.019267),fov=40.000000,dt=0.018516},
	{cf=CFrame.new(2.687866,1146.789917,-938.061035,-0.026665,-0.020184,0.999441,0.303648,0.952392,0.027335,-0.952411,0.304207,-0.019267),fov=40.000000,dt=0.013048},
	{cf=CFrame.new(2.691162,1147.038452,-938.241089,-0.026665,-0.020184,0.999441,0.303648,0.952392,0.027335,-0.952411,0.304207,-0.019267),fov=40.000000,dt=0.011653},
	{cf=CFrame.new(2.693939,1147.322144,-938.435303,-0.026665,-0.020184,0.999441,0.303648,0.952392,0.027335,-0.952411,0.304207,-0.019267),fov=40.000000,dt=0.016281},
	{cf=CFrame.new(2.698151,1147.638794,-938.644409,-0.026665,-0.020184,0.999441,0.303648,0.952392,0.027335,-0.952411,0.304207,-0.019267),fov=40.000000,dt=0.017844},
	{cf=CFrame.new(2.704437,1147.916870,-938.837280,-0.026665,-0.020184,0.999441,0.303648,0.952392,0.027335,-0.952411,0.304207,-0.019267),fov=40.000000,dt=0.016559},
	{cf=CFrame.new(2.700409,1148.190308,-939.034546,-0.026665,-0.020184,0.999441,0.303648,0.952392,0.027335,-0.952411,0.304207,-0.019267),fov=40.000000,dt=0.016611},
	{cf=CFrame.new(2.692444,1148.457642,-939.239380,-0.026665,-0.020184,0.999441,0.303648,0.952392,0.027335,-0.952411,0.304207,-0.019267),fov=40.000000,dt=0.017393},
	{cf=CFrame.new(2.675507,1148.702515,-939.435913,-0.026665,-0.020184,0.999441,0.303648,0.952392,0.027335,-0.952411,0.304207,-0.019267),fov=40.000000,dt=0.016161},
	{cf=CFrame.new(2.670685,1148.933472,-939.625122,-0.026665,-0.020184,0.999441,0.303648,0.952392,0.027335,-0.952411,0.304207,-0.019267),fov=40.000000,dt=0.016688},
	{cf=CFrame.new(2.673126,1149.146118,-939.799438,-0.026665,-0.020184,0.999441,0.303648,0.952392,0.027335,-0.952411,0.304207,-0.019267),fov=40.000000,dt=0.016205},
	{cf=CFrame.new(2.679413,1149.366577,-939.965820,-0.026665,-0.020184,0.999441,0.303648,0.952392,0.027335,-0.952411,0.304207,-0.019267),fov=40.000000,dt=0.016869},
	{cf=CFrame.new(2.681396,1149.584106,-940.130371,-0.026665,-0.020184,0.999441,0.303648,0.952392,0.027335,-0.952411,0.304207,-0.019267),fov=40.000000,dt=0.016145},
	{cf=CFrame.new(2.685272,1149.813110,-940.304565,-0.026665,-0.020184,0.999441,0.303648,0.952392,0.027335,-0.952411,0.304207,-0.019267),fov=40.000000,dt=0.017366},
	{cf=CFrame.new(2.687561,1150.043213,-940.489990,-0.026665,-0.020184,0.999441,0.303648,0.952392,0.027335,-0.952411,0.304207,-0.019267),fov=40.000000,dt=0.017608},
	{cf=CFrame.new(2.694519,1150.244019,-940.655762,-0.026665,-0.020184,0.999441,0.303648,0.952392,0.027335,-0.952411,0.304207,-0.019267),fov=40.000000,dt=0.015482},
	{cf=CFrame.new(2.703491,1150.445923,-940.824219,-0.026665,-0.020184,0.999441,0.303648,0.952392,0.027335,-0.952411,0.304207,-0.019267),fov=40.000000,dt=0.016615},
	{cf=CFrame.new(2.716827,1150.641724,-940.975220,-0.026665,-0.020184,0.999441,0.303648,0.952392,0.027335,-0.952411,0.304207,-0.019267),fov=40.000000,dt=0.017872},
	{cf=CFrame.new(2.725067,1150.824707,-941.107910,-0.026665,-0.020184,0.999441,0.303648,0.952392,0.027335,-0.952411,0.304207,-0.019267),fov=40.000000,dt=0.015773},
	{cf=CFrame.new(2.732941,1151.016479,-941.233521,-0.026665,-0.020184,0.999441,0.303648,0.952392,0.027335,-0.952411,0.304207,-0.019267),fov=40.000000,dt=0.016220},
	{cf=CFrame.new(2.736389,1151.227295,-941.363037,-0.026665,-0.020184,0.999441,0.303648,0.952392,0.027335,-0.952411,0.304207,-0.019267),fov=40.000000,dt=0.017153},
	{cf=CFrame.new(2.732605,1151.427612,-941.487671,-0.026665,-0.020184,0.999441,0.303648,0.952392,0.027335,-0.952411,0.304207,-0.019267),fov=40.000000,dt=0.016537},
	{cf=CFrame.new(2.726654,1151.635986,-941.617554,-0.026665,-0.020184,0.999441,0.303648,0.952392,0.027335,-0.952411,0.304207,-0.019267),fov=40.000000,dt=0.018121},
	{cf=CFrame.new(2.712097,1151.815918,-941.740601,-0.026665,-0.020184,0.999441,0.303648,0.952392,0.027335,-0.952411,0.304207,-0.019267),fov=40.000000,dt=0.016334},
	{cf=CFrame.new(2.701477,1151.989136,-941.863525,-0.026665,-0.020184,0.999441,0.303648,0.952392,0.027335,-0.952411,0.304207,-0.019267),fov=40.000000,dt=0.015465},
	{cf=CFrame.new(2.687744,1152.163696,-942.001343,-0.026665,-0.020184,0.999441,0.303648,0.952392,0.027335,-0.952411,0.304207,-0.019267),fov=40.000000,dt=0.017259},
	{cf=CFrame.new(2.681732,1152.326782,-942.138428,-0.026665,-0.020184,0.999441,0.303648,0.952392,0.027335,-0.952411,0.304207,-0.019267),fov=40.000000,dt=0.015793},
	{cf=CFrame.new(2.682129,1152.478394,-942.284180,-0.026665,-0.020184,0.999441,0.303648,0.952392,0.027335,-0.952411,0.304207,-0.019267),fov=40.000000,dt=0.016554},
	{cf=CFrame.new(2.687439,1152.625122,-942.433472,-0.026665,-0.020184,0.999441,0.303648,0.952392,0.027335,-0.952411,0.304207,-0.019267),fov=40.000000,dt=0.017204},
	{cf=CFrame.new(2.693604,1152.769409,-942.572021,-0.026665,-0.020184,0.999441,0.303648,0.952392,0.027335,-0.952411,0.304207,-0.019267),fov=40.000000,dt=0.017383},
	{cf=CFrame.new(2.693390,1152.921875,-942.702026,-0.026665,-0.020184,0.999441,0.303648,0.952392,0.027335,-0.952411,0.304207,-0.019267),fov=40.000000,dt=0.016749},
	{cf=CFrame.new(2.690430,1153.075806,-942.827393,-0.026665,-0.020184,0.999441,0.303648,0.952392,0.027335,-0.952411,0.304207,-0.019267),fov=40.000000,dt=0.015398},
	{cf=CFrame.new(2.679718,1153.256714,-942.966309,-0.026665,-0.020184,0.999441,0.303648,0.952392,0.027335,-0.952411,0.304207,-0.019267),fov=40.000000,dt=0.017921},
	{cf=CFrame.new(2.674011,1153.425903,-943.100220,-0.026665,-0.020184,0.999441,0.303648,0.952392,0.027335,-0.952411,0.304207,-0.019267),fov=40.000000,dt=0.016529},
	{cf=CFrame.new(2.668335,1153.596069,-943.237915,-0.026665,-0.020184,0.999441,0.303648,0.952392,0.027335,-0.952411,0.304207,-0.019267),fov=40.000000,dt=0.017955},
	{cf=CFrame.new(2.667267,1153.734253,-943.354858,-0.026665,-0.020184,0.999441,0.303648,0.952392,0.027335,-0.952411,0.304207,-0.019267),fov=40.000000,dt=0.014364},
	{cf=CFrame.new(2.659515,1153.873657,-943.463257,-0.026665,-0.020184,0.999441,0.303648,0.952392,0.027335,-0.952411,0.304207,-0.019267),fov=40.000000,dt=0.016499},
	{cf=CFrame.new(2.652863,1154.018799,-943.563232,-0.026665,-0.020184,0.999441,0.303648,0.952392,0.027335,-0.952411,0.304207,-0.019267),fov=40.000000,dt=0.018022},
	{cf=CFrame.new(2.644318,1154.162720,-943.647827,-0.026665,-0.020184,0.999441,0.303648,0.952392,0.027335,-0.952411,0.304207,-0.019267),fov=40.000000,dt=0.017560},
	{cf=CFrame.new(2.634338,1154.313843,-943.740234,-0.026665,-0.020184,0.999441,0.303648,0.952392,0.027335,-0.952411,0.304207,-0.019267),fov=40.000000,dt=0.016464},
	{cf=CFrame.new(2.624695,1154.470337,-943.840210,-0.026665,-0.020184,0.999441,0.303648,0.952392,0.027335,-0.952411,0.304207,-0.019267),fov=40.000000,dt=0.016188},
	{cf=CFrame.new(2.615295,1154.627808,-943.950195,-0.026665,-0.020184,0.999441,0.303648,0.952392,0.027335,-0.952411,0.304207,-0.019267),fov=40.000000,dt=0.015158},
	{cf=CFrame.new(2.614563,1154.785522,-944.078369,-0.026665,-0.020184,0.999441,0.303648,0.952392,0.027335,-0.952411,0.304207,-0.019267),fov=40.000000,dt=0.017010},
	{cf=CFrame.new(2.617889,1154.932495,-944.211182,-0.026665,-0.020184,0.999441,0.303648,0.952392,0.027335,-0.952411,0.304207,-0.019267),fov=40.000000,dt=0.016577},
	{cf=CFrame.new(2.630280,1155.066650,-944.359253,-0.026665,-0.020184,0.999441,0.303648,0.952392,0.027335,-0.952411,0.304207,-0.019267),fov=40.000000,dt=0.017508},
	{cf=CFrame.new(2.636505,1155.182739,-944.510132,-0.026665,-0.020184,0.999441,0.303648,0.952392,0.027335,-0.952411,0.304207,-0.019267),fov=40.000000,dt=0.016195},
	{cf=CFrame.new(2.647583,1155.295776,-944.674561,-0.026665,-0.020184,0.999441,0.303648,0.952392,0.027335,-0.952411,0.304207,-0.019267),fov=40.000000,dt=0.017341},
	{cf=CFrame.new(2.659943,1155.419800,-944.820923,-0.026665,-0.020184,0.999441,0.303648,0.952392,0.027335,-0.952411,0.304207,-0.019267),fov=40.000000,dt=0.015729},
	{cf=CFrame.new(2.688660,1155.555786,-944.962646,-0.026665,-0.020184,0.999441,0.303648,0.952392,0.027335,-0.952411,0.304207,-0.019267),fov=40.000000,dt=0.016524},
	{cf=CFrame.new(2.726990,1155.694214,-945.087769,-0.026665,-0.020184,0.999441,0.303648,0.952392,0.027335,-0.952411,0.304207,-0.019267),fov=40.000000,dt=0.016309},
	{cf=CFrame.new(2.955292,1156.088379,-945.229736,-0.026002,-0.019907,0.999464,0.304297,0.952198,0.026882,-0.952222,0.304833,-0.018701),fov=40.000000,dt=0.017483},
	{cf=CFrame.new(3.232544,1156.572510,-945.362549,-0.025114,-0.019536,0.999494,0.305165,0.951937,0.026274,-0.951968,0.305670,-0.017945),fov=40.000000,dt=0.016262},
	{cf=CFrame.new(3.369202,1156.975220,-945.476562,-0.022896,-0.018616,0.999564,0.307325,0.951283,0.024756,-0.951329,0.307758,-0.016060),fov=40.000000,dt=0.016268},
	{cf=CFrame.new(3.441437,1157.365723,-945.581787,-0.020229,-0.017515,0.999642,0.309918,0.950487,0.022925,-0.950548,0.310270,-0.013799),fov=40.000000,dt=0.017550},
	{cf=CFrame.new(3.431610,1157.737427,-945.689453,-0.016892,-0.016150,0.999727,0.313146,0.949481,0.020629,-0.949555,0.313409,-0.010981),fov=40.000000,dt=0.020513},
	{cf=CFrame.new(3.416016,1158.025635,-945.791504,-0.013316,-0.014702,0.999803,0.316587,0.948390,0.018162,-0.948470,0.316767,-0.007974),fov=40.000000,dt=0.012829},
	{cf=CFrame.new(3.367737,1158.357788,-945.901489,-0.009712,-0.013257,0.999865,0.320038,0.947275,0.015668,-0.947355,0.320147,-0.004957),fov=40.000000,dt=0.016361},
	{cf=CFrame.new(3.335724,1158.712402,-946.036621,-0.006075,-0.011816,0.999912,0.323497,0.946138,0.013146,-0.946210,0.323549,-0.001926),fov=40.000000,dt=0.016796},
	{cf=CFrame.new(3.309082,1159.075806,-946.188354,-0.002430,-0.010384,0.999943,0.326952,0.944982,0.010608,-0.945038,0.326959,0.001098),fov=40.000000,dt=0.017210},
	{cf=CFrame.new(3.305908,1159.406494,-946.333130,0.001258,-0.008952,0.999959,0.330424,0.943798,0.008034,-0.943832,0.330400,0.004145),fov=40.000000,dt=0.015550},
	{cf=CFrame.new(3.305145,1159.737915,-946.486694,0.004960,-0.007529,0.999959,0.333895,0.942595,0.005441,-0.942597,0.333855,0.007189),fov=40.000000,dt=0.016355},
	{cf=CFrame.new(3.294983,1160.037354,-946.656738,0.008694,-0.006111,0.999943,0.337372,0.941367,0.002820,-0.941331,0.337328,0.010246),fov=40.000000,dt=0.017662},
	{cf=CFrame.new(3.283875,1160.317627,-946.834106,0.012438,-0.004703,0.999912,0.340844,0.940120,0.000182,-0.940038,0.340811,0.013296),fov=40.000000,dt=0.017574},
	{cf=CFrame.new(3.290192,1160.598633,-947.005005,0.016200,-0.003307,0.999863,0.344308,0.938854,-0.002474,-0.938717,0.344301,0.016348),fov=40.000000,dt=0.015799},
	{cf=CFrame.new(3.298828,1160.883667,-947.179199,0.019967,-0.001922,0.999799,0.347763,0.937569,-0.005143,-0.937370,0.347795,0.019389),fov=40.000000,dt=0.015885},
	{cf=CFrame.new(3.301605,1161.193726,-947.352417,0.023747,-0.000550,0.999718,0.351205,0.936266,-0.007828,-0.935997,0.351292,0.022427),fov=40.000000,dt=0.017422},
	{cf=CFrame.new(3.313110,1161.499268,-947.517456,0.027531,0.000810,0.999621,0.354636,0.934945,-0.010525,-0.934599,0.354791,0.025453),fov=40.000000,dt=0.016517},
	{cf=CFrame.new(3.359619,1161.762207,-947.707520,0.031323,0.002154,0.999507,0.358047,0.933610,-0.013233,-0.933178,0.358285,0.028472),fov=40.000000,dt=0.017261},
	{cf=CFrame.new(3.427429,1161.998657,-947.899902,0.035116,0.003485,0.999377,0.361445,0.932257,-0.015952,-0.931732,0.361780,0.031478),fov=40.000000,dt=0.016035},
	{cf=CFrame.new(3.548126,1162.250610,-948.082275,0.038911,0.004800,0.999231,0.364808,0.930896,-0.018678,-0.930269,0.365254,0.034471),fov=40.000000,dt=0.016273},
	{cf=CFrame.new(3.686157,1162.526855,-948.279053,0.042706,0.006102,0.999069,0.368151,0.929519,-0.021414,-0.928785,0.368723,0.037449),fov=40.000000,dt=0.018398},
	{cf=CFrame.new(3.829590,1162.851074,-948.501831,0.046492,0.007385,0.998891,0.371429,0.928147,-0.024150,-0.927296,0.372140,0.040408),fov=40.000000,dt=0.021150},
	{cf=CFrame.new(3.991943,1163.147705,-948.700562,0.050275,0.008654,0.998698,0.374678,0.926765,-0.026892,-0.925791,0.375542,0.043351),fov=40.000000,dt=0.015809},
	{cf=CFrame.new(4.218750,1163.486206,-948.970337,0.054969,0.010212,0.998436,0.378580,0.925072,-0.030305,-0.923935,0.379654,0.046984),fov=40.000000,dt=0.015580},
	{cf=CFrame.new(4.406403,1163.750854,-949.191772,0.058716,0.011444,0.998209,0.381660,0.923712,-0.033040,-0.922436,0.382917,0.049869),fov=40.000000,dt=0.011446},
	{cf=CFrame.new(4.545044,1164.043213,-949.486084,0.061477,0.012348,0.998032,0.383786,0.922756,-0.035057,-0.921373,0.385186,0.051989),fov=40.000000,dt=0.017154},
	{cf=CFrame.new(4.736938,1164.387939,-949.843628,0.065157,0.013545,0.997783,0.386610,0.921470,-0.037755,-0.919939,0.388213,0.054804),fov=40.000000,dt=0.018289},
	{cf=CFrame.new(4.923859,1164.734741,-950.179199,0.068761,0.014716,0.997525,0.389166,0.920281,-0.040403,-0.918598,0.390981,0.057552),fov=40.000000,dt=0.015873},
	{cf=CFrame.new(5.101135,1165.119019,-950.557251,0.072338,0.015874,0.997254,0.391626,0.919118,-0.043038,-0.917277,0.393663,0.060270),fov=40.000000,dt=0.016825},
	{cf=CFrame.new(5.323608,1165.568726,-950.953857,0.075801,0.017005,0.996978,0.393713,0.918102,-0.045594,-0.916103,0.395979,0.062898),fov=40.000000,dt=0.017116},
	{cf=CFrame.new(5.548553,1166.026733,-951.347900,0.079225,0.018123,0.996692,0.395668,0.917132,-0.048127,-0.914970,0.398172,0.065489),fov=40.000000,dt=0.016745},
	{cf=CFrame.new(5.776001,1166.449951,-951.763184,0.082542,0.019219,0.996402,0.397278,0.916303,-0.050585,-0.913978,0.400025,0.067998),fov=40.000000,dt=0.016926},
	{cf=CFrame.new(6.012177,1166.826294,-952.136841,0.085823,0.020306,0.996103,0.398767,0.915518,-0.053020,-0.913027,0.401763,0.070475),fov=40.000000,dt=0.015279},
	{cf=CFrame.new(6.261261,1167.259033,-952.521118,0.089019,0.021376,0.995801,0.399983,0.914847,-0.055394,-0.912189,0.403234,0.072889),fov=40.000000,dt=0.016999},
	{cf=CFrame.new(6.528290,1167.722656,-952.898193,0.092185,0.022438,0.995489,0.401103,0.914211,-0.057750,-0.911383,0.404617,0.075277),fov=40.000000,dt=0.017985},
	{cf=CFrame.new(6.845886,1168.200195,-953.262695,0.095277,0.023488,0.995174,0.401984,0.913676,-0.060050,-0.910676,0.405765,0.077610),fov=40.000000,dt=0.016238},
	{cf=CFrame.new(7.178436,1168.757202,-953.663208,0.098342,0.024533,0.994850,0.402780,0.913172,-0.062334,-0.909999,0.406835,0.079922),fov=40.000000,dt=0.019934},
	{cf=CFrame.new(7.500336,1169.309326,-954.031616,0.101348,0.025568,0.994522,0.403389,0.912747,-0.064574,-0.909399,0.407724,0.082191),fov=40.000000,dt=0.016679},
	{cf=CFrame.new(7.822235,1169.833618,-954.367310,0.104333,0.026600,0.994187,0.403931,0.912347,-0.066800,-0.908821,0.408552,0.084444),fov=40.000000,dt=0.013051},
	{cf=CFrame.new(8.189941,1170.442261,-954.735596,0.107277,0.027625,0.993845,0.404342,0.912001,-0.068996,-0.908294,0.409256,0.086667),fov=40.000000,dt=0.015443},
	{cf=CFrame.new(8.576050,1171.108154,-955.123657,0.110207,0.028648,0.993496,0.404707,0.911672,-0.071182,-0.907781,0.409919,0.088878),fov=40.000000,dt=0.016983},
	{cf=CFrame.new(8.981964,1171.760864,-955.500610,0.113121,0.029667,0.993138,0.405019,0.911361,-0.073356,-0.907284,0.410538,0.091078),fov=40.000000,dt=0.017598},
	{cf=CFrame.new(9.395966,1172.381958,-955.859497,0.116029,0.030684,0.992772,0.405309,0.911054,-0.075528,-0.906786,0.411143,0.093272),fov=40.000000,dt=0.016007},
	{cf=CFrame.new(9.779846,1173.061523,-956.226562,0.118932,0.031698,0.992396,0.405577,0.910753,-0.077696,-0.906291,0.411733,0.095461),fov=40.000000,dt=0.016947},
	{cf=CFrame.new(10.154755,1173.751709,-956.593750,0.121831,0.032711,0.992012,0.405832,0.910452,-0.079863,-0.905791,0.412320,0.097647),fov=40.000000,dt=0.016554},
	{cf=CFrame.new(10.546326,1174.466431,-957.018555,0.124729,0.033721,0.991618,0.406077,0.910150,-0.082028,-0.905287,0.412904,0.099829),fov=40.000000,dt=0.017077},
	{cf=CFrame.new(10.940247,1175.172729,-957.459961,0.127625,0.034730,0.991214,0.406314,0.909846,-0.084194,-0.904777,0.413489,0.102008),fov=40.000000,dt=0.016458},
	{cf=CFrame.new(11.344574,1175.871460,-957.876831,0.130522,0.035736,0.990801,0.406543,0.909541,-0.086360,-0.904260,0.414075,0.104186),fov=40.000000,dt=0.016693},
	{cf=CFrame.new(11.749756,1176.572754,-958.293457,0.133417,0.036741,0.990379,0.406766,0.909233,-0.088527,-0.903738,0.414663,0.106362),fov=40.000000,dt=0.017035},
	{cf=CFrame.new(12.131897,1177.294434,-958.732910,0.136312,0.037743,0.989947,0.406982,0.908922,-0.090694,-0.903208,0.415253,0.108536),fov=40.000000,dt=0.017184},
	{cf=CFrame.new(12.502899,1178.038940,-959.195679,0.139205,0.038745,0.989505,0.407192,0.908610,-0.092862,-0.902672,0.415845,0.110707),fov=40.000000,dt=0.018100},
	{cf=CFrame.new(12.880524,1178.713379,-959.652588,0.142099,0.039743,0.989054,0.407395,0.908295,-0.095029,-0.902129,0.416439,0.112877),fov=40.000000,dt=0.015361},
	{cf=CFrame.new(13.256500,1179.383667,-960.123535,0.144992,0.040740,0.988594,0.407592,0.907976,-0.097197,-0.901580,0.417036,0.115044),fov=40.000000,dt=0.015285},
	{cf=CFrame.new(13.619385,1180.090210,-960.585449,0.147883,0.041735,0.988124,0.407782,0.907656,-0.099365,-0.901024,0.417634,0.117208),fov=40.000000,dt=0.016813},
	{cf=CFrame.new(13.972992,1180.812500,-961.051880,0.150774,0.042728,0.987644,0.407966,0.907334,-0.101534,-0.900461,0.418234,0.119371),fov=40.000000,dt=0.017651},
	{cf=CFrame.new(14.304871,1181.469604,-961.473022,0.153664,0.043718,0.987155,0.408144,0.907008,-0.103702,-0.899892,0.418837,0.121531),fov=40.000000,dt=0.015225},
	{cf=CFrame.new(14.622986,1182.178711,-961.931641,0.156553,0.044707,0.986657,0.408315,0.906681,-0.105871,-0.899316,0.419441,0.123689),fov=40.000000,dt=0.017776},
	{cf=CFrame.new(14.997223,1182.863647,-962.386353,0.159442,0.045694,0.986149,0.408479,0.906351,-0.108040,-0.898734,0.420048,0.125845),fov=37.000000,dt=0.016683},
	{cf=CFrame.new(15.430420,1183.513062,-962.820068,0.162329,0.046679,0.985632,0.408637,0.906018,-0.110209,-0.898145,0.420656,0.127998),fov=37.000000,dt=0.015534},
	{cf=CFrame.new(15.842377,1184.156250,-963.277710,0.165215,0.047661,0.985105,0.408789,0.905684,-0.112377,-0.897550,0.421266,0.130150),fov=37.000000,dt=0.016311},
	{cf=CFrame.new(16.243347,1184.767212,-963.723877,0.168100,0.048641,0.984569,0.408934,0.905347,-0.114547,-0.896948,0.421879,0.132298),fov=37.000000,dt=0.015589},
	{cf=CFrame.new(0.636749,1189.236328,-966.860718,-0.879982,0.002404,0.475001,0.078652,0.986921,0.140714,-0.468451,0.161185,-0.868662),fov=37.000000,dt=0.019158},
	{cf=CFrame.new(-4.209595,1190.958740,-967.558350,-0.996823,-0.042027,0.067665,-0.033087,0.991194,0.128216,-0.072458,0.125569,-0.989435),fov=37.000000,dt=0.015993},
	{cf=CFrame.new(-4.193146,1191.311279,-967.795532,-0.996822,-0.042028,0.067665,-0.033087,0.991194,0.128216,-0.072458,0.125570,-0.989435),fov=37.000000,dt=0.015510},
	{cf=CFrame.new(-4.163696,1191.631836,-968.007080,-0.996822,-0.042028,0.067665,-0.033087,0.991194,0.128216,-0.072458,0.125570,-0.989435),fov=37.000000,dt=0.015811},
	{cf=CFrame.new(-4.130249,1191.941650,-968.209351,-0.996822,-0.042028,0.067665,-0.033087,0.991194,0.128216,-0.072458,0.125570,-0.989435),fov=37.000000,dt=0.016340},
	{cf=CFrame.new(-4.096436,1192.268311,-968.406860,-0.996823,-0.042028,0.067665,-0.033087,0.991194,0.128216,-0.072458,0.125570,-0.989435),fov=37.000000,dt=0.016706},
	{cf=CFrame.new(-4.063263,1192.595703,-968.593628,-0.996822,-0.042028,0.067667,-0.033087,0.991194,0.128216,-0.072460,0.125569,-0.989435),fov=37.000000,dt=0.016671},
	{cf=CFrame.new(-4.034302,1192.928711,-968.798584,-0.996822,-0.042028,0.067667,-0.033087,0.991194,0.128216,-0.072460,0.125569,-0.989435),fov=37.000000,dt=0.016945},
	{cf=CFrame.new(-4.007751,1193.259399,-968.999512,-0.996823,-0.042028,0.067665,-0.033087,0.991195,0.128216,-0.072458,0.125570,-0.989435),fov=37.000000,dt=0.016799},
	{cf=CFrame.new(-3.993256,1193.599609,-969.147339,-0.996823,-0.042028,0.067664,-0.033087,0.991194,0.128216,-0.072457,0.125570,-0.989435),fov=37.000000,dt=0.016456},
	{cf=CFrame.new(-3.982666,1193.957275,-969.276978,-0.996823,-0.042028,0.067663,-0.033087,0.991194,0.128216,-0.072456,0.125570,-0.989435),fov=37.000000,dt=0.017486},
	{cf=CFrame.new(-3.977448,1194.263062,-969.430542,-0.996823,-0.042028,0.067663,-0.033087,0.991194,0.128216,-0.072456,0.125570,-0.989435),fov=37.000000,dt=0.015983},
	{cf=CFrame.new(-3.973328,1194.570312,-969.593872,-0.996823,-0.042028,0.067664,-0.033087,0.991194,0.128216,-0.072457,0.125570,-0.989435),fov=37.000000,dt=0.017039},
	{cf=CFrame.new(-3.968384,1194.896973,-969.708984,-0.996823,-0.042028,0.067665,-0.033087,0.991194,0.128216,-0.072458,0.125570,-0.989435),fov=37.000000,dt=0.017469},
	{cf=CFrame.new(-3.962646,1195.223877,-969.799316,-0.996822,-0.042028,0.067667,-0.033087,0.991194,0.128216,-0.072460,0.125569,-0.989435),fov=37.000000,dt=0.017371},
	{cf=CFrame.new(-3.954834,1195.502197,-969.881958,-0.996822,-0.042028,0.067668,-0.033087,0.991194,0.128216,-0.072461,0.125569,-0.989435),fov=37.000000,dt=0.016115},
	{cf=CFrame.new(-3.945465,1195.760620,-969.955688,-0.996822,-0.042028,0.067668,-0.033087,0.991194,0.128216,-0.072461,0.125569,-0.989435),fov=37.000000,dt=0.015411},
	{cf=CFrame.new(-3.923828,1196.072632,-970.026733,-0.996822,-0.042028,0.067668,-0.033087,0.991194,0.128216,-0.072461,0.125569,-0.989435),fov=37.000000,dt=0.017993},
	{cf=CFrame.new(-3.899872,1196.385742,-970.088013,-0.996822,-0.042028,0.067668,-0.033087,0.991194,0.128216,-0.072461,0.125569,-0.989435),fov=37.000000,dt=0.017689},
	{cf=CFrame.new(-3.861725,1196.705078,-970.138794,-0.996822,-0.042028,0.067668,-0.033087,0.991194,0.128216,-0.072461,0.125569,-0.989435),fov=37.000000,dt=0.016202},
	{cf=CFrame.new(-3.816589,1197.076904,-970.181763,-0.996822,-0.042028,0.067668,-0.033087,0.991194,0.128216,-0.072461,0.125570,-0.989435),fov=37.000000,dt=0.019896},
	{cf=CFrame.new(-3.796204,1197.354492,-970.231689,-0.996822,-0.042028,0.067666,-0.033087,0.991194,0.128216,-0.072459,0.125570,-0.989435),fov=37.000000,dt=0.015145},
	{cf=CFrame.new(-3.784607,1197.621338,-970.284546,-0.996822,-0.042028,0.067665,-0.033087,0.991194,0.128216,-0.072458,0.125570,-0.989435),fov=37.000000,dt=0.015373},
	{cf=CFrame.new(-3.801605,1197.889648,-970.322754,-0.996823,-0.042028,0.067665,-0.033087,0.991194,0.128216,-0.072458,0.125570,-0.989435),fov=37.000000,dt=0.016336},
	{cf=CFrame.new(-3.827728,1198.150146,-970.361450,-0.996822,-0.042028,0.067667,-0.033087,0.991194,0.128216,-0.072460,0.125570,-0.989435),fov=37.000000,dt=0.016283},
	{cf=CFrame.new(-3.815125,1198.460571,-970.411987,-0.996822,-0.042028,0.067666,-0.033087,0.991194,0.128216,-0.072459,0.125570,-0.989435),fov=37.000000,dt=0.018158},
	{cf=CFrame.new(-3.791138,1198.745239,-970.468384,-0.996822,-0.042028,0.067665,-0.033087,0.991194,0.128216,-0.072458,0.125570,-0.989435),fov=37.000000,dt=0.015407},
	{cf=CFrame.new(-3.789276,1198.997192,-970.531372,-0.996823,-0.042028,0.067665,-0.033087,0.991194,0.128216,-0.072458,0.125570,-0.989435),fov=37.000000,dt=0.016282},
	{cf=CFrame.new(-3.795258,1199.244019,-970.600586,-0.996822,-0.042028,0.067667,-0.033087,0.991194,0.128216,-0.072460,0.125570,-0.989435),fov=37.000000,dt=0.017894},
	{cf=CFrame.new(-3.775635,1199.468262,-970.682617,-0.996822,-0.042028,0.067668,-0.033087,0.991194,0.128216,-0.072461,0.125570,-0.989435),fov=37.000000,dt=0.015773},
	{cf=CFrame.new(-3.747559,1199.692261,-970.773804,-0.996822,-0.042028,0.067668,-0.033087,0.991194,0.128216,-0.072461,0.125570,-0.989435),fov=37.000000,dt=0.016234},
	{cf=CFrame.new(-3.737610,1199.946045,-970.862793,-0.996822,-0.042028,0.067668,-0.033087,0.991194,0.128216,-0.072461,0.125570,-0.989435),fov=37.000000,dt=0.019366},
	{cf=CFrame.new(-3.735260,1200.157837,-970.943115,-0.996822,-0.042028,0.067668,-0.033087,0.991194,0.128216,-0.072461,0.125570,-0.989435),fov=37.000000,dt=0.014640},
	{cf=CFrame.new(-3.758545,1200.385254,-971.013184,-0.996822,-0.042028,0.067667,-0.033087,0.991194,0.128216,-0.072460,0.125570,-0.989435),fov=37.000000,dt=0.016200},
	{cf=CFrame.new(-3.791534,1200.626221,-971.088623,-0.996823,-0.042028,0.067665,-0.033087,0.991195,0.128216,-0.072458,0.125570,-0.989435),fov=37.000000,dt=0.018287},
	{cf=CFrame.new(-3.784393,1200.858154,-971.195190,-0.996823,-0.042028,0.067665,-0.033087,0.991194,0.128216,-0.072458,0.125570,-0.989435),fov=37.000000,dt=0.017039},
	{cf=CFrame.new(-3.762268,1201.078857,-971.311401,-0.996822,-0.042028,0.067667,-0.033087,0.991194,0.128216,-0.072460,0.125569,-0.989435),fov=37.000000,dt=0.015697},
	{cf=CFrame.new(-3.773560,1201.280151,-971.426392,-0.996822,-0.042028,0.067668,-0.033087,0.991194,0.128216,-0.072461,0.125569,-0.989435),fov=37.000000,dt=0.016634},
	{cf=CFrame.new(-3.795074,1201.466919,-971.541870,-0.996822,-0.042028,0.067668,-0.033087,0.991194,0.128216,-0.072461,0.125570,-0.989435),fov=37.000000,dt=0.016197},
	{cf=CFrame.new(-3.784149,1201.671509,-971.664307,-0.996822,-0.042028,0.067668,-0.033087,0.991194,0.128216,-0.072461,0.125569,-0.989435),fov=37.000000,dt=0.016168},
	{cf=CFrame.new(-3.761047,1201.881836,-971.794678,-0.996822,-0.042028,0.067668,-0.033087,0.991194,0.128216,-0.072461,0.125569,-0.989435),fov=37.000000,dt=0.016527},
	{cf=CFrame.new(-3.765625,1202.051514,-971.926514,-0.996822,-0.042028,0.067668,-0.033087,0.991194,0.128216,-0.072461,0.125569,-0.989435),fov=37.000000,dt=0.016903},
	{cf=CFrame.new(-3.779938,1202.201660,-972.061890,-0.996822,-0.042028,0.067668,-0.033087,0.991194,0.128216,-0.072461,0.125569,-0.989435),fov=37.000000,dt=0.016557},
	{cf=CFrame.new(-3.767670,1202.378662,-972.241333,-0.996822,-0.042028,0.067666,-0.033087,0.991194,0.128216,-0.072459,0.125570,-0.989435),fov=37.000000,dt=0.017570},
	{cf=CFrame.new(-3.742950,1202.549561,-972.432007,-0.996823,-0.042028,0.067663,-0.033087,0.991194,0.128216,-0.072456,0.125570,-0.989435),fov=37.000000,dt=0.016218},
	{cf=CFrame.new(-3.724335,1202.732422,-972.616211,-0.996822,-0.042028,0.067665,-0.033087,0.991194,0.128216,-0.072458,0.125570,-0.989435),fov=37.000000,dt=0.017547},
	{cf=CFrame.new(-3.700073,1202.909912,-972.799072,-0.996822,-0.042028,0.067667,-0.033087,0.991194,0.128216,-0.072460,0.125569,-0.989435),fov=37.000000,dt=0.017751},
	{cf=CFrame.new(-3.651733,1203.041016,-972.960693,-0.996822,-0.042028,0.067668,-0.033087,0.991194,0.128216,-0.072461,0.125569,-0.989435),fov=37.000000,dt=0.015328},
	{cf=CFrame.new(-3.589172,1203.165894,-973.129883,-0.996822,-0.042028,0.067668,-0.033087,0.991194,0.128216,-0.072461,0.125570,-0.989435),fov=37.000000,dt=0.016460},
	{cf=CFrame.new(-3.539093,1203.320801,-973.314331,-0.996822,-0.042028,0.067668,-0.033087,0.991194,0.128216,-0.072461,0.125570,-0.989435),fov=37.000000,dt=0.017296},
	{cf=CFrame.new(-3.497192,1203.494385,-973.501343,-0.996822,-0.042028,0.067668,-0.033087,0.991194,0.128216,-0.072461,0.125570,-0.989435),fov=37.000000,dt=0.017534},
	{cf=CFrame.new(-3.443756,1203.657715,-973.690918,-0.996822,-0.042028,0.067668,-0.033087,0.991194,0.128216,-0.072461,0.125570,-0.989435),fov=37.000000,dt=0.017282},
	{cf=CFrame.new(-3.392578,1203.812012,-973.863770,-0.996822,-0.042028,0.067668,-0.033087,0.991194,0.128216,-0.072461,0.125570,-0.989435),fov=37.000000,dt=0.015107},
	{cf=CFrame.new(-3.347656,1203.977173,-974.023804,-0.996823,-0.042028,0.067665,-0.033087,0.991194,0.128216,-0.072458,0.125570,-0.989435),fov=37.000000,dt=0.015728},
	{cf=CFrame.new(-3.305817,1204.153809,-974.178467,-0.996823,-0.042028,0.067664,-0.033087,0.991194,0.128216,-0.072457,0.125570,-0.989435),fov=37.000000,dt=0.016250},
	{cf=CFrame.new(-3.270477,1204.369873,-974.356079,-0.996822,-0.042028,0.067665,-0.033087,0.991194,0.128216,-0.072458,0.125570,-0.989435),fov=37.000000,dt=0.017458},
	{cf=CFrame.new(-3.240662,1204.605225,-974.535034,-0.996822,-0.042028,0.067667,-0.033087,0.991194,0.128216,-0.072460,0.125570,-0.989435),fov=37.000000,dt=0.017775},
	{cf=CFrame.new(-3.209412,1204.818604,-974.661865,-0.996822,-0.042028,0.067668,-0.033087,0.991194,0.128216,-0.072461,0.125570,-0.989435),fov=37.000000,dt=0.016201},
	{cf=CFrame.new(-3.179260,1205.032837,-974.772095,-0.996822,-0.042028,0.067668,-0.033087,0.991194,0.128216,-0.072461,0.125570,-0.989435),fov=37.000000,dt=0.016385},
	{cf=CFrame.new(-3.186737,1205.243164,-974.903320,-0.996822,-0.042028,0.067668,-0.033087,0.991194,0.128216,-0.072461,0.125570,-0.989435),fov=37.000000,dt=0.016091},
	{cf=CFrame.new(-3.209473,1205.454346,-975.040039,-0.996822,-0.042028,0.067668,-0.033087,0.991194,0.128216,-0.072461,0.125570,-0.989435),fov=37.000000,dt=0.016235},
	{cf=CFrame.new(-3.199799,1205.677002,-975.174438,-0.996822,-0.042028,0.067668,-0.033087,0.991194,0.128216,-0.072461,0.125570,-0.989435),fov=37.000000,dt=0.016910},
	{cf=CFrame.new(-3.182068,1205.893433,-975.299683,-0.996822,-0.042028,0.067668,-0.033087,0.991194,0.128216,-0.072461,0.125570,-0.989435),fov=37.000000,dt=0.015934},
	{cf=CFrame.new(-3.156158,1206.119141,-975.422485,-0.996822,-0.042028,0.067668,-0.033087,0.991194,0.128216,-0.072461,0.125570,-0.989435),fov=37.000000,dt=0.017984},
	{cf=CFrame.new(-3.130096,1206.325928,-975.530396,-0.996822,-0.042028,0.067668,-0.033087,0.991194,0.128216,-0.072461,0.125570,-0.989435),fov=37.000000,dt=0.016026},
	{cf=CFrame.new(-3.127319,1206.572754,-975.649414,-0.996822,-0.042028,0.067668,-0.033087,0.991194,0.128216,-0.072461,0.125570,-0.989435),fov=37.000000,dt=0.017767},
	{cf=CFrame.new(-3.134094,1206.823242,-975.765381,-0.996822,-0.042028,0.067668,-0.033087,0.991194,0.128216,-0.072461,0.125570,-0.989435),fov=37.000000,dt=0.017277},
	{cf=CFrame.new(-3.144348,1207.054199,-975.872559,-0.996822,-0.042028,0.067668,-0.033087,0.991194,0.128216,-0.072461,0.125570,-0.989435),fov=37.000000,dt=0.016064},
	{cf=CFrame.new(-3.158142,1207.294678,-975.982666,-0.996822,-0.042028,0.067668,-0.033087,0.991194,0.128216,-0.072461,0.125570,-0.989435),fov=37.000000,dt=0.017876},
	{cf=CFrame.new(-3.191223,1207.486328,-976.077148,-0.996822,-0.042028,0.067668,-0.033087,0.991194,0.128216,-0.072461,0.125570,-0.989435),fov=37.000000,dt=0.017053},
	{cf=CFrame.new(-3.232391,1207.660645,-976.167114,-0.996822,-0.042028,0.067668,-0.033087,0.991194,0.128216,-0.072461,0.125570,-0.989435),fov=37.000000,dt=0.017011},
	{cf=CFrame.new(-3.230743,1207.871826,-976.262695,-0.996822,-0.042028,0.067668,-0.033087,0.991194,0.128216,-0.072461,0.125570,-0.989435),fov=37.000000,dt=0.014093},
	{cf=CFrame.new(-3.219238,1208.120972,-976.373291,-0.996822,-0.042028,0.067668,-0.033087,0.991194,0.128216,-0.072461,0.125570,-0.989435),fov=37.000000,dt=0.016943},
	{cf=CFrame.new(-3.231323,1208.302612,-976.460815,-0.996822,-0.042028,0.067668,-0.033087,0.991194,0.128216,-0.072461,0.125570,-0.989435),fov=37.000000,dt=0.015567},
	{cf=CFrame.new(-3.254944,1208.474365,-976.548096,-0.996822,-0.042028,0.067668,-0.033087,0.991194,0.128216,-0.072461,0.125570,-0.989435),fov=37.000000,dt=0.017341},
	{cf=CFrame.new(-3.287201,1208.677734,-976.661255,-0.996822,-0.042028,0.067668,-0.033087,0.991194,0.128216,-0.072461,0.125570,-0.989435),fov=37.000000,dt=0.017221},
	{cf=CFrame.new(-3.320435,1208.880371,-976.778809,-0.996822,-0.042028,0.067667,-0.033087,0.991194,0.128216,-0.072460,0.125570,-0.989435),fov=37.000000,dt=0.015357},
	{cf=CFrame.new(-3.344910,1209.067139,-976.879272,-0.996823,-0.042028,0.067665,-0.033087,0.991194,0.128216,-0.072458,0.125570,-0.989435),fov=37.000000,dt=0.016395},
	{cf=CFrame.new(-3.368652,1209.264648,-976.984985,-0.996823,-0.042028,0.067663,-0.033087,0.991194,0.128216,-0.072456,0.125570,-0.989435),fov=37.000000,dt=0.018759},
	{cf=CFrame.new(-3.394897,1209.505371,-977.125977,-0.996823,-0.042028,0.067663,-0.033087,0.991194,0.128216,-0.072456,0.125570,-0.989435),fov=37.000000,dt=0.015900},
	{cf=CFrame.new(-3.424164,1209.777222,-977.290161,-0.996823,-0.042028,0.067663,-0.033087,0.991194,0.128216,-0.072456,0.125570,-0.989435),fov=37.000000,dt=0.016702},
	{cf=CFrame.new(-3.423615,1210.044189,-977.475952,-0.996823,-0.042028,0.067663,-0.033087,0.991194,0.128216,-0.072456,0.125570,-0.989435),fov=37.000000,dt=0.016408},
	{cf=CFrame.new(-3.412537,1210.312744,-977.671997,-0.996823,-0.042028,0.067663,-0.033087,0.991194,0.128216,-0.072456,0.125570,-0.989435),fov=37.000000,dt=0.016323},
	{cf=CFrame.new(-3.428925,1210.631104,-977.871948,-0.996823,-0.042028,0.067663,-0.033087,0.991194,0.128216,-0.072456,0.125570,-0.989435),fov=37.000000,dt=0.016587},
	{cf=CFrame.new(-3.453094,1210.967041,-978.073608,-0.996823,-0.042028,0.067663,-0.033087,0.991194,0.128216,-0.072456,0.125570,-0.989435),fov=37.000000,dt=0.016291},
	{cf=CFrame.new(-3.469940,1211.289307,-978.312500,-0.996822,-0.042028,0.067665,-0.033087,0.991194,0.128216,-0.072458,0.125570,-0.989435),fov=37.000000,dt=0.016862},
	{cf=CFrame.new(-3.481781,1211.607178,-978.563599,-0.996822,-0.042028,0.067667,-0.033087,0.991194,0.128216,-0.072460,0.125570,-0.989435),fov=37.000000,dt=0.016662},
	{cf=CFrame.new(-3.497589,1211.954102,-978.811768,-0.996822,-0.042028,0.067668,-0.033087,0.991194,0.128216,-0.072461,0.125570,-0.989435),fov=37.000000,dt=0.016428},
	{cf=CFrame.new(-3.512848,1212.315430,-979.061157,-0.996822,-0.042028,0.067668,-0.033087,0.991194,0.128216,-0.072461,0.125570,-0.989435),fov=37.000000,dt=0.016481},
	{cf=CFrame.new(-3.516968,1212.689453,-979.318359,-0.996822,-0.042028,0.067668,-0.033087,0.991194,0.128216,-0.072461,0.125570,-0.989435),fov=37.000000,dt=0.018130},
	{cf=CFrame.new(-3.515350,1213.050293,-979.566406,-0.996822,-0.042028,0.067668,-0.033087,0.991194,0.128216,-0.072461,0.125570,-0.989435),fov=37.000000,dt=0.016657},
	{cf=CFrame.new(-3.524597,1213.427612,-979.828125,-0.996822,-0.042028,0.067668,-0.033087,0.991194,0.128216,-0.072461,0.125569,-0.989435),fov=37.000000,dt=0.017780},
	{cf=CFrame.new(-3.536957,1213.801025,-980.087891,-0.996822,-0.042028,0.067668,-0.033087,0.991194,0.128216,-0.072461,0.125569,-0.989435),fov=37.000000,dt=0.017067},
	{cf=CFrame.new(-3.534454,1214.150146,-980.341187,-0.996822,-0.042028,0.067668,-0.033087,0.991194,0.128216,-0.072461,0.125569,-0.989435),fov=37.000000,dt=0.017059},
	{cf=CFrame.new(-3.527161,1214.478760,-980.584229,-0.996822,-0.042028,0.067668,-0.033087,0.991194,0.128216,-0.072461,0.125569,-0.989435),fov=37.000000,dt=0.015730},
	{cf=CFrame.new(-3.516266,1214.854858,-980.824707,-0.996822,-0.042028,0.067668,-0.033087,0.991194,0.128216,-0.072461,0.125569,-0.989435),fov=37.000000,dt=0.015775},
	{cf=CFrame.new(-3.504730,1215.253540,-981.067871,-0.996822,-0.042028,0.067668,-0.033087,0.991194,0.128216,-0.072461,0.125569,-0.989435),fov=37.000000,dt=0.016228},
	{cf=CFrame.new(-3.523590,1215.618164,-981.305054,-0.996822,-0.042028,0.067667,-0.033087,0.991194,0.128216,-0.072460,0.125569,-0.989435),fov=37.000000,dt=0.016424},
	{cf=CFrame.new(-3.554016,1215.982178,-981.550659,-0.996823,-0.042028,0.067665,-0.033087,0.991195,0.128216,-0.072458,0.125570,-0.989435),fov=37.000000,dt=0.017496},
	{cf=CFrame.new(-3.570862,1216.349731,-981.799561,-0.996823,-0.042028,0.067665,-0.033087,0.991194,0.128216,-0.072458,0.125570,-0.989435),fov=37.000000,dt=0.015453},
	{cf=CFrame.new(-3.584259,1216.739136,-982.064941,-0.996822,-0.042028,0.067668,-0.033087,0.991194,0.128216,-0.072461,0.125569,-0.989435),fov=37.000000,dt=0.016511},
	{cf=CFrame.new(-3.596100,1217.133057,-982.377563,-0.996822,-0.042028,0.067668,-0.033087,0.991194,0.128216,-0.072461,0.125569,-0.989435),fov=37.000000,dt=0.018230},
	{cf=CFrame.new(-3.606995,1217.509277,-982.694946,-0.996822,-0.042028,0.067668,-0.033087,0.991194,0.128216,-0.072461,0.125570,-0.989435),fov=37.000000,dt=0.017244},
	{cf=CFrame.new(-3.627808,1217.793945,-982.963867,-0.996822,-0.042028,0.067668,-0.033087,0.991194,0.128216,-0.072461,0.125570,-0.989435),fov=37.000000,dt=0.015136},
	{cf=CFrame.new(-3.653351,1218.070068,-983.233765,-0.996822,-0.042028,0.067668,-0.033087,0.991194,0.128216,-0.072461,0.125570,-0.989435),fov=37.000000,dt=0.016560},
	{cf=CFrame.new(-3.643280,1218.409180,-983.544312,-0.996822,-0.042028,0.067668,-0.033087,0.991194,0.128216,-0.072461,0.125570,-0.989435),fov=37.000000,dt=0.015866},
	{cf=CFrame.new(-3.622559,1218.793091,-983.887451,-0.996822,-0.042028,0.067668,-0.033087,0.991194,0.128216,-0.072461,0.125570,-0.989435),fov=37.000000,dt=0.018026},
	{cf=CFrame.new(-3.660675,1219.130615,-984.150757,-0.996822,-0.042028,0.067666,-0.033087,0.991194,0.128216,-0.072459,0.125570,-0.989435),fov=37.000000,dt=0.017644},
	{cf=CFrame.new(-3.718079,1219.433105,-984.373413,-0.996823,-0.042028,0.067664,-0.033087,0.991194,0.128216,-0.072457,0.125570,-0.989435),fov=37.000000,dt=0.015530},
	{cf=CFrame.new(-3.703552,1219.711670,-984.610229,-0.996822,-0.042028,0.067665,-0.033087,0.991194,0.128216,-0.072458,0.125570,-0.989435),fov=37.000000,dt=0.015549},
	{cf=CFrame.new(-3.666107,1220.008789,-984.874634,-0.996822,-0.042028,0.067667,-0.033087,0.991194,0.128216,-0.072460,0.125570,-0.989435),fov=37.000000,dt=0.018107},
	{cf=CFrame.new(-3.676880,1220.319458,-985.203247,-0.996822,-0.042028,0.067668,-0.033087,0.991194,0.128216,-0.072461,0.125570,-0.989435),fov=37.000000,dt=0.018001},
	{cf=CFrame.new(-3.702667,1220.608154,-985.533813,-0.996822,-0.042028,0.067667,-0.033087,0.991194,0.128216,-0.072460,0.125570,-0.989435),fov=37.000000,dt=0.015002},
	{cf=CFrame.new(-3.711456,1220.947510,-985.872437,-0.996822,-0.042028,0.067668,-0.033087,0.991194,0.128216,-0.072461,0.125570,-0.989435),fov=37.000000,dt=0.015403},
	{cf=CFrame.new(-3.716949,1221.346802,-986.253052,-0.996822,-0.042028,0.067668,-0.033087,0.991194,0.128216,-0.072461,0.125570,-0.989435),fov=37.000000,dt=0.018716},
	{cf=CFrame.new(-3.720947,1221.717407,-986.607544,-0.996822,-0.042028,0.067668,-0.033087,0.991194,0.128216,-0.072461,0.125570,-0.989435),fov=37.000000,dt=0.017969},
	{cf=CFrame.new(-3.724884,1222.221191,-987.102539,-0.996822,-0.042028,0.067668,-0.033087,0.991194,0.128216,-0.072461,0.125570,-0.989435),fov=37.000000,dt=0.014365},
	{cf=CFrame.new(-3.731812,1222.831909,-987.701904,-0.996822,-0.042028,0.067668,-0.033087,0.991194,0.128216,-0.072461,0.125570,-0.989435),fov=37.000000,dt=0.017924},
	{cf=CFrame.new(-3.764954,1223.411865,-988.254639,-0.996822,-0.042028,0.067668,-0.033087,0.991194,0.128216,-0.072461,0.125570,-0.989435),fov=37.000000,dt=0.018854},
	{cf=CFrame.new(-3.776428,1223.824951,-988.697266,-0.996823,-0.042028,0.067665,-0.033087,0.991195,0.128216,-0.072458,0.125570,-0.989435),fov=37.000000,dt=0.015648},
	{cf=CFrame.new(-3.803955,1224.160400,-989.137207,-0.996823,-0.042028,0.067665,-0.033087,0.991195,0.128216,-0.072458,0.125570,-0.989435),fov=37.000000,dt=0.013228},
	{cf=CFrame.new(-3.829865,1224.470215,-989.509521,-0.996822,-0.042028,0.067666,-0.033087,0.991194,0.128216,-0.072459,0.125570,-0.989435),fov=37.000000,dt=0.017573},
	{cf=CFrame.new(-3.820221,1224.838013,-989.888550,-0.996822,-0.042028,0.067667,-0.033087,0.991194,0.128216,-0.072460,0.125570,-0.989435),fov=37.000000,dt=0.016747},
	{cf=CFrame.new(-3.797485,1225.311523,-990.349976,-0.996822,-0.042028,0.067668,-0.033087,0.991194,0.128216,-0.072461,0.125570,-0.989435),fov=37.000000,dt=0.024396},
	{cf=CFrame.new(-3.791962,1225.626221,-990.684937,-0.996822,-0.042027,0.067667,-0.033086,0.991195,0.128216,-0.072460,0.125569,-0.989435),fov=37.000000,dt=0.014035},
	{cf=CFrame.new(0.163666,1230.802734,-999.896851,0.999414,-0.032874,0.009546,0.029456,0.683762,-0.729110,0.017441,0.728964,0.684330),fov=37.000000,dt=0.012339},
	{cf=CFrame.new(0.164154,1231.139648,-1000.224365,0.999250,-0.038388,-0.005181,0.022341,0.680416,-0.732486,0.031644,0.731820,0.680762),fov=37.000000,dt=0.013601},
	{cf=CFrame.new(0.166870,1231.556641,-1000.619629,0.999249,-0.038388,-0.005181,0.022341,0.680415,-0.732486,0.031644,0.731820,0.680762),fov=37.000000,dt=0.016425},
	{cf=CFrame.new(0.168274,1231.978516,-1001.020630,0.999250,-0.038388,-0.005181,0.022341,0.680415,-0.732486,0.031644,0.731820,0.680762),fov=37.000000,dt=0.016458},
	{cf=CFrame.new(0.169861,1232.401489,-1001.425293,0.999250,-0.038388,-0.005181,0.022341,0.680416,-0.732486,0.031644,0.731820,0.680762),fov=37.000000,dt=0.016319},
	{cf=CFrame.new(0.170349,1232.851562,-1001.859985,0.999250,-0.038388,-0.005181,0.022341,0.680416,-0.732486,0.031644,0.731820,0.680762),fov=37.000000,dt=0.018037},
	{cf=CFrame.new(0.176941,1233.281250,-1002.280151,0.999250,-0.038388,-0.005181,0.022341,0.680416,-0.732486,0.031644,0.731820,0.680762),fov=37.000000,dt=0.016536},
	{cf=CFrame.new(0.186523,1233.699951,-1002.692261,0.999250,-0.038388,-0.005181,0.022341,0.680416,-0.732486,0.031644,0.731820,0.680762),fov=37.000000,dt=0.015613},
	{cf=CFrame.new(0.204376,1234.147217,-1003.145142,0.999250,-0.038388,-0.005181,0.022341,0.680416,-0.732486,0.031644,0.731820,0.680762),fov=37.000000,dt=0.017577},
	{cf=CFrame.new(0.218018,1234.572754,-1003.575073,0.999250,-0.038388,-0.005181,0.022341,0.680415,-0.732486,0.031644,0.731820,0.680762),fov=37.000000,dt=0.016224},
	{cf=CFrame.new(0.230743,1235.013184,-1004.023071,0.999250,-0.038388,-0.005181,0.022341,0.680416,-0.732486,0.031644,0.731820,0.680762),fov=37.000000,dt=0.017229},
	{cf=CFrame.new(0.236511,1235.424805,-1004.437012,0.999250,-0.038388,-0.005181,0.022341,0.680416,-0.732486,0.031644,0.731820,0.680762),fov=37.000000,dt=0.015353},
	{cf=CFrame.new(0.245544,1235.868530,-1004.884888,0.999249,-0.038388,-0.005181,0.022341,0.680415,-0.732486,0.031644,0.731820,0.680762),fov=37.000000,dt=0.017225},
	{cf=CFrame.new(0.257324,1236.331055,-1005.354492,0.999250,-0.038388,-0.005181,0.022341,0.680415,-0.732486,0.031644,0.731820,0.680762),fov=37.000000,dt=0.018423},
	{cf=CFrame.new(0.271301,1236.754150,-1005.775024,0.999250,-0.038388,-0.005182,0.022341,0.680415,-0.732486,0.031644,0.731820,0.680762),fov=37.000000,dt=0.015409},
	{cf=CFrame.new(0.286804,1237.205566,-1006.236084,0.999249,-0.038388,-0.005182,0.022341,0.680415,-0.732486,0.031644,0.731820,0.680762),fov=37.000000,dt=0.017435},
	{cf=CFrame.new(0.302246,1237.655151,-1006.698242,0.999249,-0.038388,-0.005181,0.022341,0.680415,-0.732486,0.031644,0.731821,0.680762),fov=37.000000,dt=0.017402},
	{cf=CFrame.new(0.315704,1238.087158,-1007.147949,0.999249,-0.038388,-0.005181,0.022341,0.680415,-0.732486,0.031644,0.731820,0.680762),fov=37.000000,dt=0.016467},
	{cf=CFrame.new(0.329041,1238.520264,-1007.598877,0.999250,-0.038388,-0.005181,0.022341,0.680416,-0.732486,0.031644,0.731820,0.680762),fov=37.000000,dt=0.016271},
	{cf=CFrame.new(0.342804,1238.954834,-1008.050903,0.999250,-0.038388,-0.005181,0.022341,0.680416,-0.732486,0.031644,0.731820,0.680762),fov=37.000000,dt=0.016173},
	{cf=CFrame.new(0.357697,1239.402588,-1008.515503,0.999250,-0.038388,-0.005181,0.022341,0.680415,-0.732486,0.031644,0.731820,0.680762),fov=37.000000,dt=0.016708},
	{cf=CFrame.new(0.372223,1239.850342,-1008.976929,0.999249,-0.038388,-0.005181,0.022341,0.680415,-0.732486,0.031644,0.731820,0.680762),fov=37.000000,dt=0.016578},
	{cf=CFrame.new(0.386505,1240.293457,-1009.432617,0.999249,-0.038388,-0.005181,0.022341,0.680415,-0.732486,0.031644,0.731820,0.680762),fov=37.000000,dt=0.016219},
	{cf=CFrame.new(0.401855,1240.758301,-1009.912842,0.999249,-0.038388,-0.005181,0.022341,0.680415,-0.732486,0.031644,0.731820,0.680762),fov=37.000000,dt=0.017682},
	{cf=CFrame.new(0.414764,1241.189941,-1010.357056,0.999249,-0.038388,-0.005181,0.022341,0.680415,-0.732486,0.031644,0.731820,0.680762),fov=37.000000,dt=0.015685},
	{cf=CFrame.new(0.428589,1241.636475,-1010.821533,0.999250,-0.038388,-0.005181,0.022341,0.680415,-0.732486,0.031644,0.731820,0.680762),fov=37.000000,dt=0.016693},
	{cf=CFrame.new(0.442902,1242.095947,-1011.306641,0.999250,-0.038388,-0.005181,0.022341,0.680415,-0.732486,0.031644,0.731820,0.680762),fov=37.000000,dt=0.017810},
	{cf=CFrame.new(0.454437,1242.523193,-1011.751587,0.999249,-0.038388,-0.005182,0.022341,0.680415,-0.732486,0.031644,0.731820,0.680762),fov=37.000000,dt=0.015548},
	{cf=CFrame.new(0.467590,1242.978149,-1012.229614,0.999250,-0.038388,-0.005181,0.022341,0.680416,-0.732486,0.031644,0.731820,0.680762),fov=37.000000,dt=0.017281},
	{cf=CFrame.new(0.479065,1243.419189,-1012.687866,0.999250,-0.038388,-0.005181,0.022341,0.680416,-0.732486,0.031644,0.731820,0.680762),fov=37.000000,dt=0.016144},
	{cf=CFrame.new(0.496490,1243.887207,-1013.172852,0.999249,-0.038388,-0.005181,0.022341,0.680415,-0.732486,0.031644,0.731820,0.680762),fov=37.000000,dt=0.017911},
	{cf=CFrame.new(0.513611,1244.325195,-1013.619873,0.999249,-0.038388,-0.005181,0.022341,0.680415,-0.732486,0.031644,0.731820,0.680762),fov=37.000000,dt=0.015956},
	{cf=CFrame.new(0.535706,1244.772461,-1014.073242,0.999249,-0.038388,-0.005181,0.022341,0.680415,-0.732486,0.031644,0.731820,0.680762),fov=37.000000,dt=0.016565},
	{cf=CFrame.new(0.554169,1245.211670,-1014.523438,0.999250,-0.038388,-0.005181,0.022341,0.680416,-0.732486,0.031644,0.731820,0.680762),fov=37.000000,dt=0.016042},
	{cf=CFrame.new(0.571716,1245.659180,-1014.986694,0.999250,-0.038388,-0.005181,0.022341,0.680416,-0.732486,0.031644,0.731820,0.680762),fov=37.000000,dt=0.016557},
	{cf=CFrame.new(0.584534,1246.105225,-1015.456299,0.999250,-0.038388,-0.005181,0.022341,0.680416,-0.732486,0.031644,0.731820,0.680762),fov=37.000000,dt=0.016465},
	{cf=CFrame.new(0.597443,1246.556641,-1015.928589,0.999250,-0.038388,-0.005181,0.022341,0.680416,-0.732486,0.031644,0.731820,0.680762),fov=37.000000,dt=0.016620},
	{cf=CFrame.new(0.611877,1247.022095,-1016.416016,0.999250,-0.038388,-0.005181,0.022341,0.680416,-0.732486,0.031644,0.731820,0.680762),fov=37.000000,dt=0.017504},
	{cf=CFrame.new(0.627014,1247.478760,-1016.885498,0.999250,-0.038388,-0.005181,0.022341,0.680416,-0.732486,0.031644,0.731820,0.680762),fov=37.000000,dt=0.016762},
	{cf=CFrame.new(0.646484,1247.931396,-1017.353394,0.999250,-0.038388,-0.005181,0.022341,0.680416,-0.732486,0.031644,0.731820,0.680762),fov=37.000000,dt=0.016571},
	{cf=CFrame.new(0.665894,1248.362671,-1017.797119,0.999250,-0.038388,-0.005181,0.022341,0.680416,-0.732486,0.031644,0.731820,0.680762),fov=37.000000,dt=0.015157},
	{cf=CFrame.new(0.691437,1248.822021,-1018.280884,0.999250,-0.038388,-0.005181,0.022341,0.680416,-0.732486,0.031644,0.731820,0.680762),fov=37.000000,dt=0.017101},
	{cf=CFrame.new(0.712341,1249.268555,-1018.755981,0.999249,-0.038388,-0.005181,0.022341,0.680415,-0.732486,0.031644,0.731820,0.680762),fov=37.000000,dt=0.016686},
	{cf=CFrame.new(0.731354,1249.713135,-1019.230347,0.999250,-0.038388,-0.005181,0.022341,0.680415,-0.732486,0.031644,0.731820,0.680762),fov=37.000000,dt=0.016679},
	{cf=CFrame.new(0.745148,1250.156250,-1019.707520,0.999249,-0.038388,-0.005181,0.022341,0.680416,-0.732486,0.031644,0.731820,0.680762),fov=37.000000,dt=0.016933},
	{cf=CFrame.new(0.758972,1250.601562,-1020.184082,0.999249,-0.038388,-0.005181,0.022341,0.680416,-0.732486,0.031644,0.731820,0.680763),fov=37.000000,dt=0.016918},
	{cf=CFrame.new(0.773163,1251.042725,-1020.653564,0.999249,-0.038388,-0.005181,0.022341,0.680416,-0.732486,0.031644,0.731820,0.680763),fov=37.000000,dt=0.016528},
	{cf=CFrame.new(0.789185,1251.487061,-1021.121704,0.999250,-0.038388,-0.005181,0.022341,0.680416,-0.732486,0.031644,0.731820,0.680762),fov=37.000000,dt=0.016417},
	{cf=CFrame.new(0.809387,1251.937500,-1021.594238,0.999250,-0.038388,-0.005181,0.022341,0.680415,-0.732486,0.031644,0.731820,0.680762),fov=37.000000,dt=0.016721},
	{cf=CFrame.new(0.832275,1252.410645,-1022.094727,0.999250,-0.038388,-0.005181,0.022341,0.680416,-0.732486,0.031644,0.731820,0.680762),fov=37.000000,dt=0.018297},
	{cf=CFrame.new(0.855011,1252.834595,-1022.533813,0.999250,-0.038388,-0.005181,0.022341,0.680416,-0.732486,0.031644,0.731820,0.680762),fov=37.000000,dt=0.015131},
	{cf=CFrame.new(0.877563,1253.310059,-1023.035645,0.999250,-0.038388,-0.005181,0.022341,0.680415,-0.732486,0.031644,0.731820,0.680762),fov=37.000000,dt=0.018398},
	{cf=CFrame.new(0.894714,1253.727905,-1023.466187,0.999250,-0.038388,-0.005181,0.022341,0.680416,-0.732486,0.031644,0.731820,0.680762),fov=37.000000,dt=0.014565},
	{cf=CFrame.new(0.909393,1254.179932,-1023.938110,0.999250,-0.038388,-0.005181,0.022341,0.680416,-0.732486,0.031644,0.731820,0.680762),fov=37.000000,dt=0.016603},
	{cf=CFrame.new(0.925476,1254.657715,-1024.439697,0.999250,-0.038388,-0.005181,0.022341,0.680416,-0.732486,0.031644,0.731820,0.680762),fov=37.000000,dt=0.018152},
	{cf=CFrame.new(0.939209,1255.093750,-1024.889160,0.999250,-0.038388,-0.005181,0.022341,0.680416,-0.732486,0.031644,0.731820,0.680762),fov=37.000000,dt=0.015379},
	{cf=CFrame.new(0.956116,1255.556885,-1025.369751,0.999250,-0.038388,-0.005181,0.022341,0.680415,-0.732486,0.031644,0.731820,0.680762),fov=37.000000,dt=0.016953},
	{cf=CFrame.new(0.973450,1256.012695,-1025.841919,0.999250,-0.038388,-0.005181,0.022341,0.680415,-0.732486,0.031644,0.731820,0.680762),fov=37.000000,dt=0.016588},
	{cf=CFrame.new(0.991333,1256.474243,-1026.321411,0.999250,-0.038388,-0.005181,0.022341,0.680416,-0.732486,0.031644,0.731820,0.680762),fov=37.000000,dt=0.017018},
	{cf=CFrame.new(1.009155,1256.926270,-1026.790405,0.999250,-0.038388,-0.005181,0.022341,0.680415,-0.732486,0.031644,0.731820,0.680762),fov=37.000000,dt=0.016566},
	{cf=CFrame.new(1.029999,1257.388184,-1027.276733,0.999250,-0.038388,-0.005181,0.022341,0.680416,-0.732486,0.031644,0.731820,0.680762),fov=37.000000,dt=0.017641},
	{cf=CFrame.new(1.049408,1257.819336,-1027.726929,0.999250,-0.038388,-0.005181,0.022341,0.680416,-0.732486,0.031644,0.731820,0.680762),fov=37.000000,dt=0.015747},
	{cf=CFrame.new(1.076782,1258.347412,-1028.301025,0.999250,-0.038388,-0.005181,0.022341,0.680416,-0.732486,0.031644,0.731820,0.680762),fov=37.000000,dt=0.022300},
	{cf=CFrame.new(1.091461,1258.822754,-1028.788574,0.999249,-0.038388,-0.005181,0.022341,0.680415,-0.732486,0.031644,0.731820,0.680762),fov=37.000000,dt=0.015741},
	{cf=CFrame.new(1.100830,1259.197021,-1029.169189,0.999249,-0.038388,-0.005181,0.022341,0.680415,-0.732486,0.031644,0.731820,0.680762),fov=37.000000,dt=0.012250},
	{cf=CFrame.new(1.107849,1259.579834,-1029.570923,0.999249,-0.038388,-0.005181,0.022341,0.680416,-0.732486,0.031644,0.731820,0.680763),fov=37.000000,dt=0.015623},
	{cf=CFrame.new(1.216095,1260.229370,-1029.945312,0.999250,-0.038388,-0.005181,0.022341,0.680416,-0.732486,0.031644,0.731820,0.680762),fov=37.000000,dt=0.020348},
	{cf=CFrame.new(0.971222,1260.475342,-1030.547241,0.999250,-0.038388,-0.005181,0.022341,0.680415,-0.732486,0.031644,0.731820,0.680762),fov=37.000000,dt=0.014067},
	{cf=CFrame.new(1.025787,1260.936523,-1030.979126,0.999249,-0.038388,-0.005181,0.022341,0.680415,-0.732486,0.031644,0.731820,0.680762),fov=37.000000,dt=0.016402},
	{cf=CFrame.new(0.996216,1261.492188,-1031.290894,0.999249,-0.038388,-0.005181,0.022341,0.680415,-0.732486,0.031644,0.731820,0.680762),fov=37.000000,dt=0.016127},
	{cf=CFrame.new(1.145569,1261.879150,-1031.818115,0.999249,-0.038388,-0.005181,0.022341,0.680416,-0.732486,0.031644,0.731820,0.680762),fov=37.000000,dt=0.017750},
	{cf=CFrame.new(1.166656,1262.318726,-1032.271973,0.999250,-0.038388,-0.005181,0.022341,0.680416,-0.732486,0.031644,0.731820,0.680762),fov=37.000000,dt=0.017713},
	{cf=CFrame.new(1.111725,1262.773926,-1032.648804,0.999250,-0.038388,-0.005181,0.022341,0.680416,-0.732486,0.031644,0.731820,0.680762),fov=37.000000,dt=0.015980},
	{cf=CFrame.new(1.156464,1263.169678,-1033.069214,0.999250,-0.038388,-0.005181,0.022341,0.680416,-0.732486,0.031644,0.731820,0.680762),fov=37.000000,dt=0.015583},
	{cf=CFrame.new(1.237122,1263.570801,-1033.510254,0.999249,-0.038388,-0.005181,0.022341,0.680415,-0.732486,0.031644,0.731820,0.680762),fov=37.000000,dt=0.016502},
	{cf=CFrame.new(1.189911,1263.994873,-1033.920776,0.999250,-0.038388,-0.005181,0.022341,0.680415,-0.732486,0.031644,0.731820,0.680762),fov=37.000000,dt=0.016399},
	{cf=CFrame.new(1.167847,1264.484863,-1034.306885,0.999250,-0.038388,-0.005181,0.022341,0.680415,-0.732486,0.031644,0.731820,0.680762),fov=37.000000,dt=0.018047},
	{cf=CFrame.new(1.207062,1264.905884,-1034.708862,0.999249,-0.038388,-0.005181,0.022341,0.680415,-0.732486,0.031644,0.731820,0.680762),fov=37.000000,dt=0.016156},
	{cf=CFrame.new(1.259216,1265.305176,-1035.125488,0.999249,-0.038388,-0.005181,0.022341,0.680416,-0.732486,0.031644,0.731820,0.680762),fov=37.000000,dt=0.015988},
	{cf=CFrame.new(1.260284,1265.746338,-1035.515015,0.999250,-0.038388,-0.005181,0.022341,0.680416,-0.732486,0.031644,0.731820,0.680762),fov=37.000000,dt=0.016848},
	{cf=CFrame.new(1.243439,1266.197266,-1035.889160,0.999249,-0.038388,-0.005181,0.022341,0.680415,-0.732486,0.031644,0.731820,0.680762),fov=37.000000,dt=0.016873},
	{cf=CFrame.new(1.205719,1266.620850,-1036.292847,0.999250,-0.038388,-0.005181,0.022341,0.680416,-0.732486,0.031644,0.731820,0.680762),fov=37.000000,dt=0.017091},
	{cf=CFrame.new(1.212372,1267.045776,-1036.676514,0.999249,-0.038388,-0.005181,0.022341,0.680415,-0.732486,0.031644,0.731820,0.680762),fov=37.000000,dt=0.016687},
	{cf=CFrame.new(1.236572,1267.471436,-1037.045776,0.999250,-0.038388,-0.005181,0.022341,0.680415,-0.732486,0.031644,0.731820,0.680762),fov=37.000000,dt=0.016318},
	{cf=CFrame.new(1.254181,1267.894531,-1037.448853,0.999250,-0.038388,-0.005181,0.022341,0.680416,-0.732486,0.031644,0.731820,0.680762),fov=37.000000,dt=0.017624},
	{cf=CFrame.new(1.252441,1268.309937,-1037.837158,0.999249,-0.038388,-0.005181,0.022341,0.680415,-0.732486,0.031644,0.731820,0.680762),fov=37.000000,dt=0.016789},
	{cf=CFrame.new(1.244904,1268.728027,-1038.220337,0.999249,-0.038388,-0.005181,0.022341,0.680415,-0.732486,0.031644,0.731820,0.680762),fov=37.000000,dt=0.017061},
	{cf=CFrame.new(1.247620,1269.132324,-1038.547485,0.999250,-0.038388,-0.005181,0.022341,0.680415,-0.732486,0.031644,0.731820,0.680762),fov=37.000000,dt=0.015242},
	{cf=CFrame.new(1.252411,1269.542603,-1038.875244,0.999250,-0.038388,-0.005181,0.022341,0.680415,-0.732486,0.031644,0.731820,0.680762),fov=37.000000,dt=0.016629},
	{cf=CFrame.new(1.256744,1269.958252,-1039.211304,0.999249,-0.038388,-0.005181,0.022341,0.680415,-0.732486,0.031644,0.731820,0.680762),fov=37.000000,dt=0.018696},
	{cf=CFrame.new(1.264587,1270.192505,-1039.421265,0.999249,-0.038388,-0.005181,0.022341,0.680415,-0.732486,0.031644,0.731820,0.680762),fov=37.000000,dt=0.017833},
	{cf=CFrame.new(1.273193,1270.325195,-1039.550781,0.999249,-0.038388,-0.005181,0.022341,0.680415,-0.732486,0.031644,0.731820,0.680762),fov=37.000000,dt=0.013641},
	{cf=CFrame.new(1.278809,1270.475586,-1039.688477,0.999249,-0.038388,-0.005181,0.022341,0.680415,-0.732486,0.031644,0.731820,0.680762),fov=37.000000,dt=0.016122},
	{cf=CFrame.new(1.283295,1270.623535,-1039.821045,0.999250,-0.038388,-0.005181,0.022341,0.680415,-0.732486,0.031644,0.731821,0.680762),fov=37.000000,dt=0.016777},
	{cf=CFrame.new(1.284576,1270.774414,-1039.947876,0.999250,-0.038388,-0.005182,0.022341,0.680415,-0.732486,0.031644,0.731820,0.680762),fov=37.000000,dt=0.017777},
	{cf=CFrame.new(1.281006,1270.898193,-1040.058838,0.999249,-0.038388,-0.005181,0.022341,0.680415,-0.732486,0.031644,0.731820,0.680762),fov=37.000000,dt=0.016260},
	{cf=CFrame.new(1.276093,1271.007935,-1040.161011,0.999249,-0.038388,-0.005181,0.022341,0.680415,-0.732486,0.031644,0.731821,0.680762),fov=37.000000,dt=0.015612},
	{cf=CFrame.new(1.267517,1271.109131,-1040.267334,0.999249,-0.038388,-0.005181,0.022341,0.680415,-0.732486,0.031644,0.731820,0.680762),fov=37.000000,dt=0.016960},
	{cf=CFrame.new(1.260651,1271.240234,-1040.375977,0.999249,-0.038388,-0.005181,0.022341,0.680415,-0.732486,0.031644,0.731820,0.680762),fov=37.000000,dt=0.016648},
	{cf=CFrame.new(1.248138,1271.467651,-1040.511353,0.999250,-0.038388,-0.005181,0.022341,0.680415,-0.732486,0.031644,0.731820,0.680762),fov=37.000000,dt=0.016591},
	{cf=CFrame.new(1.240631,1271.733398,-1040.665649,0.999250,-0.038388,-0.005181,0.022341,0.680416,-0.732486,0.031644,0.731820,0.680762),fov=37.000000,dt=0.019687},
	{cf=CFrame.new(1.237091,1271.968140,-1040.803467,0.999249,-0.038388,-0.005181,0.022341,0.680416,-0.732486,0.031644,0.731820,0.680763),fov=37.000000,dt=0.017691},
	{cf=CFrame.new(46.645844,1272.487183,-1043.651733,0.400782,0.113246,0.909147,0.187920,0.961071,-0.202556,-0.896694,0.252027,0.363899),fov=37.000000,dt=0.015727},
	{cf=CFrame.new(61.935120,1272.554199,-1044.444336,0.000279,0.036238,0.999343,0.103375,0.993988,-0.036072,-0.994642,0.103317,-0.003468),fov=37.000000,dt=0.014444},
	{cf=CFrame.new(61.893311,1272.803711,-1044.721191,0.000279,0.036238,0.999343,0.103375,0.993988,-0.036072,-0.994642,0.103317,-0.003469),fov=37.000000,dt=0.015718},
	{cf=CFrame.new(61.839783,1273.048340,-1044.970459,0.000279,0.036238,0.999343,0.103375,0.993988,-0.036072,-0.994642,0.103317,-0.003469),fov=37.000000,dt=0.016344},
	{cf=CFrame.new(61.757294,1273.384155,-1045.185059,0.000279,0.036238,0.999343,0.103375,0.993988,-0.036072,-0.994642,0.103317,-0.003469),fov=37.000000,dt=0.016806},
	{cf=CFrame.new(61.664276,1273.794067,-1045.417236,0.000279,0.036238,0.999343,0.103375,0.993988,-0.036072,-0.994642,0.103317,-0.003469),fov=37.000000,dt=0.021520},
	{cf=CFrame.new(61.610474,1274.118408,-1045.660767,0.000279,0.036238,0.999343,0.103375,0.993988,-0.036072,-0.994642,0.103317,-0.003469),fov=37.000000,dt=0.012275},
	{cf=CFrame.new(61.569275,1274.484619,-1045.957642,0.000279,0.036238,0.999343,0.103375,0.993988,-0.036072,-0.994642,0.103317,-0.003469),fov=37.000000,dt=0.016062},
	{cf=CFrame.new(61.567841,1274.756104,-1046.148315,0.000279,0.036238,0.999343,0.103375,0.993988,-0.036072,-0.994642,0.103317,-0.003469),fov=37.000000,dt=0.017634},
	{cf=CFrame.new(61.580688,1274.973633,-1046.288696,0.000279,0.036238,0.999343,0.103375,0.993988,-0.036072,-0.994642,0.103317,-0.003469),fov=37.000000,dt=0.016235},
	{cf=CFrame.new(61.667999,1275.288574,-1046.443481,0.000279,0.036238,0.999343,0.103375,0.993988,-0.036072,-0.994642,0.103317,-0.003469),fov=37.000000,dt=0.018578},
	{cf=CFrame.new(61.781433,1275.602051,-1046.578857,0.000279,0.036238,0.999343,0.103375,0.993988,-0.036072,-0.994642,0.103317,-0.003469),fov=37.000000,dt=0.015882},
	{cf=CFrame.new(61.912964,1275.859985,-1046.851074,0.000279,0.036238,0.999343,0.103375,0.993988,-0.036072,-0.994642,0.103317,-0.003469),fov=37.000000,dt=0.015684},
	{cf=CFrame.new(62.050781,1276.107910,-1047.177979,0.000279,0.036238,0.999343,0.103375,0.993988,-0.036072,-0.994642,0.103317,-0.003469),fov=37.000000,dt=0.016718},
	{cf=CFrame.new(62.089966,1276.345459,-1047.450317,0.000279,0.036238,0.999343,0.103375,0.993988,-0.036072,-0.994642,0.103317,-0.003469),fov=37.000000,dt=0.016214},
	{cf=CFrame.new(62.095245,1276.589111,-1047.711548,0.000279,0.036238,0.999343,0.103375,0.993988,-0.036072,-0.994642,0.103317,-0.003469),fov=37.000000,dt=0.017203},
	{cf=CFrame.new(62.013214,1276.847168,-1047.934570,0.000279,0.036238,0.999343,0.103375,0.993988,-0.036072,-0.994642,0.103317,-0.003469),fov=37.000000,dt=0.016940},
	{cf=CFrame.new(61.901123,1277.103638,-1048.139648,0.000279,0.036238,0.999343,0.103375,0.993988,-0.036072,-0.994642,0.103317,-0.003469),fov=37.000000,dt=0.016162},
	{cf=CFrame.new(61.825073,1277.355225,-1048.291748,0.000279,0.036238,0.999343,0.103375,0.993988,-0.036072,-0.994642,0.103317,-0.003469),fov=37.000000,dt=0.016266},
	{cf=CFrame.new(61.761658,1277.612549,-1048.431641,0.000279,0.036238,0.999343,0.103375,0.993988,-0.036072,-0.994642,0.103317,-0.003469),fov=37.000000,dt=0.017232},
	{cf=CFrame.new(61.775848,1277.895874,-1048.503174,0.000279,0.036238,0.999343,0.103375,0.993988,-0.036072,-0.994642,0.103317,-0.003469),fov=37.000000,dt=0.016553},
	{cf=CFrame.new(61.817047,1278.189941,-1048.552734,0.000279,0.036238,0.999343,0.103375,0.993988,-0.036072,-0.994642,0.103317,-0.003469),fov=37.000000,dt=0.016561},
	{cf=CFrame.new(61.895477,1278.425049,-1048.757812,0.000279,0.036238,0.999343,0.103375,0.993988,-0.036072,-0.994642,0.103317,-0.003469),fov=37.000000,dt=0.016274},
	{cf=CFrame.new(61.987030,1278.655273,-1049.029419,0.000279,0.036238,0.999343,0.103375,0.993988,-0.036072,-0.994642,0.103317,-0.003469),fov=37.000000,dt=0.018110},
	{cf=CFrame.new(61.978973,1278.966919,-1049.310547,0.000279,0.036238,0.999343,0.103375,0.993988,-0.036072,-0.994642,0.103317,-0.003469),fov=37.000000,dt=0.020338},
	{cf=CFrame.new(61.935944,1279.255615,-1049.554199,0.000279,0.036238,0.999343,0.103375,0.993988,-0.036072,-0.994642,0.103317,-0.003469),fov=37.000000,dt=0.014675},
	{cf=CFrame.new(61.908386,1279.538818,-1049.787598,0.000279,0.036238,0.999343,0.103375,0.993988,-0.036072,-0.994642,0.103317,-0.003469),fov=37.000000,dt=0.015043},
	{cf=CFrame.new(61.896942,1279.761230,-1049.969604,0.000279,0.036238,0.999343,0.103375,0.993988,-0.036072,-0.994642,0.103317,-0.003469),fov=37.000000,dt=0.016266},
	{cf=CFrame.new(61.884125,1280.054688,-1050.199341,0.000279,0.036238,0.999343,0.103375,0.993988,-0.036072,-0.994642,0.103317,-0.003469),fov=37.000000,dt=0.016132},
	{cf=CFrame.new(61.872650,1280.376221,-1050.449341,0.000279,0.036238,0.999343,0.103375,0.993988,-0.036072,-0.994642,0.103317,-0.003469),fov=37.000000,dt=0.017843},
	{cf=CFrame.new(61.864075,1280.653809,-1050.621338,0.000279,0.036238,0.999343,0.103375,0.993988,-0.036072,-0.994642,0.103317,-0.003469),fov=37.000000,dt=0.017158},
	{cf=CFrame.new(61.856537,1280.910889,-1050.762817,0.000279,0.036238,0.999343,0.103375,0.993988,-0.036072,-0.994642,0.103317,-0.003469),fov=37.000000,dt=0.016332},
	{cf=CFrame.new(61.916168,1281.153076,-1051.004028,0.000279,0.036238,0.999343,0.103375,0.993988,-0.036072,-0.994642,0.103317,-0.003469),fov=37.000000,dt=0.015338},
	{cf=CFrame.new(61.999481,1281.406738,-1051.294067,0.000279,0.036238,0.999343,0.103375,0.993988,-0.036072,-0.994642,0.103317,-0.003469),fov=37.000000,dt=0.017086},
	{cf=CFrame.new(62.005951,1281.771484,-1051.591553,0.000279,0.036238,0.999343,0.103375,0.993988,-0.036072,-0.994642,0.103317,-0.003469),fov=37.000000,dt=0.016521},
	{cf=CFrame.new(61.985840,1282.170410,-1051.888428,0.000279,0.036238,0.999343,0.103375,0.993988,-0.036072,-0.994642,0.103317,-0.003469),fov=37.000000,dt=0.015790},
	{cf=CFrame.new(62.008423,1282.489014,-1052.190674,0.000279,0.036238,0.999343,0.103375,0.993988,-0.036072,-0.994642,0.103317,-0.003469),fov=37.000000,dt=0.017739},
	{cf=CFrame.new(62.045502,1282.765137,-1052.482788,0.000279,0.036238,0.999343,0.103375,0.993988,-0.036072,-0.994642,0.103317,-0.003469),fov=37.000000,dt=0.016688},
	{cf=CFrame.new(61.983093,1283.029785,-1052.681763,0.000279,0.036238,0.999343,0.103375,0.993988,-0.036072,-0.994642,0.103317,-0.003469),fov=37.000000,dt=0.016987},
	{cf=CFrame.new(61.886139,1283.287109,-1052.845947,0.000279,0.036238,0.999343,0.103375,0.993988,-0.036072,-0.994642,0.103317,-0.003469),fov=37.000000,dt=0.016727},
	{cf=CFrame.new(61.758728,1283.529541,-1052.985229,0.000279,0.036238,0.999343,0.103375,0.993988,-0.036072,-0.994642,0.103317,-0.003469),fov=37.000000,dt=0.016750},
	{cf=CFrame.new(61.620667,1283.765747,-1053.114868,0.000279,0.036238,0.999343,0.103375,0.993988,-0.036072,-0.994642,0.103317,-0.003469),fov=37.000000,dt=0.016654},
	{cf=CFrame.new(61.624329,1284.046631,-1053.308472,0.000279,0.036238,0.999343,0.103375,0.993988,-0.036072,-0.994642,0.103317,-0.003469),fov=37.000000,dt=0.016609},
	{cf=CFrame.new(61.677032,1284.342773,-1053.524292,0.000279,0.036238,0.999343,0.103375,0.993988,-0.036072,-0.994642,0.103317,-0.003469),fov=37.000000,dt=0.016596},
	{cf=CFrame.new(61.765228,1284.593262,-1053.764282,0.000279,0.036238,0.999343,0.103375,0.993988,-0.036072,-0.994642,0.103317,-0.003469),fov=37.000000,dt=0.016189},
	{cf=CFrame.new(61.840240,1284.846924,-1054.056763,0.000279,0.036238,0.999343,0.103375,0.993988,-0.036072,-0.994642,0.103317,-0.003469),fov=37.000000,dt=0.019331},
	{cf=CFrame.new(61.897461,1285.070801,-1054.316040,0.000279,0.036238,0.999343,0.103375,0.993988,-0.036072,-0.994642,0.103317,-0.003469),fov=37.000000,dt=0.013639},
	{cf=CFrame.new(61.908997,1285.374756,-1054.594849,0.000279,0.036238,0.999343,0.103375,0.993988,-0.036072,-0.994642,0.103317,-0.003469),fov=37.000000,dt=0.016852},
	{cf=CFrame.new(61.897034,1285.736816,-1054.860840,0.000279,0.036238,0.999343,0.103375,0.993988,-0.036072,-0.994642,0.103317,-0.003469),fov=37.000000,dt=0.015584},
	{cf=CFrame.new(61.877441,1286.144409,-1055.129395,0.000279,0.036238,0.999343,0.103375,0.993988,-0.036072,-0.994642,0.103317,-0.003469),fov=37.000000,dt=0.017887},
	{cf=CFrame.new(61.847504,1285.738525,-1055.244019,0.000278,0.036238,0.999343,0.103375,0.993988,-0.036072,-0.994642,0.103317,-0.003469),fov=37.000000,dt=0.015713},
	{cf=CFrame.new(61.812683,1286.904053,-1055.309204,0.000279,0.036238,0.999343,0.103375,0.993988,-0.036072,-0.994642,0.103317,-0.003469),fov=37.000000,dt=0.016358},
	{cf=CFrame.new(61.797943,1286.536011,-1055.155518,0.000278,0.036238,0.999343,0.103375,0.993988,-0.036072,-0.994642,0.103317,-0.003469),fov=37.000000,dt=0.017849},
	{cf=CFrame.new(61.794556,1287.938477,-1054.912598,0.000279,0.036238,0.999343,0.103375,0.993988,-0.036072,-0.994642,0.103317,-0.003469),fov=37.000000,dt=0.015127},
	{cf=CFrame.new(61.834869,1288.607056,-1054.920044,0.000278,0.036238,0.999343,0.103375,0.993988,-0.036072,-0.994642,0.103317,-0.003469),fov=37.000000,dt=0.018427},
	{cf=CFrame.new(61.895752,1288.772461,-1055.424194,0.000279,0.036238,0.999343,0.103375,0.993988,-0.036072,-0.994642,0.103317,-0.003469),fov=37.000000,dt=0.015072},
	{cf=CFrame.new(61.864960,1288.572510,-1055.583740,0.000278,0.036238,0.999343,0.103375,0.993988,-0.036072,-0.994642,0.103317,-0.003469),fov=37.000000,dt=0.017634},
	{cf=CFrame.new(61.803223,1288.226562,-1056.802002,0.000278,0.036238,0.999343,0.103375,0.993988,-0.036072,-0.994642,0.103317,-0.003469),fov=37.000000,dt=0.017654},
	{cf=CFrame.new(61.758606,1287.870850,-1056.103516,0.000278,0.036238,0.999343,0.103375,0.993988,-0.036072,-0.994642,0.103317,-0.003469),fov=37.000000,dt=0.015678},
	{cf=CFrame.new(61.716888,1287.528076,-1057.164795,0.000279,0.036238,0.999343,0.103375,0.993988,-0.036072,-0.994642,0.103317,-0.003469),fov=37.000000,dt=0.016501},
	{cf=CFrame.new(61.687439,1287.897461,-1057.415039,0.000279,0.036238,0.999343,0.103375,0.993988,-0.036072,-0.994642,0.103317,-0.003469),fov=37.000000,dt=0.016198},
	{cf=CFrame.new(61.658661,1288.523193,-1057.084839,0.000279,0.036238,0.999343,0.103375,0.993988,-0.036072,-0.994642,0.103317,-0.003469),fov=37.000000,dt=0.017264},
	{cf=CFrame.new(61.581665,1288.986572,-1056.864014,0.000279,0.036238,0.999343,0.103375,0.993988,-0.036072,-0.994642,0.103317,-0.003469),fov=37.000000,dt=0.017625},
	{cf=CFrame.new(61.489777,1289.374756,-1056.673218,0.000279,0.036238,0.999343,0.103375,0.993988,-0.036072,-0.994642,0.103317,-0.003469),fov=37.000000,dt=0.015755},
	{cf=CFrame.new(61.346252,1289.777588,-1056.671631,0.000279,0.036238,0.999343,0.103375,0.993988,-0.036072,-0.994642,0.103317,-0.003469),fov=37.000000,dt=0.033353},
	{cf=CFrame.new(61.269562,1289.954346,-1056.775757,0.000279,0.036238,0.999343,0.103375,0.993988,-0.036072,-0.994642,0.103317,-0.003469),fov=37.000000,dt=0.011618},
	{cf=CFrame.new(61.220245,1290.243164,-1057.002197,0.000279,0.036238,0.999343,0.103375,0.993988,-0.036072,-0.994642,0.103317,-0.003469),fov=37.000000,dt=0.010104},
	{cf=CFrame.new(61.225311,1290.447754,-1057.122192,0.000279,0.036238,0.999343,0.103375,0.993988,-0.036072,-0.994642,0.103317,-0.003469),fov=37.000000,dt=0.011314},
	{cf=CFrame.new(61.236572,1290.747559,-1057.302734,0.000279,0.036238,0.999343,0.103375,0.993988,-0.036072,-0.994642,0.103317,-0.003469),fov=37.000000,dt=0.016092},
	{cf=CFrame.new(61.272766,1290.992676,-1057.547119,0.000279,0.036238,0.999343,0.103375,0.993988,-0.036072,-0.994642,0.103317,-0.003469),fov=37.000000,dt=0.017841},
	{cf=CFrame.new(61.318054,1291.179810,-1057.791260,0.000279,0.036238,0.999343,0.103375,0.993988,-0.036072,-0.994642,0.103317,-0.003469),fov=37.000000,dt=0.015951},
	{cf=CFrame.new(61.337311,1291.404663,-1058.130737,0.000279,0.036238,0.999343,0.103375,0.993988,-0.036072,-0.994642,0.103317,-0.003469),fov=37.000000,dt=0.017426},
	{cf=CFrame.new(61.349976,1291.630127,-1058.493286,0.000279,0.036238,0.999343,0.103375,0.993988,-0.036072,-0.994642,0.103317,-0.003469),fov=37.000000,dt=0.016263},
	{cf=CFrame.new(61.389709,1291.942505,-1058.822632,0.000279,0.036238,0.999343,0.103375,0.993988,-0.036072,-0.994642,0.103317,-0.003469),fov=37.000000,dt=0.016316},
	{cf=CFrame.new(61.439087,1292.292725,-1059.149902,0.000279,0.036238,0.999343,0.103375,0.993988,-0.036072,-0.994642,0.103317,-0.003469),fov=37.000000,dt=0.016955},
	{cf=CFrame.new(61.474274,1292.638062,-1059.440552,0.000279,0.036238,0.999343,0.103375,0.993988,-0.036072,-0.994642,0.103317,-0.003469),fov=37.000000,dt=0.016307},
	{cf=CFrame.new(61.504395,1292.996582,-1059.736084,0.000279,0.036238,0.999343,0.103375,0.993988,-0.036072,-0.994642,0.103317,-0.003469),fov=37.000000,dt=0.017549},
	{cf=CFrame.new(61.487701,1293.313477,-1060.046143,0.000279,0.036238,0.999343,0.103375,0.993988,-0.036072,-0.994642,0.103317,-0.003469),fov=37.000000,dt=0.017405},
	{cf=CFrame.new(61.455597,1293.608887,-1060.355469,0.000279,0.036238,0.999343,0.103375,0.993988,-0.036072,-0.994642,0.103317,-0.003469),fov=37.000000,dt=0.016382},
	{cf=CFrame.new(61.451385,1293.867310,-1060.665527,0.000279,0.036238,0.999343,0.103375,0.993988,-0.036072,-0.994642,0.103317,-0.003469),fov=37.000000,dt=0.016349},
	{cf=CFrame.new(61.457123,1294.110229,-1060.976807,0.000279,0.036238,0.999343,0.103375,0.993988,-0.036072,-0.994642,0.103317,-0.003469),fov=37.000000,dt=0.015692},
	{cf=CFrame.new(61.457886,1294.345215,-1061.265625,0.000279,0.036238,0.999343,0.103375,0.993988,-0.036072,-0.994642,0.103317,-0.003469),fov=37.000000,dt=0.016560},
	{cf=CFrame.new(61.456665,1294.589111,-1061.566406,0.000279,0.036238,0.999343,0.103375,0.993988,-0.036072,-0.994642,0.103317,-0.003469),fov=37.000000,dt=0.017612},
	{cf=CFrame.new(61.447998,1294.856934,-1061.832397,0.000279,0.036238,0.999343,0.103375,0.993988,-0.036072,-0.994642,0.103317,-0.003469),fov=37.000000,dt=0.015992},
	{cf=CFrame.new(61.436371,1295.161865,-1062.128418,0.000279,0.036238,0.999343,0.103375,0.993988,-0.036072,-0.994642,0.103317,-0.003469),fov=37.000000,dt=0.017772},
	{cf=CFrame.new(61.449768,1295.501831,-1062.415771,0.000279,0.036238,0.999343,0.103375,0.993988,-0.036072,-0.994642,0.103317,-0.003469),fov=37.000000,dt=0.015992},
	{cf=CFrame.new(61.483063,1295.876221,-1062.819092,0.000279,0.036238,0.999343,0.103375,0.993988,-0.036072,-0.994642,0.103317,-0.003469),fov=37.000000,dt=0.015683},
	{cf=CFrame.new(61.521454,1296.273926,-1063.290283,0.000279,0.036238,0.999343,0.103375,0.993988,-0.036072,-0.994642,0.103317,-0.003469),fov=37.000000,dt=0.016892},
	{cf=CFrame.new(61.442230,1296.595093,-1063.706909,0.000279,0.036238,0.999343,0.103375,0.993988,-0.036072,-0.994642,0.103317,-0.003469),fov=37.000000,dt=0.017478},
	{cf=CFrame.new(61.323273,1296.876953,-1064.087769,0.000279,0.036238,0.999343,0.103375,0.993988,-0.036072,-0.994642,0.103317,-0.003469),fov=37.000000,dt=0.016473},
	{cf=CFrame.new(61.300354,1297.237305,-1064.499756,0.000279,0.036238,0.999343,0.103375,0.993988,-0.036072,-0.994642,0.103317,-0.003469),fov=37.000000,dt=0.018003},
	{cf=CFrame.new(61.313477,1297.722900,-1065.041382,0.000279,0.036238,0.999343,0.103375,0.993988,-0.036072,-0.994642,0.103317,-0.003469),fov=37.000000,dt=0.025256},
	{cf=CFrame.new(61.360504,1298.082520,-1065.443604,0.000279,0.036238,0.999343,0.103375,0.993988,-0.036072,-0.994642,0.103317,-0.003469),fov=37.000000,dt=0.014577},
	{cf=CFrame.new(61.430695,1298.454834,-1065.859863,0.000279,0.036238,0.999343,0.103375,0.993988,-0.036072,-0.994642,0.103317,-0.003469),fov=37.000000,dt=0.010976},
	{cf=CFrame.new(61.431213,1298.771729,-1066.224243,0.000279,0.036238,0.999343,0.103375,0.993988,-0.036072,-0.994642,0.103317,-0.003469),fov=37.000000,dt=0.013361},
	{cf=CFrame.new(61.435425,1299.275513,-1066.766846,0.000279,0.036238,0.999343,0.103375,0.993988,-0.036072,-0.994642,0.103317,-0.003469),fov=37.000000,dt=0.019025},
	{cf=CFrame.new(61.497681,1299.891113,-1067.346313,0.000279,0.036238,0.999343,0.103375,0.993988,-0.036072,-0.994642,0.103317,-0.003469),fov=37.000000,dt=0.016177},
	{cf=CFrame.new(61.582550,1300.673218,-1068.047607,0.000279,0.036238,0.999343,0.103375,0.993988,-0.036072,-0.994642,0.103317,-0.003469),fov=37.000000,dt=0.017335},
	{cf=CFrame.new(61.613220,1301.554932,-1068.791748,0.000279,0.036238,0.999343,0.103375,0.993988,-0.036072,-0.994642,0.103317,-0.003469),fov=37.000000,dt=0.015627},
	{cf=CFrame.new(61.625885,1302.596924,-1069.655640,0.000279,0.036238,0.999343,0.103375,0.993988,-0.036072,-0.994642,0.103317,-0.003469),fov=37.000000,dt=0.015967},
	{cf=CFrame.new(61.550446,1303.828369,-1070.714355,0.000279,0.036238,0.999343,0.103375,0.993988,-0.036072,-0.994642,0.103317,-0.003469),fov=37.000000,dt=0.017185},
	{cf=CFrame.new(61.442871,1305.110718,-1071.820923,0.000279,0.036238,0.999343,0.103375,0.993988,-0.036072,-0.994642,0.103317,-0.003469),fov=37.000000,dt=0.015846},
	{cf=CFrame.new(61.417908,1306.703613,-1073.210205,0.000279,0.036238,0.999343,0.103375,0.993988,-0.036072,-0.994642,0.103317,-0.003469),fov=37.000000,dt=0.017388},
	{cf=CFrame.new(61.420380,1308.392578,-1074.683350,0.000279,0.036238,0.999343,0.103375,0.993988,-0.036072,-0.994642,0.103317,-0.003469),fov=37.000000,dt=0.016584},
	{cf=CFrame.new(61.478821,1310.010010,-1076.233032,0.000279,0.036238,0.999343,0.103375,0.993988,-0.036072,-0.994642,0.103317,-0.003469),fov=37.000000,dt=0.016216},
	{cf=CFrame.new(61.557159,1311.746094,-1077.925537,0.000279,0.036238,0.999343,0.103375,0.993988,-0.036072,-0.994642,0.103317,-0.003469),fov=37.000000,dt=0.018364},
	{cf=CFrame.new(61.593231,1313.369873,-1079.406372,0.000278,0.036238,0.999343,0.103375,0.993988,-0.036072,-0.994642,0.103317,-0.003469),fov=37.000000,dt=0.017306},
	{cf=CFrame.new(61.592987,1314.870361,-1080.674316,0.000278,0.036238,0.999343,0.103375,0.993988,-0.036072,-0.994643,0.103317,-0.003469),fov=37.000000,dt=0.015522},
	{cf=CFrame.new(61.585022,1316.398682,-1081.937622,0.000278,0.036238,0.999343,0.103375,0.993988,-0.036072,-0.994643,0.103317,-0.003469),fov=37.000000,dt=0.015787},
	{cf=CFrame.new(61.556122,1318.076172,-1083.256714,0.000279,0.036238,0.999343,0.103375,0.993988,-0.036072,-0.994642,0.103317,-0.003469),fov=37.000000,dt=0.017062},
	{cf=CFrame.new(61.511475,1319.704834,-1084.515747,0.000279,0.036238,0.999343,0.103375,0.993988,-0.036072,-0.994642,0.103317,-0.003469),fov=37.000000,dt=0.015923},
	{cf=CFrame.new(61.463867,1321.427246,-1085.850342,0.000279,0.036238,0.999343,0.103375,0.993988,-0.036072,-0.994642,0.103317,-0.003469),fov=37.000000,dt=0.016986},
	{cf=CFrame.new(61.429626,1323.118896,-1087.217896,0.000279,0.036238,0.999343,0.103375,0.993988,-0.036072,-0.994642,0.103317,-0.003469),fov=37.000000,dt=0.016869},
	{cf=CFrame.new(61.429810,1324.961182,-1088.830933,0.000279,0.036238,0.999343,0.103375,0.993988,-0.036072,-0.994642,0.103317,-0.003469),fov=37.000000,dt=0.017944},
	{cf=CFrame.new(61.445496,1326.636230,-1090.352539,0.000279,0.036238,0.999343,0.103375,0.993988,-0.036072,-0.994642,0.103317,-0.003469),fov=37.000000,dt=0.016585},
	{cf=CFrame.new(61.456085,1328.342773,-1091.904175,0.000279,0.036238,0.999343,0.103375,0.993988,-0.036072,-0.994642,0.103317,-0.003469),fov=37.000000,dt=0.016749},
	{cf=CFrame.new(61.467773,1329.952393,-1093.381958,0.000279,0.036238,0.999343,0.103375,0.993988,-0.036072,-0.994642,0.103317,-0.003469),fov=37.000000,dt=0.015879},
	{cf=CFrame.new(61.475830,1331.517334,-1094.788940,0.000279,0.036238,0.999343,0.103375,0.993988,-0.036072,-0.994642,0.103317,-0.003469),fov=37.000000,dt=0.016068},
	{cf=CFrame.new(61.487915,1333.077148,-1096.186523,0.000279,0.036238,0.999343,0.103375,0.993988,-0.036072,-0.994642,0.103317,-0.003469),fov=37.000000,dt=0.016909},
	{cf=CFrame.new(61.500702,1334.517822,-1097.458984,0.000279,0.036238,0.999343,0.103375,0.993988,-0.036072,-0.994642,0.103317,-0.003469),fov=37.000000,dt=0.015853},
	{cf=CFrame.new(61.572021,1336.055664,-1098.735474,0.000279,0.036238,0.999343,0.103375,0.993988,-0.036072,-0.994642,0.103317,-0.003469),fov=37.000000,dt=0.017718},
	{cf=CFrame.new(61.660919,1337.463013,-1099.874756,0.000279,0.036238,0.999343,0.103375,0.993988,-0.036072,-0.994642,0.103317,-0.003469),fov=37.000000,dt=0.015932},
	{cf=CFrame.new(61.760742,1338.984375,-1101.090942,0.000279,0.036238,0.999343,0.103375,0.993988,-0.036072,-0.994642,0.103317,-0.003469),fov=37.000000,dt=0.019001},
	{cf=CFrame.new(61.852905,1340.328369,-1102.138916,0.000279,0.036238,0.999343,0.103375,0.993988,-0.036072,-0.994642,0.103317,-0.003469),fov=37.000000,dt=0.016396},
	{cf=CFrame.new(61.920807,1341.644653,-1103.166138,0.000279,0.036238,0.999343,0.103375,0.993988,-0.036072,-0.994642,0.103317,-0.003469),fov=37.000000,dt=0.017454},
	{cf=CFrame.new(61.944611,1342.774414,-1104.030029,0.000280,0.036238,0.999343,0.103375,0.993988,-0.036072,-0.994642,0.103317,-0.003468),fov=37.000000,dt=0.014623},
	{cf=CFrame.new(14.530853,1370.369507,-1127.622803,-0.864876,-0.090992,0.493670,-0.141562,0.987730,-0.065951,-0.481612,-0.126925,-0.867145),fov=37.000000,dt=0.015725},
	{cf=CFrame.new(-1.568542,1380.390015,-1135.782471,-0.975989,-0.161580,0.146076,-0.179747,0.976228,-0.121117,-0.123034,-0.144465,-0.981831),fov=37.000000,dt=0.016713},
	{cf=CFrame.new(-1.523743,1380.955811,-1136.296997,-0.975989,-0.161580,0.146076,-0.179747,0.976228,-0.121116,-0.123034,-0.144465,-0.981831),fov=37.000000,dt=0.018154},
	{cf=CFrame.new(-1.482178,1381.490723,-1136.782471,-0.975989,-0.161580,0.146076,-0.179747,0.976228,-0.121116,-0.123034,-0.144465,-0.981831),fov=37.000000,dt=0.018783},
	{cf=CFrame.new(-1.432922,1382.176025,-1137.394775,-0.975988,-0.161580,0.146077,-0.179747,0.976228,-0.121116,-0.123034,-0.144464,-0.981831),fov=37.000000,dt=0.026469},
	{cf=CFrame.new(-1.397614,1382.720825,-1137.875854,-0.975988,-0.161580,0.146077,-0.179747,0.976228,-0.121116,-0.123034,-0.144464,-0.981831),fov=37.000000,dt=0.023589},
	{cf=CFrame.new(-1.378632,1383.031372,-1138.145508,-0.975988,-0.161580,0.146077,-0.179747,0.976228,-0.121116,-0.123034,-0.144464,-0.981831),fov=37.000000,dt=0.014370},
	{cf=CFrame.new(-1.365814,1383.276978,-1138.363892,-0.975988,-0.161580,0.146077,-0.179747,0.976228,-0.121116,-0.123034,-0.144464,-0.981831),fov=37.000000,dt=0.011936},
	{cf=CFrame.new(-1.356384,1383.470337,-1138.535767,-0.975988,-0.161580,0.146077,-0.179747,0.976228,-0.121116,-0.123034,-0.144464,-0.981831),fov=37.000000,dt=0.009782},
	{cf=CFrame.new(-1.347382,1383.694458,-1138.734009,-0.975989,-0.161580,0.146076,-0.179747,0.976228,-0.121116,-0.123034,-0.144464,-0.981831),fov=37.000000,dt=0.012358},
	{cf=CFrame.new(-1.348419,1383.962402,-1138.966187,-0.975988,-0.161580,0.146077,-0.179747,0.976228,-0.121116,-0.123034,-0.144465,-0.981831),fov=37.000000,dt=0.016515},
	{cf=CFrame.new(-1.356110,1384.227173,-1139.193726,-0.975988,-0.161580,0.146077,-0.179747,0.976228,-0.121116,-0.123034,-0.144464,-0.981831),fov=37.000000,dt=0.017850},
	{cf=CFrame.new(-1.368011,1384.433228,-1139.369385,-0.975988,-0.161580,0.146077,-0.179747,0.976228,-0.121116,-0.123034,-0.144465,-0.981831),fov=37.000000,dt=0.015143},
	{cf=CFrame.new(-1.367218,1384.659180,-1139.573120,-0.975988,-0.161580,0.146077,-0.179747,0.976228,-0.121116,-0.123034,-0.144465,-0.981831),fov=37.000000,dt=0.017148},
	{cf=CFrame.new(-1.364349,1384.882080,-1139.778076,-0.975988,-0.161580,0.146077,-0.179747,0.976228,-0.121116,-0.123034,-0.144464,-0.981831),fov=37.000000,dt=0.018131},
	{cf=CFrame.new(-1.362671,1385.054077,-1139.938599,-0.975989,-0.161580,0.146076,-0.179747,0.976228,-0.121116,-0.123034,-0.144464,-0.981831),fov=37.000000,dt=0.015033},
	{cf=CFrame.new(-1.370819,1385.217529,-1140.088623,-0.975988,-0.161580,0.146077,-0.179747,0.976228,-0.121116,-0.123034,-0.144464,-0.981831),fov=37.000000,dt=0.016633},
	{cf=CFrame.new(-1.383514,1385.367798,-1140.226929,-0.975988,-0.161580,0.146077,-0.179747,0.976228,-0.121116,-0.123034,-0.144464,-0.981831),fov=37.000000,dt=0.017135},
	{cf=CFrame.new(-1.397675,1385.507446,-1140.356934,-0.975988,-0.161580,0.146077,-0.179747,0.976228,-0.121116,-0.123034,-0.144465,-0.981831),fov=37.000000,dt=0.017442},
	{cf=CFrame.new(-1.412201,1385.633911,-1140.464966,-0.975988,-0.161580,0.146077,-0.179747,0.976228,-0.121116,-0.123034,-0.144465,-0.981831),fov=37.000000,dt=0.015498},
	{cf=CFrame.new(-1.428894,1385.764038,-1140.573853,-0.975988,-0.161580,0.146077,-0.179747,0.976228,-0.121116,-0.123034,-0.144464,-0.981831),fov=37.000000,dt=0.016646},
	{cf=CFrame.new(-1.445496,1385.880981,-1140.672241,-0.975989,-0.161580,0.146076,-0.179747,0.976228,-0.121116,-0.123034,-0.144464,-0.981831),fov=37.000000,dt=0.016150},
	{cf=CFrame.new(-1.464722,1385.990845,-1140.768555,-0.975989,-0.161580,0.146076,-0.179747,0.976228,-0.121116,-0.123034,-0.144464,-0.981831),fov=37.000000,dt=0.017014},
	{cf=CFrame.new(-1.486450,1386.101196,-1140.868286,-0.975989,-0.161580,0.146076,-0.179747,0.976228,-0.121116,-0.123034,-0.144464,-0.981831),fov=37.000000,dt=0.018977},
	{cf=CFrame.new(-1.505524,1386.189453,-1140.947876,-0.975989,-0.161580,0.146076,-0.179747,0.976228,-0.121116,-0.123034,-0.144464,-0.981831),fov=37.000000,dt=0.016495},
	{cf=CFrame.new(-1.524780,1386.247925,-1141.025024,-0.975988,-0.161580,0.146077,-0.179747,0.976228,-0.121116,-0.123034,-0.144464,-0.981831),fov=37.000000,dt=0.014990},
	{cf=CFrame.new(-1.546295,1386.303833,-1141.109863,-0.975988,-0.161580,0.146077,-0.179747,0.976228,-0.121116,-0.123034,-0.144464,-0.981831),fov=37.000000,dt=0.017021},
	{cf=CFrame.new(-1.566284,1386.349243,-1141.184814,-0.975988,-0.161580,0.146077,-0.179747,0.976228,-0.121116,-0.123034,-0.144465,-0.981831),fov=37.000000,dt=0.015942},
	{cf=CFrame.new(-1.576965,1386.414917,-1141.246704,-0.975988,-0.161580,0.146077,-0.179747,0.976228,-0.121116,-0.123034,-0.144465,-0.981831),fov=37.000000,dt=0.016484},
	{cf=CFrame.new(-1.586548,1386.493774,-1141.311157,-0.975988,-0.161580,0.146077,-0.179747,0.976228,-0.121116,-0.123034,-0.144464,-0.981831),fov=37.000000,dt=0.019681},
	{cf=CFrame.new(-1.592529,1386.557251,-1141.359741,-0.975989,-0.161580,0.146076,-0.179747,0.976228,-0.121116,-0.123034,-0.144464,-0.981831),fov=37.000000,dt=0.016581},
	{cf=CFrame.new(-1.611725,1386.593872,-1141.403564,-0.975989,-0.161580,0.146076,-0.179747,0.976228,-0.121116,-0.123034,-0.144464,-0.981831),fov=37.000000,dt=0.014606},
	{cf=CFrame.new(-1.637115,1386.624634,-1141.450317,-0.975988,-0.161580,0.146077,-0.179747,0.976228,-0.121116,-0.123034,-0.144464,-0.981831),fov=37.000000,dt=0.016124},
	{cf=CFrame.new(-1.662384,1386.653198,-1141.495361,-0.975988,-0.161580,0.146077,-0.179747,0.976228,-0.121116,-0.123034,-0.144465,-0.981831),fov=37.000000,dt=0.016681},
	{cf=CFrame.new(-1.674896,1386.691040,-1141.541870,-0.975988,-0.161580,0.146077,-0.179747,0.976228,-0.121116,-0.123034,-0.144464,-0.981831),fov=37.000000,dt=0.016524},
	{cf=CFrame.new(-1.683014,1386.730835,-1141.588013,-0.975988,-0.161580,0.146077,-0.179747,0.976228,-0.121116,-0.123034,-0.144464,-0.981831),fov=37.000000,dt=0.016848},
	{cf=CFrame.new(-1.690582,1386.767822,-1141.632202,-0.975989,-0.161580,0.146076,-0.179747,0.976228,-0.121116,-0.123034,-0.144464,-0.981831),fov=37.000000,dt=0.016944},
	{cf=CFrame.new(-1.692352,1386.790405,-1141.663208,-0.975989,-0.161580,0.146076,-0.179747,0.976228,-0.121116,-0.123034,-0.144464,-0.981831),fov=37.000000,dt=0.015995},
	{cf=CFrame.new(-1.692505,1386.808350,-1141.690918,-0.975988,-0.161580,0.146077,-0.179747,0.976228,-0.121116,-0.123034,-0.144464,-0.981831),fov=37.000000,dt=0.016951},
	{cf=CFrame.new(-1.691956,1386.824097,-1141.716187,-0.975988,-0.161580,0.146077,-0.179747,0.976228,-0.121116,-0.123034,-0.144465,-0.981831),fov=37.000000,dt=0.016737},
	{cf=CFrame.new(-1.706696,1386.838257,-1141.734985,-0.975988,-0.161580,0.146077,-0.179747,0.976228,-0.121116,-0.123034,-0.144464,-0.981831),fov=37.000000,dt=0.016954},
	{cf=CFrame.new(-1.726410,1386.850952,-1141.750000,-0.975988,-0.161580,0.146077,-0.179747,0.976228,-0.121116,-0.123034,-0.144464,-0.981831),fov=37.000000,dt=0.016944},
	{cf=CFrame.new(-1.745239,1386.861938,-1141.762573,-0.975989,-0.161580,0.146076,-0.179747,0.976228,-0.121116,-0.123034,-0.144464,-0.981831),fov=37.000000,dt=0.016445},
	{cf=CFrame.new(-1.751831,1386.874268,-1141.781738,-0.975989,-0.161580,0.146076,-0.179747,0.976228,-0.121116,-0.123034,-0.144464,-0.981831),fov=37.000000,dt=0.016097},
	{cf=CFrame.new(-1.754333,1386.887817,-1141.804199,-0.975988,-0.161580,0.146077,-0.179747,0.976228,-0.121116,-0.123034,-0.144464,-0.981831),fov=37.000000,dt=0.017402},
	{cf=CFrame.new(-1.756165,1386.900513,-1141.824463,-0.975988,-0.161580,0.146077,-0.179747,0.976228,-0.121116,-0.123034,-0.144465,-0.981831),fov=37.000000,dt=0.017274},
	{cf=CFrame.new(-1.758484,1386.918213,-1141.847412,-0.975988,-0.161580,0.146077,-0.179747,0.976228,-0.121116,-0.123034,-0.144464,-0.981831),fov=37.000000,dt=0.015137},
	{cf=CFrame.new(-1.761475,1386.939575,-1141.873047,-0.975988,-0.161580,0.146077,-0.179747,0.976228,-0.121116,-0.123034,-0.144464,-0.981831),fov=37.000000,dt=0.017031},
	{cf=CFrame.new(-1.763855,1386.959717,-1141.896973,-0.975989,-0.161580,0.146076,-0.179747,0.976228,-0.121116,-0.123034,-0.144464,-0.981831),fov=37.000000,dt=0.016407},
	{cf=CFrame.new(-1.762024,1386.971802,-1141.908813,-0.975989,-0.161580,0.146076,-0.179747,0.976228,-0.121116,-0.123034,-0.144464,-0.981831),fov=37.000000,dt=0.017515},
	{cf=CFrame.new(-1.758209,1386.979614,-1141.915039,-0.975988,-0.161580,0.146077,-0.179747,0.976228,-0.121116,-0.123034,-0.144464,-0.981831),fov=37.000000,dt=0.016331},
	{cf=CFrame.new(-1.754150,1386.986938,-1141.920532,-0.975988,-0.161580,0.146077,-0.179747,0.976228,-0.121116,-0.123034,-0.144465,-0.981831),fov=37.000000,dt=0.016605},
	{cf=CFrame.new(-1.755707,1387.002197,-1141.932617,-0.975988,-0.161580,0.146077,-0.179747,0.976228,-0.121116,-0.123034,-0.144464,-0.981831),fov=37.000000,dt=0.016312},
	{cf=CFrame.new(-1.759186,1387.019897,-1141.946777,-0.975988,-0.161580,0.146077,-0.179747,0.976228,-0.121116,-0.123034,-0.144464,-0.981831),fov=37.000000,dt=0.016398},
	{cf=CFrame.new(-1.762573,1387.037720,-1141.960938,-0.975989,-0.161580,0.146076,-0.179747,0.976228,-0.121116,-0.123034,-0.144464,-0.981831),fov=37.000000,dt=0.017590},
	{cf=CFrame.new(-1.767792,1387.048950,-1141.972046,-0.975989,-0.161580,0.146076,-0.179747,0.976228,-0.121116,-0.123034,-0.144464,-0.981831),fov=37.000000,dt=0.017034},
	{cf=CFrame.new(-1.773590,1387.057739,-1141.981812,-0.975988,-0.161580,0.146077,-0.179747,0.976228,-0.121116,-0.123034,-0.144464,-0.981831),fov=37.000000,dt=0.017332},
	{cf=CFrame.new(-1.779053,1387.065063,-1141.990112,-0.975988,-0.161580,0.146077,-0.179747,0.976228,-0.121116,-0.123034,-0.144465,-0.981831),fov=37.000000,dt=0.015207},
	{cf=CFrame.new(-1.782043,1387.068970,-1141.992798,-0.975988,-0.161580,0.146077,-0.179747,0.976228,-0.121116,-0.123034,-0.144464,-0.981831),fov=37.000000,dt=0.018822},
	{cf=CFrame.new(-1.783813,1387.069458,-1141.990601,-0.975988,-0.161580,0.146077,-0.179747,0.976228,-0.121116,-0.123034,-0.144464,-0.981831),fov=37.000000,dt=0.014847},
	{cf=CFrame.new(-1.785522,1387.069946,-1141.988892,-0.975989,-0.161580,0.146076,-0.179747,0.976228,-0.121116,-0.123034,-0.144464,-0.981831),fov=37.000000,dt=0.016219},
	{cf=CFrame.new(-1.792145,1387.069946,-1141.998535,-0.975988,-0.161580,0.146076,-0.179747,0.976228,-0.121116,-0.123034,-0.144464,-0.981831),fov=37.000000,dt=0.017216},
	{cf=CFrame.new(-1.800476,1387.069702,-1142.011963,-0.975988,-0.161580,0.146077,-0.179747,0.976228,-0.121116,-0.123034,-0.144464,-0.981831),fov=37.000000,dt=0.017620},
	{cf=CFrame.new(-1.808624,1387.068237,-1142.024170,-0.975988,-0.161580,0.146077,-0.179747,0.976228,-0.121116,-0.123034,-0.144465,-0.981831),fov=37.000000,dt=0.014687},
	{cf=CFrame.new(-1.809265,1387.070190,-1142.025879,-0.975988,-0.161580,0.146077,-0.179747,0.976228,-0.121116,-0.123034,-0.144464,-0.981831),fov=37.000000,dt=0.017818},
	{cf=CFrame.new(-1.807159,1387.072266,-1142.022949,-0.975988,-0.161580,0.146077,-0.179747,0.976228,-0.121116,-0.123034,-0.144464,-0.981831),fov=37.000000,dt=0.016173},
	{cf=CFrame.new(-1.804993,1387.074341,-1142.020264,-0.975989,-0.161580,0.146076,-0.179747,0.976228,-0.121116,-0.123034,-0.144464,-0.981831),fov=37.000000,dt=0.017777},
	{cf=CFrame.new(-1.804688,1387.073364,-1142.033081,-0.975988,-0.161580,0.146076,-0.179747,0.976228,-0.121116,-0.123034,-0.144464,-0.981831),fov=37.000000,dt=0.015886},
	{cf=CFrame.new(-1.804993,1387.071411,-1142.051758,-0.975988,-0.161580,0.146077,-0.179747,0.976228,-0.121116,-0.123034,-0.144464,-0.981831),fov=37.000000,dt=0.015963},
	{cf=CFrame.new(-1.805176,1387.069092,-1142.070312,-0.975988,-0.161580,0.146077,-0.179747,0.976228,-0.121116,-0.123034,-0.144465,-0.981831),fov=37.000000,dt=0.016362},
	{cf=CFrame.new(-1.806427,1387.077637,-1142.075195,-0.975988,-0.161580,0.146077,-0.179747,0.976228,-0.121116,-0.123034,-0.144464,-0.981831),fov=37.000000,dt=0.017744},
	{cf=CFrame.new(-1.808044,1387.089478,-1142.074585,-0.975988,-0.161580,0.146077,-0.179747,0.976228,-0.121116,-0.123034,-0.144464,-0.981831),fov=37.000000,dt=0.016081},
	{cf=CFrame.new(-1.809540,1387.101318,-1142.074097,-0.975989,-0.161580,0.146076,-0.179747,0.976228,-0.121116,-0.123034,-0.144464,-0.981831),fov=37.000000,dt=0.016848},
	{cf=CFrame.new(-1.804016,1387.109009,-1142.072754,-0.975988,-0.161580,0.146076,-0.179747,0.976228,-0.121116,-0.123034,-0.144464,-0.981831),fov=37.000000,dt=0.016443},
	{cf=CFrame.new(-1.795959,1387.115356,-1142.071411,-0.975988,-0.161580,0.146077,-0.179747,0.976228,-0.121116,-0.123034,-0.144464,-0.981831),fov=37.000000,dt=0.017720},
	{cf=CFrame.new(-1.787903,1387.121216,-1142.069580,-0.975988,-0.161580,0.146077,-0.179747,0.976228,-0.121116,-0.123034,-0.144465,-0.981831),fov=37.000000,dt=0.016212},
	{cf=CFrame.new(-1.782776,1387.123169,-1142.081787,-0.975988,-0.161580,0.146077,-0.179747,0.976228,-0.121116,-0.123034,-0.144464,-0.981831),fov=37.000000,dt=0.016395},
	{cf=CFrame.new(-1.778595,1387.123413,-1142.099121,-0.975988,-0.161580,0.146077,-0.179747,0.976228,-0.121116,-0.123034,-0.144464,-0.981831),fov=37.000000,dt=0.017097},
	{cf=CFrame.new(-1.774353,1387.123657,-1142.116577,-0.975989,-0.161580,0.146076,-0.179747,0.976228,-0.121116,-0.123034,-0.144464,-0.981831),fov=37.000000,dt=0.017316},
	{cf=CFrame.new(-1.773987,1387.121460,-1142.116211,-0.975988,-0.161580,0.146076,-0.179747,0.976228,-0.121116,-0.123034,-0.144464,-0.981831),fov=37.000000,dt=0.015592},
	{cf=CFrame.new(-1.774719,1387.118530,-1142.110352,-0.975988,-0.161580,0.146077,-0.179747,0.976228,-0.121116,-0.123034,-0.144464,-0.981831),fov=37.000000,dt=0.017012},
	{cf=CFrame.new(-1.775543,1387.115356,-1142.104126,-0.975988,-0.161580,0.146077,-0.179747,0.976228,-0.121116,-0.123034,-0.144465,-0.981831),fov=37.000000,dt=0.016325},
	{cf=CFrame.new(-1.773315,1387.109619,-1142.107666,-0.975988,-0.161580,0.146077,-0.179747,0.976228,-0.121116,-0.123034,-0.144464,-0.981831),fov=45.000000,dt=0.016851},
	{cf=CFrame.new(-1.770630,1387.098511,-1142.116821,-0.975988,-0.161580,0.146077,-0.179747,0.976228,-0.121116,-0.123034,-0.144464,-0.981831),fov=45.000000,dt=0.017216},
	{cf=CFrame.new(-1.768463,1387.082153,-1142.127808,-0.975988,-0.161580,0.146076,-0.179747,0.976228,-0.121116,-0.123034,-0.144464,-0.981831),fov=45.000000,dt=0.017458},
	{cf=CFrame.new(-1.782104,1387.066772,-1142.146362,-0.975989,-0.161580,0.146076,-0.179747,0.976228,-0.121117,-0.123034,-0.144465,-0.981831),fov=45.000000,dt=0.015151},
	{cf=CFrame.new(1.668976,1387.311768,-1143.508667,0.601718,0.130185,0.788027,-0.046830,0.990680,-0.127906,-0.797334,0.040061,0.602207),fov=45.000000,dt=0.015925},
	{cf=CFrame.new(2.517120,1387.280029,-1142.344849,0.978775,0.088529,0.184830,-0.045422,0.973164,-0.225586,-0.199841,0.212403,0.956529),fov=45.000000,dt=0.016894},
	{cf=CFrame.new(2.502319,1387.241699,-1142.381348,0.978775,0.088529,0.184830,-0.045422,0.973164,-0.225587,-0.199841,0.212403,0.956529),fov=45.000000,dt=0.014905},
	{cf=CFrame.new(2.480804,1387.201172,-1142.470215,0.978775,0.088529,0.184830,-0.045422,0.973164,-0.225587,-0.199841,0.212403,0.956529),fov=45.000000,dt=0.019862},
	{cf=CFrame.new(2.452881,1387.237427,-1142.682007,0.978775,0.088529,0.184830,-0.045422,0.973164,-0.225587,-0.199841,0.212403,0.956529),fov=45.000000,dt=0.015668},
	{cf=CFrame.new(2.415710,1387.307129,-1142.973511,0.978775,0.088529,0.184830,-0.045422,0.973164,-0.225587,-0.199841,0.212403,0.956529),fov=45.000000,dt=0.014640},
	{cf=CFrame.new(2.360474,1387.380737,-1143.312012,0.978775,0.088529,0.184830,-0.045422,0.973164,-0.225587,-0.199841,0.212403,0.956529),fov=45.000000,dt=0.018670},
	{cf=CFrame.new(2.322083,1387.389404,-1143.587891,0.978775,0.088529,0.184830,-0.045422,0.973164,-0.225587,-0.199841,0.212403,0.956529),fov=45.000000,dt=0.016921},
	{cf=CFrame.new(2.287750,1387.373535,-1143.839478,0.978775,0.088529,0.184830,-0.045422,0.973164,-0.225587,-0.199841,0.212403,0.956529),fov=45.000000,dt=0.017404},
	{cf=CFrame.new(2.258545,1387.350830,-1144.043701,0.978775,0.088529,0.184830,-0.045422,0.973164,-0.225587,-0.199841,0.212403,0.956529),fov=45.000000,dt=0.016089},
	{cf=CFrame.new(2.179657,1387.364746,-1144.210083,0.978775,0.088529,0.184830,-0.045422,0.973164,-0.225587,-0.199841,0.212403,0.956529),fov=45.000000,dt=0.018130},
	{cf=CFrame.new(2.100250,1387.385742,-1144.299194,0.978775,0.088529,0.184830,-0.045422,0.973164,-0.225587,-0.199841,0.212403,0.956529),fov=45.000000,dt=0.014377},
	{cf=CFrame.new(2.013824,1387.403809,-1144.392212,0.978775,0.088529,0.184830,-0.045422,0.973164,-0.225587,-0.199841,0.212403,0.956529),fov=45.000000,dt=0.017346},
	{cf=CFrame.new(1.981140,1387.424072,-1144.522095,0.978775,0.088529,0.184830,-0.045422,0.973164,-0.225587,-0.199841,0.212403,0.956529),fov=45.000000,dt=0.016980},
	{cf=CFrame.new(1.966492,1387.442871,-1144.656372,0.978775,0.088529,0.184830,-0.045422,0.973164,-0.225587,-0.199841,0.212403,0.956529),fov=45.000000,dt=0.017678},
	{cf=CFrame.new(1.960846,1387.459473,-1144.758423,0.978775,0.088529,0.184830,-0.045422,0.973164,-0.225587,-0.199841,0.212403,0.956529),fov=45.000000,dt=0.015069},
	{cf=CFrame.new(1.905090,1387.439941,-1144.830566,0.978775,0.088529,0.184830,-0.045422,0.973164,-0.225587,-0.199841,0.212403,0.956529),fov=45.000000,dt=0.016740},
	{cf=CFrame.new(1.837982,1387.406738,-1144.876099,0.978775,0.088529,0.184830,-0.045422,0.973164,-0.225587,-0.199841,0.212403,0.956529),fov=45.000000,dt=0.016089},
	{cf=CFrame.new(1.770294,1387.368774,-1144.907959,0.978775,0.088529,0.184830,-0.045422,0.973164,-0.225587,-0.199841,0.212403,0.956529),fov=45.000000,dt=0.018211},
	{cf=CFrame.new(1.760712,1387.354492,-1144.915649,0.978775,0.088529,0.184830,-0.045422,0.973164,-0.225587,-0.199841,0.212403,0.956529),fov=45.000000,dt=0.016172},
	{cf=CFrame.new(1.772705,1387.347168,-1144.907471,0.978775,0.088529,0.184830,-0.045422,0.973164,-0.225587,-0.199841,0.212403,0.956529),fov=45.000000,dt=0.015561},
	{cf=CFrame.new(1.786072,1387.336426,-1144.885864,0.978775,0.088529,0.184830,-0.045422,0.973164,-0.225587,-0.199841,0.212403,0.956529),fov=45.000000,dt=0.016715},
	{cf=CFrame.new(1.774902,1387.286499,-1144.871826,0.978775,0.088529,0.184830,-0.045422,0.973164,-0.225587,-0.199841,0.212403,0.956529),fov=45.000000,dt=0.017399},
	{cf=CFrame.new(1.758606,1387.224609,-1144.857178,0.978775,0.088529,0.184830,-0.045422,0.973164,-0.225587,-0.199841,0.212403,0.956529),fov=45.000000,dt=0.016444},
	{cf=CFrame.new(1.744843,1387.162598,-1144.833862,0.978775,0.088529,0.184830,-0.045422,0.973164,-0.225587,-0.199841,0.212403,0.956529),fov=45.000000,dt=0.016570},
	{cf=CFrame.new(1.720093,1387.124512,-1144.754028,0.978775,0.088529,0.184830,-0.045422,0.973164,-0.225587,-0.199841,0.212403,0.956529),fov=45.000000,dt=0.016825},
	{cf=CFrame.new(1.692902,1387.094849,-1144.649292,0.978775,0.088529,0.184830,-0.045422,0.973164,-0.225587,-0.199841,0.212403,0.956529),fov=45.000000,dt=0.017060},
	{cf=CFrame.new(1.668365,1387.066895,-1144.541748,0.978775,0.088529,0.184830,-0.045422,0.973164,-0.225587,-0.199841,0.212403,0.956529),fov=45.000000,dt=0.016334},
	{cf=CFrame.new(1.663574,1387.083008,-1144.462280,0.978775,0.088529,0.184830,-0.045422,0.973164,-0.225587,-0.199841,0.212403,0.956529),fov=45.000000,dt=0.015724},
	{cf=CFrame.new(1.666840,1387.114990,-1144.387207,0.978775,0.088529,0.184830,-0.045422,0.973164,-0.225587,-0.199841,0.212403,0.956529),fov=45.000000,dt=0.016290},
	{cf=CFrame.new(1.672516,1387.149658,-1144.312134,0.978775,0.088529,0.184830,-0.045422,0.973164,-0.225587,-0.199841,0.212403,0.956529),fov=45.000000,dt=0.015892},
	{cf=CFrame.new(1.696777,1387.125488,-1144.227051,0.978775,0.088529,0.184830,-0.045422,0.973164,-0.225587,-0.199841,0.212403,0.956529),fov=45.000000,dt=0.017615},
	{cf=CFrame.new(1.729156,1387.083496,-1144.150879,0.978775,0.088529,0.184830,-0.045422,0.973164,-0.225587,-0.199841,0.212403,0.956529),fov=45.000000,dt=0.015649},
	{cf=CFrame.new(1.765594,1387.042236,-1144.070801,0.978775,0.088529,0.184830,-0.045422,0.973164,-0.225587,-0.199841,0.212403,0.956529),fov=45.000000,dt=0.016769},
	{cf=CFrame.new(1.754333,1387.018433,-1144.004639,0.978775,0.088529,0.184830,-0.045422,0.973164,-0.225587,-0.199841,0.212403,0.956529),fov=45.000000,dt=0.017053},
	{cf=CFrame.new(1.728027,1387.000854,-1143.945557,0.978775,0.088529,0.184830,-0.045422,0.973164,-0.225587,-0.199841,0.212403,0.956529),fov=45.000000,dt=0.016643},
	{cf=CFrame.new(1.705353,1386.983154,-1143.886963,0.978775,0.088529,0.184830,-0.045422,0.973164,-0.225587,-0.199841,0.212403,0.956529),fov=45.000000,dt=0.016534},
	{cf=CFrame.new(1.703430,1386.990845,-1143.803833,0.978775,0.088529,0.184830,-0.045422,0.973164,-0.225587,-0.199841,0.212403,0.956529),fov=45.000000,dt=0.015888},
	{cf=CFrame.new(1.716431,1387.004395,-1143.697266,0.978775,0.088529,0.184830,-0.045422,0.973164,-0.225587,-0.199841,0.212403,0.956529),fov=45.000000,dt=0.019099},
	{cf=CFrame.new(1.727844,1387.025146,-1143.632568,0.978775,0.088529,0.184830,-0.045422,0.973164,-0.225587,-0.199841,0.212403,0.956529),fov=45.000000,dt=0.014449},
	{cf=CFrame.new(1.797821,1387.066162,-1143.712769,0.978775,0.088529,0.184830,-0.045422,0.973164,-0.225587,-0.199841,0.212403,0.956529),fov=45.000000,dt=0.017156},
	{cf=CFrame.new(1.902649,1387.128174,-1143.906616,0.978775,0.088529,0.184830,-0.045422,0.973164,-0.225587,-0.199841,0.212403,0.956529),fov=45.000000,dt=0.017510},
	{cf=CFrame.new(2.021484,1387.203613,-1144.165161,0.978775,0.088529,0.184830,-0.045422,0.973164,-0.225587,-0.199841,0.212403,0.956529),fov=45.000000,dt=0.016074},
	{cf=CFrame.new(2.149414,1387.273682,-1144.443237,0.978775,0.088529,0.184830,-0.045422,0.973164,-0.225587,-0.199841,0.212403,0.956529),fov=45.000000,dt=0.016939},
	{cf=CFrame.new(2.282227,1387.326660,-1144.715332,0.978775,0.088529,0.184830,-0.045422,0.973164,-0.225587,-0.199841,0.212403,0.956529),fov=45.000000,dt=0.018509},
	{cf=CFrame.new(2.396484,1387.357544,-1144.932007,0.978775,0.088529,0.184830,-0.045422,0.973164,-0.225587,-0.199841,0.212403,0.956529),fov=45.000000,dt=0.015839},
	{cf=CFrame.new(2.520508,1387.352783,-1145.183716,0.978775,0.088529,0.184830,-0.045422,0.973164,-0.225587,-0.199841,0.212403,0.956529),fov=45.000000,dt=0.017236},
	{cf=CFrame.new(2.639069,1387.324219,-1145.410522,0.978775,0.088529,0.184830,-0.045422,0.973164,-0.225587,-0.199841,0.212403,0.956529),fov=45.000000,dt=0.016395},
	{cf=CFrame.new(2.769958,1387.280762,-1145.633789,0.978775,0.088529,0.184830,-0.045422,0.973164,-0.225587,-0.199841,0.212403,0.956529),fov=45.000000,dt=0.018142},
	{cf=CFrame.new(2.881012,1387.232300,-1145.768433,0.978775,0.088529,0.184830,-0.045422,0.973164,-0.225587,-0.199841,0.212403,0.956529),fov=45.000000,dt=0.014561},
	{cf=CFrame.new(3.009857,1387.169678,-1145.894165,0.978775,0.088529,0.184830,-0.045422,0.973164,-0.225587,-0.199841,0.212403,0.956529),fov=45.000000,dt=0.016748},
	{cf=CFrame.new(3.141571,1387.094604,-1146.001221,0.978775,0.088529,0.184830,-0.045422,0.973164,-0.225587,-0.199841,0.212403,0.956529),fov=45.000000,dt=0.017006},
	{cf=CFrame.new(3.269653,1387.053955,-1146.088379,0.978775,0.088529,0.184830,-0.045422,0.973164,-0.225587,-0.199841,0.212403,0.956529),fov=45.000000,dt=0.017098},
	{cf=CFrame.new(3.391571,1387.021240,-1146.143188,0.978775,0.088529,0.184830,-0.045422,0.973164,-0.225587,-0.199841,0.212403,0.956529),fov=45.000000,dt=0.016375},
	{cf=CFrame.new(3.519348,1386.974976,-1146.172607,0.978775,0.088529,0.184830,-0.045422,0.973164,-0.225587,-0.199841,0.212403,0.956529),fov=45.000000,dt=0.017114},
	{cf=CFrame.new(3.588348,1386.888916,-1146.213379,0.978775,0.088529,0.184830,-0.045422,0.973164,-0.225587,-0.199841,0.212403,0.956529),fov=45.000000,dt=0.016000},
	{cf=CFrame.new(3.642914,1386.779419,-1146.243896,0.978775,0.088529,0.184830,-0.045422,0.973164,-0.225587,-0.199841,0.212403,0.956529),fov=45.000000,dt=0.016405},
	{cf=CFrame.new(3.701050,1386.659668,-1146.250366,0.978775,0.088529,0.184830,-0.045422,0.973164,-0.225587,-0.199841,0.212403,0.956529),fov=45.000000,dt=0.016854},
	{cf=CFrame.new(3.817047,1386.555664,-1146.206177,0.978775,0.088529,0.184830,-0.045422,0.973164,-0.225587,-0.199841,0.212403,0.956529),fov=45.000000,dt=0.017414},
	{cf=CFrame.new(3.939484,1386.466675,-1146.138062,0.978775,0.088529,0.184830,-0.045422,0.973164,-0.225587,-0.199841,0.212403,0.956529),fov=45.000000,dt=0.015679},
	{cf=CFrame.new(4.072784,1386.364624,-1146.048096,0.978775,0.088529,0.184830,-0.045422,0.973164,-0.225587,-0.199841,0.212403,0.956529),fov=45.000000,dt=0.017340},
	{cf=CFrame.new(4.190460,1386.246582,-1145.970093,0.978775,0.088529,0.184830,-0.045422,0.973164,-0.225587,-0.199841,0.212403,0.956529),fov=45.000000,dt=0.017420},
	{cf=CFrame.new(4.290436,1386.137207,-1145.906494,0.978775,0.088529,0.184830,-0.045422,0.973164,-0.225587,-0.199841,0.212403,0.956529),fov=45.000000,dt=0.016031},
	{cf=CFrame.new(4.388428,1386.034668,-1145.847412,0.978775,0.088529,0.184830,-0.045422,0.973164,-0.225587,-0.199841,0.212403,0.956529),fov=45.000000,dt=0.016325},
	{cf=CFrame.new(4.536072,1385.958496,-1145.744385,0.978775,0.088529,0.184830,-0.045422,0.973164,-0.225587,-0.199841,0.212403,0.956529),fov=45.000000,dt=0.018160},
	{cf=CFrame.new(4.687378,1385.905396,-1145.635864,0.978775,0.088529,0.184830,-0.045422,0.973164,-0.225587,-0.199841,0.212403,0.956529),fov=45.000000,dt=0.017003},
	{cf=CFrame.new(4.821899,1385.868408,-1145.539307,0.978775,0.088529,0.184830,-0.045422,0.973164,-0.225587,-0.199841,0.212403,0.956529),fov=45.000000,dt=0.014618},
	{cf=CFrame.new(4.901855,1385.830933,-1145.521362,0.978775,0.088529,0.184830,-0.045422,0.973164,-0.225587,-0.199841,0.212403,0.956529),fov=45.000000,dt=0.015121},
	{cf=CFrame.new(4.969635,1385.791260,-1145.529053,0.978775,0.088529,0.184830,-0.045422,0.973164,-0.225587,-0.199841,0.212403,0.956529),fov=45.000000,dt=0.016958},
	{cf=CFrame.new(5.031281,1385.758545,-1145.541748,0.978775,0.088529,0.184830,-0.045422,0.973164,-0.225587,-0.199841,0.212403,0.956529),fov=45.000000,dt=0.016394},
	{cf=CFrame.new(5.109924,1385.672119,-1145.504395,0.978775,0.088529,0.184830,-0.045422,0.973164,-0.225587,-0.199841,0.212403,0.956529),fov=45.000000,dt=0.018246},
	{cf=CFrame.new(5.174011,1385.579102,-1145.459595,0.978775,0.088529,0.184830,-0.045422,0.973164,-0.225587,-0.199841,0.212403,0.956529),fov=45.000000,dt=0.015063},
	{cf=CFrame.new(5.243652,1385.486206,-1145.413940,0.978775,0.088529,0.184830,-0.045422,0.973164,-0.225587,-0.199841,0.212403,0.956529),fov=45.000000,dt=0.016667},
	{cf=CFrame.new(5.330627,1385.470215,-1145.363037,0.978775,0.088529,0.184830,-0.045422,0.973164,-0.225587,-0.199841,0.212403,0.956529),fov=45.000000,dt=0.018131},
	{cf=CFrame.new(5.433990,1385.479126,-1145.307495,0.978775,0.088529,0.184830,-0.045422,0.973164,-0.225587,-0.199841,0.212403,0.956529),fov=45.000000,dt=0.021698},
	{cf=CFrame.new(5.511993,1385.500732,-1145.262817,0.978775,0.088529,0.184830,-0.045422,0.973164,-0.225587,-0.199841,0.212403,0.956529),fov=45.000000,dt=0.016276},
	{cf=CFrame.new(5.576172,1385.461914,-1145.238525,0.978775,0.088529,0.184830,-0.045422,0.973164,-0.225587,-0.199841,0.212403,0.956529),fov=45.000000,dt=0.011885},
	{cf=CFrame.new(5.649231,1385.416016,-1145.216431,0.978775,0.088529,0.184830,-0.045422,0.973164,-0.225587,-0.199841,0.212403,0.956529),fov=45.000000,dt=0.015661},
	{cf=CFrame.new(5.726929,1385.362549,-1145.194214,0.978775,0.088529,0.184830,-0.045422,0.973164,-0.225587,-0.199841,0.212403,0.956529),fov=45.000000,dt=0.016409},
	{cf=CFrame.new(5.791016,1385.356201,-1145.168335,0.978775,0.088529,0.184830,-0.045422,0.973164,-0.225587,-0.199841,0.212403,0.956529),fov=45.000000,dt=0.016743},
	{cf=CFrame.new(5.833313,1385.381104,-1145.151367,0.978775,0.088529,0.184830,-0.045422,0.973164,-0.225587,-0.199841,0.212403,0.956529),fov=45.000000,dt=0.016788},
	{cf=CFrame.new(5.813812,1385.464111,-1145.158691,0.978775,0.088529,0.184830,-0.045422,0.973164,-0.225587,-0.199841,0.212403,0.956529),fov=45.000000,dt=0.016516},
	{cf=CFrame.new(5.725281,1385.572754,-1145.197632,0.978775,0.088529,0.184830,-0.045422,0.973164,-0.225587,-0.199841,0.212403,0.956529),fov=45.000000,dt=0.019082},
	{cf=CFrame.new(5.608948,1385.676147,-1145.249512,0.978775,0.088529,0.184830,-0.045422,0.973164,-0.225587,-0.199841,0.212403,0.956529),fov=45.000000,dt=0.015905},
	{cf=CFrame.new(5.423767,1385.809570,-1145.336792,0.978775,0.088529,0.184830,-0.045422,0.973164,-0.225587,-0.199841,0.212403,0.956529),fov=45.000000,dt=0.017331},
	{cf=CFrame.new(5.218109,1385.999268,-1145.375977,0.978775,0.088529,0.184830,-0.045422,0.973164,-0.225587,-0.199841,0.212403,0.956529),fov=45.000000,dt=0.017432},
	{cf=CFrame.new(4.909637,1386.250244,-1145.404907,0.978775,0.088529,0.184830,-0.045422,0.973164,-0.225587,-0.199841,0.212403,0.956529),fov=45.000000,dt=0.021687},
	{cf=CFrame.new(4.733124,1386.411377,-1145.384644,0.978775,0.088529,0.184830,-0.045422,0.973164,-0.225587,-0.199841,0.212403,0.956529),fov=45.000000,dt=0.011369},
	{cf=CFrame.new(4.527802,1386.539795,-1145.424194,0.978775,0.088529,0.184830,-0.045422,0.973164,-0.225587,-0.199841,0.212403,0.956529),fov=45.000000,dt=0.014863},
	{cf=CFrame.new(4.269226,1386.672852,-1145.439575,0.978775,0.088529,0.184830,-0.045422,0.973164,-0.225587,-0.199841,0.212403,0.956529),fov=45.000000,dt=0.017132},
	{cf=CFrame.new(4.000244,1386.794312,-1145.435303,0.978775,0.088529,0.184830,-0.045422,0.973164,-0.225587,-0.199841,0.212403,0.956529),fov=45.000000,dt=0.018780},
	{cf=CFrame.new(3.746857,1386.879639,-1145.450928,0.978775,0.088529,0.184830,-0.045422,0.973164,-0.225587,-0.199841,0.212403,0.956529),fov=45.000000,dt=0.014479},
	{cf=CFrame.new(3.438812,1386.963623,-1145.458374,0.978775,0.088529,0.184830,-0.045422,0.973164,-0.225587,-0.199841,0.212403,0.956529),fov=45.000000,dt=0.016987},
	{cf=CFrame.new(3.128143,1387.032227,-1145.450439,0.978775,0.088529,0.184830,-0.045422,0.973164,-0.225587,-0.199841,0.212403,0.956529),fov=45.000000,dt=0.017956},
	{cf=CFrame.new(2.897980,1387.031494,-1145.380737,0.978775,0.088529,0.184830,-0.045422,0.973164,-0.225587,-0.199841,0.212403,0.956529),fov=45.000000,dt=0.015882},
	{cf=CFrame.new(2.665588,1387.003906,-1145.273193,0.978775,0.088529,0.184830,-0.045422,0.973164,-0.225587,-0.199841,0.212403,0.956529),fov=45.000000,dt=0.018177},
	{cf=CFrame.new(2.477203,1386.959961,-1145.168945,0.978775,0.088529,0.184830,-0.045422,0.973164,-0.225587,-0.199841,0.212403,0.956529),fov=45.000000,dt=0.015921},
	{cf=CFrame.new(2.299957,1386.981445,-1145.085327,0.978775,0.088529,0.184830,-0.045422,0.973164,-0.225587,-0.199841,0.212403,0.956529),fov=45.000000,dt=0.014835},
	{cf=CFrame.new(2.096497,1387.017334,-1144.987793,0.978775,0.088529,0.184830,-0.045422,0.973164,-0.225587,-0.199841,0.212403,0.956529),fov=45.000000,dt=0.017723},
	{cf=CFrame.new(1.917267,1387.042725,-1144.891113,0.978775,0.088529,0.184830,-0.045422,0.973164,-0.225587,-0.199841,0.212403,0.956529),fov=45.000000,dt=0.016575},
	{cf=CFrame.new(1.785797,1387.001831,-1144.801392,0.978775,0.088529,0.184830,-0.045422,0.973164,-0.225587,-0.199841,0.212403,0.956529),fov=45.000000,dt=0.015762},
	{cf=CFrame.new(1.654938,1386.932617,-1144.704346,0.978775,0.088529,0.184830,-0.045422,0.973164,-0.225587,-0.199841,0.212403,0.956529),fov=45.000000,dt=0.018498},
	{cf=CFrame.new(1.564209,1386.867920,-1144.631592,0.978775,0.088529,0.184830,-0.045422,0.973164,-0.225587,-0.199841,0.212403,0.956529),fov=45.000000,dt=0.015432},
	{cf=CFrame.new(1.422241,1386.822388,-1144.559326,0.978775,0.088529,0.184830,-0.045422,0.973164,-0.225587,-0.199841,0.212403,0.956529),fov=45.000000,dt=0.015137},
	{cf=CFrame.new(1.263367,1386.779297,-1144.487915,0.978775,0.088529,0.184830,-0.045422,0.973164,-0.225587,-0.199841,0.212403,0.956529),fov=45.000000,dt=0.015959},
	{cf=CFrame.new(1.112030,1386.730835,-1144.421753,0.978775,0.088529,0.184830,-0.045422,0.973164,-0.225587,-0.199841,0.212403,0.956529),fov=45.000000,dt=0.016813},
	{cf=CFrame.new(1.042694,1386.702881,-1144.361816,0.978775,0.088529,0.184830,-0.045422,0.973164,-0.225587,-0.199841,0.212403,0.956529),fov=45.000000,dt=0.016948},
	{cf=CFrame.new(1.009613,1386.678711,-1144.309082,0.978775,0.088529,0.184830,-0.045422,0.973164,-0.225587,-0.199841,0.212403,0.956529),fov=45.000000,dt=0.017409},
	{cf=CFrame.new(0.997375,1386.657837,-1144.270386,0.978775,0.088529,0.184830,-0.045422,0.973164,-0.225587,-0.199841,0.212403,0.956529),fov=45.000000,dt=0.015286},
	{cf=CFrame.new(0.979523,1386.601074,-1144.221558,0.978775,0.088529,0.184830,-0.045422,0.973164,-0.225587,-0.199841,0.212403,0.956529),fov=45.000000,dt=0.017568},
	{cf=CFrame.new(0.974335,1386.536743,-1144.177979,0.978775,0.088529,0.184830,-0.045422,0.973164,-0.225587,-0.199841,0.212403,0.956529),fov=45.000000,dt=0.016328},
	{cf=CFrame.new(0.983002,1386.468262,-1144.142090,0.978775,0.088529,0.184830,-0.045422,0.973164,-0.225587,-0.199841,0.212403,0.956529),fov=45.000000,dt=0.016575},
	{cf=CFrame.new(0.961945,1386.369629,-1144.137451,0.978775,0.088529,0.184830,-0.045422,0.973164,-0.225587,-0.199841,0.212403,0.956529),fov=45.000000,dt=0.016527},
	{cf=CFrame.new(0.929962,1386.275146,-1144.175903,0.978775,0.088529,0.184830,-0.045422,0.973164,-0.225587,-0.199841,0.212403,0.956529),fov=45.000000,dt=0.017420},
	{cf=CFrame.new(0.902496,1386.199707,-1144.243164,0.978775,0.088529,0.184830,-0.045422,0.973164,-0.225587,-0.199841,0.212403,0.956529),fov=45.000000,dt=0.016483},
	{cf=CFrame.new(0.900452,1386.203857,-1144.338257,0.978775,0.088529,0.184830,-0.045422,0.973164,-0.225587,-0.199841,0.212403,0.956529),fov=45.000000,dt=0.017871},
	{cf=CFrame.new(0.915710,1386.264648,-1144.448608,0.978775,0.088529,0.184830,-0.045422,0.973164,-0.225587,-0.199841,0.212403,0.956529),fov=45.000000,dt=0.015246},
	{cf=CFrame.new(0.968018,1386.414307,-1144.619019,0.978775,0.088529,0.184830,-0.045422,0.973164,-0.225587,-0.199841,0.212403,0.956529),fov=45.000000,dt=0.016354},
	{cf=CFrame.new(1.048676,1386.576660,-1144.877197,0.978775,0.088529,0.184830,-0.045422,0.973164,-0.225587,-0.199841,0.212403,0.956529),fov=45.000000,dt=0.017934},
	{cf=CFrame.new(1.124786,1386.737793,-1145.168701,0.978775,0.088529,0.184830,-0.045422,0.973164,-0.225587,-0.199841,0.212403,0.956529),fov=45.000000,dt=0.017406},
	{cf=CFrame.new(1.198425,1386.923340,-1145.487793,0.978775,0.088529,0.184830,-0.045422,0.973164,-0.225587,-0.199841,0.212403,0.956529),fov=45.000000,dt=0.017811},
	{cf=CFrame.new(1.352966,1387.115967,-1145.736328,0.978775,0.088529,0.184830,-0.045422,0.973164,-0.225587,-0.199841,0.212403,0.956529),fov=45.000000,dt=0.015766},
	{cf=CFrame.new(1.537262,1387.325928,-1145.978271,0.978775,0.088529,0.184830,-0.045422,0.973164,-0.225587,-0.199841,0.212403,0.956529),fov=45.000000,dt=0.015767},
	{cf=CFrame.new(1.723816,1387.565918,-1146.256714,0.978775,0.088529,0.184830,-0.045422,0.973164,-0.225587,-0.199841,0.212403,0.956529),fov=45.000000,dt=0.017373},
	{cf=CFrame.new(1.376648,1387.802490,-1146.563354,0.978775,0.088529,0.184830,-0.045422,0.973164,-0.225587,-0.199841,0.212403,0.956529),fov=45.000000,dt=0.016966},
	{cf=CFrame.new(0.837341,1388.023560,-1146.864502,0.978775,0.088529,0.184830,-0.045422,0.973164,-0.225587,-0.199841,0.212403,0.956529),fov=45.000000,dt=0.016366},
	{cf=CFrame.new(0.552948,1388.502197,-1147.159912,0.978775,0.088529,0.184830,-0.045422,0.973164,-0.225587,-0.199841,0.212403,0.956529),fov=45.000000,dt=0.016361},
	{cf=CFrame.new(0.862732,1388.867920,-1147.452148,0.978775,0.088529,0.184830,-0.045422,0.973164,-0.225587,-0.199841,0.212403,0.956529),fov=45.000000,dt=0.016541},
	{cf=CFrame.new(1.349243,1389.160156,-1147.744019,0.978775,0.088529,0.184830,-0.045422,0.973164,-0.225587,-0.199841,0.212403,0.956529),fov=45.000000,dt=0.016940},
	{cf=CFrame.new(1.580994,1389.283691,-1148.032104,0.978775,0.088529,0.184830,-0.045422,0.973164,-0.225587,-0.199841,0.212403,0.956529),fov=45.000000,dt=0.017053},
	{cf=CFrame.new(1.718292,1389.328491,-1148.295654,0.978775,0.088529,0.184830,-0.045422,0.973164,-0.225587,-0.199841,0.212403,0.956529),fov=45.000000,dt=0.015916},
	{cf=CFrame.new(1.802094,1389.647217,-1148.574341,0.978775,0.088529,0.184830,-0.045422,0.973164,-0.225587,-0.199841,0.212403,0.956529),fov=45.000000,dt=0.017152},
	{cf=CFrame.new(1.864624,1390.054199,-1148.849121,0.978775,0.088529,0.184830,-0.045422,0.973164,-0.225587,-0.199841,0.212403,0.956529),fov=45.000000,dt=0.017362},
	{cf=CFrame.new(1.879120,1390.126221,-1149.033569,0.978775,0.088529,0.184830,-0.045422,0.973164,-0.225587,-0.199841,0.212403,0.956529),fov=45.000000,dt=0.015457},
	{cf=CFrame.new(1.880646,1390.106079,-1149.225098,0.978775,0.088529,0.184830,-0.045422,0.973164,-0.225587,-0.199841,0.212403,0.956529),fov=45.000000,dt=0.017978},
	{cf=CFrame.new(1.876526,1390.059570,-1149.381836,0.978775,0.088529,0.184830,-0.045422,0.973164,-0.225587,-0.199841,0.212403,0.956529),fov=45.000000,dt=0.015927},
	{cf=CFrame.new(1.889679,1390.128906,-1149.594849,0.978775,0.088529,0.184830,-0.045422,0.973164,-0.225587,-0.199841,0.212403,0.956529),fov=45.000000,dt=0.016525},
	{cf=CFrame.new(1.907959,1390.237549,-1149.827148,0.978775,0.088529,0.184830,-0.045422,0.973164,-0.225587,-0.199841,0.212403,0.956529),fov=45.000000,dt=0.017067},
	{cf=CFrame.new(1.923096,1390.331055,-1150.041138,0.978775,0.088529,0.184830,-0.045422,0.973164,-0.225587,-0.199841,0.212403,0.956529),fov=45.000000,dt=0.016137},
	{cf=CFrame.new(1.962036,1390.479370,-1150.242920,0.978775,0.088529,0.184830,-0.045422,0.973164,-0.225587,-0.199841,0.212403,0.956529),fov=45.000000,dt=0.018294},
	{cf=CFrame.new(2.004395,1390.614502,-1150.392578,0.978775,0.088529,0.184830,-0.045422,0.973164,-0.225587,-0.199841,0.212403,0.956529),fov=45.000000,dt=0.015168},
	{cf=CFrame.new(2.047455,1390.758545,-1150.562622,0.978775,0.088529,0.184830,-0.045422,0.973164,-0.225587,-0.199841,0.212403,0.956529),fov=45.000000,dt=0.017710},
	{cf=CFrame.new(2.051788,1390.846069,-1150.732178,0.978775,0.088529,0.184830,-0.045422,0.973164,-0.225587,-0.199841,0.212403,0.956529),fov=45.000000,dt=0.015725},
	{cf=CFrame.new(2.042633,1390.918213,-1150.913086,0.978775,0.088529,0.184830,-0.045422,0.973164,-0.225587,-0.199841,0.212403,0.956529),fov=45.000000,dt=0.016468},
	{cf=CFrame.new(2.032867,1390.989258,-1151.098633,0.978775,0.088529,0.184830,-0.045422,0.973164,-0.225587,-0.199841,0.212403,0.956529),fov=45.000000,dt=0.017594},
	{cf=CFrame.new(2.043640,1391.084839,-1151.260254,0.978775,0.088529,0.184830,-0.045422,0.973164,-0.225587,-0.199841,0.212403,0.956529),fov=45.000000,dt=0.017711},
	{cf=CFrame.new(2.059692,1391.171631,-1151.382812,0.978775,0.088529,0.184830,-0.045422,0.973164,-0.225587,-0.199841,0.212403,0.956529),fov=45.000000,dt=0.014595},
	{cf=CFrame.new(2.075653,1391.261230,-1151.518677,0.978775,0.088529,0.184830,-0.045422,0.973164,-0.225587,-0.199841,0.212403,0.956529),fov=45.000000,dt=0.016613},
	{cf=CFrame.new(2.083954,1391.333862,-1151.662720,0.978775,0.088529,0.184830,-0.045422,0.973164,-0.225587,-0.199841,0.212403,0.956529),fov=45.000000,dt=0.017086},
	{cf=CFrame.new(2.088470,1391.391357,-1151.794312,0.978775,0.088529,0.184830,-0.045422,0.973164,-0.225587,-0.199841,0.212403,0.956529),fov=45.000000,dt=0.015651},
	{cf=CFrame.new(2.092773,1391.447998,-1151.933228,0.978775,0.088529,0.184830,-0.045422,0.973164,-0.225587,-0.199841,0.212403,0.956529),fov=45.000000,dt=0.017096},
	{cf=CFrame.new(2.100159,1391.501953,-1152.096191,0.978775,0.088529,0.184830,-0.045422,0.973164,-0.225587,-0.199841,0.212403,0.956529),fov=45.000000,dt=0.020896},
	{cf=CFrame.new(2.107025,1391.538574,-1152.226318,0.978775,0.088529,0.184830,-0.045422,0.973164,-0.225587,-0.199841,0.212403,0.956529),fov=45.000000,dt=0.017014},
	{cf=CFrame.new(2.112762,1391.563477,-1152.328247,0.978775,0.088529,0.184830,-0.045422,0.973164,-0.225587,-0.199841,0.212403,0.956529),fov=45.000000,dt=0.013237},
	{cf=CFrame.new(2.123108,1391.573975,-1152.429565,0.978775,0.088529,0.184830,-0.045422,0.973164,-0.225587,-0.199841,0.212403,0.956529),fov=45.000000,dt=0.016567},
	{cf=CFrame.new(2.134674,1391.574707,-1152.520752,0.978775,0.088529,0.184830,-0.045422,0.973164,-0.225587,-0.199841,0.212403,0.956529),fov=45.000000,dt=0.016627},
	{cf=CFrame.new(2.145691,1391.571533,-1152.608643,0.978775,0.088529,0.184830,-0.045422,0.973164,-0.225587,-0.199841,0.212403,0.956529),fov=45.000000,dt=0.016450},
	{cf=CFrame.new(2.165833,1391.581543,-1152.719849,0.978775,0.088529,0.184830,-0.045422,0.973164,-0.225587,-0.199841,0.212403,0.956529),fov=45.000000,dt=0.015993},
	{cf=CFrame.new(2.188843,1391.594971,-1152.843140,0.978775,0.088529,0.184830,-0.045422,0.973164,-0.225587,-0.199841,0.212403,0.956529),fov=45.000000,dt=0.016580},
	{cf=CFrame.new(2.211456,1391.605713,-1152.966675,0.978775,0.088529,0.184830,-0.045422,0.973164,-0.225587,-0.199841,0.212403,0.956529),fov=45.000000,dt=0.016923},
	{cf=CFrame.new(2.201782,1391.617676,-1153.042969,0.978775,0.088529,0.184830,-0.045422,0.973164,-0.225587,-0.199841,0.212403,0.956529),fov=45.000000,dt=0.016354},
	{cf=CFrame.new(2.180359,1391.629028,-1153.105713,0.978775,0.088529,0.184830,-0.045422,0.973164,-0.225587,-0.199841,0.212403,0.956529),fov=45.000000,dt=0.016863},
	{cf=CFrame.new(2.158569,1391.638184,-1153.170410,0.978775,0.088529,0.184830,-0.045422,0.973164,-0.225587,-0.199841,0.212403,0.956529),fov=45.000000,dt=0.017439},
	{cf=CFrame.new(2.123596,1391.646240,-1153.281616,0.978775,0.088529,0.184830,-0.045422,0.973164,-0.225587,-0.199841,0.212403,0.956529),fov=45.000000,dt=0.016383},
	{cf=CFrame.new(2.083771,1391.652832,-1153.409180,0.978775,0.088529,0.184830,-0.045422,0.973164,-0.225587,-0.199841,0.212403,0.956529),fov=45.000000,dt=0.016063},
	{cf=CFrame.new(2.043091,1391.657227,-1153.555542,0.978775,0.088529,0.184830,-0.045422,0.973164,-0.225587,-0.199841,0.212403,0.956529),fov=45.000000,dt=0.019709},
	{cf=CFrame.new(2.069733,1391.655518,-1153.642700,0.978775,0.088529,0.184830,-0.045422,0.973164,-0.225587,-0.199841,0.212403,0.956529),fov=45.000000,dt=0.015047},
	{cf=CFrame.new(2.119659,1391.650391,-1153.720459,0.978775,0.088529,0.184830,-0.045422,0.973164,-0.225587,-0.199841,0.212403,0.956529),fov=45.000000,dt=0.015463},
	{cf=CFrame.new(2.169312,1391.643555,-1153.801270,0.978775,0.088529,0.184830,-0.045422,0.973164,-0.225587,-0.199841,0.212403,0.956529),fov=45.000000,dt=0.016138},
	{cf=CFrame.new(2.143127,1391.598267,-1153.889526,0.978775,0.088529,0.184830,-0.045422,0.973164,-0.225587,-0.199841,0.212403,0.956529),fov=45.000000,dt=0.019638},
	{cf=CFrame.new(2.091003,1391.540771,-1153.954224,0.978775,0.088529,0.184830,-0.045422,0.973164,-0.225587,-0.199841,0.212403,0.956529),fov=45.000000,dt=0.016218},
	{cf=CFrame.new(2.038971,1391.482666,-1154.009888,0.978775,0.088529,0.184830,-0.045422,0.973164,-0.225587,-0.199841,0.212403,0.956529),fov=45.000000,dt=0.014611},
	{cf=CFrame.new(2.036804,1391.486694,-1154.099243,0.978775,0.088529,0.184830,-0.045422,0.973164,-0.225587,-0.199841,0.212403,0.956529),fov=45.000000,dt=0.016566},
	{cf=CFrame.new(2.052612,1391.512451,-1154.194580,0.978775,0.088529,0.184830,-0.045422,0.973164,-0.225587,-0.199841,0.212403,0.956529),fov=45.000000,dt=0.016312},
	{cf=CFrame.new(2.068115,1391.536621,-1154.290283,0.978775,0.088529,0.184830,-0.045422,0.973164,-0.225587,-0.199841,0.212403,0.956529),fov=45.000000,dt=0.016716},
	{cf=CFrame.new(2.068115,1391.505127,-1154.374634,0.978775,0.088529,0.184830,-0.045422,0.973164,-0.225587,-0.199841,0.212403,0.956529),fov=45.000000,dt=0.016877},
	{cf=CFrame.new(2.062561,1391.453125,-1154.454956,0.978775,0.088529,0.184830,-0.045422,0.973164,-0.225587,-0.199841,0.212403,0.956529),fov=45.000000,dt=0.017140},
	{cf=CFrame.new(2.056854,1391.400146,-1154.533325,0.978775,0.088529,0.184830,-0.045422,0.973164,-0.225587,-0.199841,0.212403,0.956529),fov=45.000000,dt=0.017003},
	{cf=CFrame.new(2.076508,1391.396973,-1154.632812,0.978775,0.088529,0.184830,-0.045422,0.973164,-0.225587,-0.199841,0.212403,0.956529),fov=45.000000,dt=0.015750},
	{cf=CFrame.new(2.104492,1391.408936,-1154.746582,0.978775,0.088529,0.184830,-0.045422,0.973164,-0.225587,-0.199841,0.212403,0.956529),fov=45.000000,dt=0.016896},
	{cf=CFrame.new(2.132416,1391.419556,-1154.861084,0.978775,0.088529,0.184830,-0.045422,0.973164,-0.225587,-0.199841,0.212403,0.956529),fov=45.000000,dt=0.017336},
	{cf=CFrame.new(2.118591,1391.378784,-1154.921753,0.978775,0.088529,0.184830,-0.045422,0.973164,-0.225587,-0.199841,0.212403,0.956529),fov=45.000000,dt=0.017534},
	{cf=CFrame.new(2.090698,1391.322998,-1154.951416,0.978775,0.088529,0.184830,-0.045422,0.973164,-0.225587,-0.199841,0.212403,0.956529),fov=45.000000,dt=0.014916},
	{cf=CFrame.new(2.062012,1391.263428,-1154.990112,0.978775,0.088529,0.184830,-0.045422,0.973164,-0.225587,-0.199841,0.212403,0.956529),fov=45.000000,dt=0.017081},
	{cf=CFrame.new(2.042633,1391.260010,-1155.040771,0.978775,0.088529,0.184830,-0.045422,0.973164,-0.225587,-0.199841,0.212403,0.956529),fov=45.000000,dt=0.017979},
	{cf=CFrame.new(2.027130,1391.279785,-1155.085571,0.978775,0.088529,0.184830,-0.045422,0.973164,-0.225587,-0.199841,0.212403,0.956529),fov=45.000000,dt=0.016018},
	{cf=CFrame.new(2.011475,1391.298584,-1155.130493,0.978775,0.088529,0.184830,-0.045422,0.973164,-0.225587,-0.199841,0.212403,0.956529),fov=45.000000,dt=0.016124},
	{cf=CFrame.new(2.017761,1391.286133,-1155.221069,0.978775,0.088529,0.184830,-0.045422,0.973164,-0.225587,-0.199841,0.212403,0.956529),fov=40.000000,dt=0.016207},
	{cf=CFrame.new(2.031982,1391.263184,-1155.325928,0.978775,0.088529,0.184830,-0.045422,0.973164,-0.225587,-0.199841,0.212403,0.956529),fov=40.000000,dt=0.017039},
	{cf=CFrame.new(2.046448,1391.241699,-1155.427124,0.978775,0.088529,0.184830,-0.045422,0.973164,-0.225587,-0.199841,0.212403,0.956529),fov=40.000000,dt=0.017568},
	{cf=CFrame.new(2.015259,1391.178223,-1155.466553,0.978775,0.088529,0.184830,-0.045422,0.973164,-0.225586,-0.199841,0.212403,0.956529),fov=40.000000,dt=0.015887},
	{cf=CFrame.new(-3.700989,1393.888306,-1170.167847,0.897213,-0.081345,-0.434040,0.233116,0.922023,0.309080,0.375053,-0.378492,0.846214),fov=40.000000,dt=0.016986},
	{cf=CFrame.new(-5.932037,1394.967651,-1175.577393,0.772644,-0.043798,-0.633328,0.391882,0.817764,0.421533,0.499450,-0.573885,0.649004),fov=40.000000,dt=0.014760},
	{cf=CFrame.new(-5.951691,1394.950806,-1175.621094,0.771907,-0.044293,-0.634191,0.392409,0.818049,0.420488,0.500175,-0.573440,0.648839),fov=40.000000,dt=0.017776},
	{cf=CFrame.new(-5.963867,1394.935059,-1175.653564,0.771169,-0.044788,-0.635053,0.392936,0.818334,0.419442,0.500899,-0.572996,0.648672),fov=40.000000,dt=0.015589},
	{cf=CFrame.new(-5.973999,1394.917725,-1175.687378,0.770430,-0.045284,-0.635914,0.393461,0.818617,0.418395,0.501624,-0.572551,0.648505),fov=40.000000,dt=0.017928},
	{cf=CFrame.new(-5.977081,1394.900024,-1175.713745,0.769690,-0.045781,-0.636774,0.393985,0.818900,0.417347,0.502348,-0.572108,0.648336),fov=40.000000,dt=0.017129},
	{cf=CFrame.new(-5.980194,1394.885010,-1175.740967,0.768949,-0.046278,-0.637633,0.394508,0.819182,0.416299,0.503072,-0.571664,0.648166),fov=40.000000,dt=0.015712},
	{cf=CFrame.new(-5.984253,1394.871094,-1175.769653,0.768207,-0.046776,-0.638490,0.395029,0.819463,0.415250,0.503795,-0.571220,0.647995),fov=40.000000,dt=0.016481},
	{cf=CFrame.new(-5.990936,1394.859741,-1175.803467,0.767464,-0.047274,-0.639347,0.395549,0.819743,0.414200,0.504519,-0.570776,0.647823),fov=40.000000,dt=0.016763},
	{cf=CFrame.new(-5.995361,1394.849243,-1175.833252,0.766720,-0.047773,-0.640202,0.396069,0.820023,0.413149,0.505243,-0.570333,0.647650),fov=40.000000,dt=0.015538},
	{cf=CFrame.new(-5.998779,1394.838379,-1175.862793,0.765975,-0.048273,-0.641055,0.396586,0.820302,0.412097,0.505966,-0.569890,0.647475),fov=40.000000,dt=0.017258},
	{cf=CFrame.new(-5.999084,1394.827637,-1175.885986,0.765229,-0.048773,-0.641908,0.397103,0.820580,0.411044,0.506689,-0.569447,0.647300),fov=40.000000,dt=0.015951},
	{cf=CFrame.new(-6.000977,1394.817261,-1175.906982,0.764482,-0.049274,-0.642759,0.397619,0.820857,0.409991,0.507412,-0.569004,0.647123),fov=40.000000,dt=0.017811},
	{cf=CFrame.new(-6.003448,1394.808472,-1175.923828,0.763734,-0.049775,-0.643609,0.398133,0.821134,0.408937,0.508134,-0.568561,0.646945),fov=40.000000,dt=0.016062},
	{cf=CFrame.new(-6.008667,1394.800781,-1175.937866,0.762985,-0.050277,-0.644458,0.398646,0.821410,0.407882,0.508857,-0.568119,0.646766),fov=40.000000,dt=0.016388},
	{cf=CFrame.new(-6.014923,1394.798340,-1175.948486,0.762235,-0.050779,-0.645306,0.399158,0.821685,0.406826,0.509579,-0.567676,0.646586),fov=40.000000,dt=0.015943},
	{cf=CFrame.new(-6.021240,1394.797119,-1175.958984,0.761484,-0.051282,-0.646152,0.399669,0.821959,0.405770,0.510301,-0.567234,0.646404),fov=40.000000,dt=0.017999},
	{cf=CFrame.new(-6.027710,1394.801514,-1175.965332,0.760731,-0.051786,-0.646998,0.400178,0.822232,0.404713,0.511024,-0.566792,0.646221),fov=40.000000,dt=0.015519},
	{cf=CFrame.new(-6.033173,1394.802368,-1175.976074,0.759979,-0.052290,-0.647841,0.400686,0.822505,0.403654,0.511745,-0.566350,0.646038),fov=40.000000,dt=0.016141},
	{cf=CFrame.new(-6.038300,1394.801147,-1175.989136,0.759224,-0.052795,-0.648684,0.401193,0.822776,0.402595,0.512467,-0.565908,0.645853),fov=40.000000,dt=0.018433},
	{cf=CFrame.new(-6.042236,1394.795654,-1176.005493,0.758469,-0.053300,-0.649526,0.401699,0.823047,0.401536,0.513188,-0.565466,0.645667),fov=40.000000,dt=0.016599},
	{cf=CFrame.new(-6.049133,1394.789551,-1176.019531,0.757713,-0.053806,-0.650365,0.402204,0.823318,0.400475,0.513909,-0.565025,0.645480),fov=40.000000,dt=0.017294},
	{cf=CFrame.new(-6.056946,1394.784424,-1176.030884,0.756956,-0.054313,-0.651204,0.402707,0.823587,0.399414,0.514630,-0.564584,0.645291),fov=40.000000,dt=0.016278},
	{cf=CFrame.new(-6.067993,1394.780273,-1176.037842,0.756198,-0.054820,-0.652042,0.403209,0.823856,0.398352,0.515351,-0.564143,0.645102),fov=40.000000,dt=0.016451},
	{cf=CFrame.new(-6.076843,1394.778564,-1176.040283,0.755439,-0.055327,-0.652879,0.403710,0.824123,0.397289,0.516072,-0.563702,0.644911),fov=40.000000,dt=0.015747},
	{cf=CFrame.new(-6.084717,1394.777466,-1176.041870,0.754679,-0.055835,-0.653714,0.404210,0.824390,0.396226,0.516792,-0.563261,0.644719),fov=40.000000,dt=0.016891},
	{cf=CFrame.new(-6.089325,1394.778198,-1176.040649,0.753918,-0.056344,-0.654548,0.404708,0.824657,0.395162,0.517512,-0.562820,0.644526),fov=40.000000,dt=0.016509},
	{cf=CFrame.new(-6.094177,1394.776245,-1176.042603,0.753156,-0.056854,-0.655381,0.405206,0.824922,0.394096,0.518232,-0.562380,0.644332),fov=40.000000,dt=0.017134},
	{cf=CFrame.new(-6.099548,1394.773560,-1176.045532,0.752393,-0.057363,-0.656212,0.405702,0.825187,0.393031,0.518952,-0.561940,0.644137),fov=40.000000,dt=0.016207},
	{cf=CFrame.new(-6.106506,1394.767700,-1176.053101,0.751629,-0.057874,-0.657042,0.406197,0.825450,0.391964,0.519672,-0.561500,0.643941),fov=40.000000,dt=0.018419},
	{cf=CFrame.new(-6.113434,1394.759155,-1176.054688,0.750864,-0.058385,-0.657871,0.406690,0.825714,0.390897,0.520391,-0.561060,0.643743),fov=40.000000,dt=0.016038},
	{cf=CFrame.new(-6.120239,1394.750000,-1176.053589,0.750098,-0.058896,-0.658699,0.407182,0.825976,0.389829,0.521110,-0.560620,0.643544),fov=40.000000,dt=0.016483},
	{cf=CFrame.new(-6.126892,1394.739136,-1176.045654,0.749331,-0.059408,-0.659526,0.407674,0.826237,0.388760,0.521829,-0.560181,0.643344),fov=40.000000,dt=0.017036},
	{cf=CFrame.new(-6.130829,1394.730835,-1176.046509,0.748563,-0.059921,-0.660351,0.408164,0.826498,0.387690,0.522548,-0.559742,0.643143),fov=40.000000,dt=0.016223},
	{cf=CFrame.new(-6.134033,1394.723511,-1176.051147,0.747794,-0.060434,-0.661175,0.408652,0.826758,0.386620,0.523266,-0.559303,0.642941),fov=40.000000,dt=0.016202},
	{cf=CFrame.new(-6.134918,1394.719360,-1176.067383,0.747024,-0.060948,-0.661998,0.409140,0.827017,0.385549,0.523985,-0.558864,0.642738),fov=40.000000,dt=0.016653},
	{cf=CFrame.new(-6.139221,1394.718628,-1176.080688,0.746253,-0.061463,-0.662819,0.409626,0.827275,0.384477,0.524703,-0.558425,0.642533),fov=40.000000,dt=0.016063},
	{cf=CFrame.new(-6.145142,1394.718628,-1176.091431,0.745481,-0.061977,-0.663639,0.410111,0.827533,0.383404,0.525421,-0.557986,0.642328),fov=40.000000,dt=0.017228},
	{cf=CFrame.new(-6.155304,1394.721069,-1176.095459,0.744708,-0.062493,-0.664458,0.410595,0.827789,0.382331,0.526138,-0.557548,0.642121),fov=40.000000,dt=0.016606},
	{cf=CFrame.new(-6.164459,1394.720459,-1176.096069,0.743934,-0.063009,-0.665276,0.411078,0.828045,0.381256,0.526856,-0.557110,0.641913),fov=40.000000,dt=0.016272},
	{cf=CFrame.new(-6.172668,1394.718262,-1176.096558,0.743160,-0.063525,-0.666092,0.411559,0.828300,0.380181,0.527573,-0.556672,0.641704),fov=40.000000,dt=0.017240},
	{cf=CFrame.new(-6.178253,1394.712036,-1176.095947,0.742384,-0.064043,-0.666907,0.412039,0.828555,0.379106,0.528290,-0.556234,0.641493),fov=40.000000,dt=0.016816},
	{cf=CFrame.new(-6.185242,1394.708618,-1176.096436,0.741607,-0.064560,-0.667721,0.412518,0.828808,0.378029,0.529007,-0.555796,0.641282),fov=40.000000,dt=0.017118},
	{cf=CFrame.new(-6.193115,1394.706909,-1176.097290,0.740829,-0.065078,-0.668533,0.412995,0.829061,0.376952,0.529723,-0.555359,0.641070),fov=40.000000,dt=0.017425},
	{cf=CFrame.new(-6.203156,1394.709717,-1176.099121,0.740051,-0.065597,-0.669345,0.413472,0.829313,0.375875,0.530440,-0.554921,0.640856),fov=40.000000,dt=0.016329},
	{cf=CFrame.new(-6.208893,1394.710449,-1176.100098,0.739271,-0.066117,-0.670154,0.413947,0.829564,0.374796,0.531156,-0.554484,0.640641),fov=40.000000,dt=0.026424},
	{cf=CFrame.new(-6.212769,1394.710205,-1176.099365,0.738491,-0.066636,-0.670963,0.414421,0.829814,0.373717,0.531871,-0.554047,0.640425),fov=40.000000,dt=0.012300},
	{cf=CFrame.new(-6.211456,1394.703857,-1176.095703,0.737318,-0.067417,-0.672174,0.415129,0.830188,0.372096,0.532945,-0.553392,0.640099),fov=40.000000,dt=0.009678},
	{cf=CFrame.new(-6.213593,1394.700195,-1176.097046,0.736926,-0.067678,-0.672577,0.415365,0.830312,0.371556,0.533302,-0.553174,0.639990),fov=40.000000,dt=0.016883},
	{cf=CFrame.new(-6.217834,1394.693237,-1176.098511,0.736143,-0.068199,-0.673382,0.415835,0.830560,0.370474,0.534018,-0.552738,0.639770),fov=40.000000,dt=0.017105},
	{cf=CFrame.new(-6.227509,1394.684692,-1176.103394,0.735359,-0.068721,-0.674185,0.416304,0.830807,0.369392,0.534733,-0.552302,0.639550),fov=40.000000,dt=0.017112},
	{cf=CFrame.new(-6.236572,1394.679688,-1176.109131,0.734573,-0.069244,-0.674987,0.416772,0.831053,0.368309,0.535447,-0.551866,0.639328),fov=40.000000,dt=0.017040},
	{cf=CFrame.new(-6.244446,1394.676270,-1176.114624,0.733787,-0.069767,-0.675788,0.417238,0.831299,0.367226,0.536162,-0.551430,0.639105),fov=40.000000,dt=0.016150},
	{cf=CFrame.new(-6.249634,1394.677002,-1176.119751,0.732999,-0.070291,-0.676588,0.417703,0.831543,0.366141,0.536876,-0.550994,0.638881),fov=40.000000,dt=0.015802},
	{cf=CFrame.new(-6.254944,1394.677490,-1176.119141,0.732211,-0.070815,-0.677386,0.418167,0.831787,0.365056,0.537590,-0.550559,0.638656),fov=40.000000,dt=0.016255},
	{cf=CFrame.new(-6.279602,1394.680420,-1176.192261,0.731422,-0.071339,-0.678183,0.418630,0.832030,0.363970,0.538304,-0.550124,0.638430),fov=40.000000,dt=0.016994},
	{cf=CFrame.new(-6.476868,1394.624756,-1176.454956,0.730632,-0.071865,-0.678979,0.419091,0.832273,0.362884,0.539017,-0.549689,0.638203),fov=40.000000,dt=0.017600},
	{cf=CFrame.new(-6.635406,1394.571167,-1176.674072,0.729841,-0.072391,-0.679774,0.419552,0.832514,0.361797,0.539730,-0.549254,0.637974),fov=40.000000,dt=0.015848},
	{cf=CFrame.new(-6.781189,1394.515015,-1176.882080,0.729049,-0.072917,-0.680567,0.420011,0.832755,0.360709,0.540443,-0.548819,0.637745),fov=40.000000,dt=0.016123},
	{cf=CFrame.new(-5.337708,1394.671265,-1172.706421,-0.571352,0.369417,-0.732863,0.531603,0.846902,0.012455,0.625264,-0.382476,-0.680262),fov=40.000000,dt=0.020625},
	{cf=CFrame.new(-4.512970,1394.533447,-1172.213257,-0.853003,0.435828,-0.287124,0.481611,0.869290,-0.111290,0.201091,-0.233213,-0.951406),fov=40.000000,dt=0.014994},
	{cf=CFrame.new(-4.630981,1394.493530,-1172.398071,-0.852866,0.435805,-0.287565,0.481738,0.869195,-0.111484,0.201365,-0.233612,-0.951251),fov=40.000000,dt=0.016498},
	{cf=CFrame.new(-4.736206,1394.425171,-1172.555908,-0.852578,0.435755,-0.288493,0.482006,0.868994,-0.111891,0.201941,-0.234451,-0.950922),fov=40.000000,dt=0.016683},
	{cf=CFrame.new(-4.833984,1394.344482,-1172.700806,-0.852236,0.435694,-0.289594,0.482325,0.868755,-0.112374,0.202626,-0.235447,-0.950530),fov=40.000000,dt=0.017261},
	{cf=CFrame.new(-4.918762,1394.288086,-1172.852905,-0.851740,0.435605,-0.291182,0.482785,0.868409,-0.113069,0.203611,-0.236884,-0.949962),fov=40.000000,dt=0.018683},
	{cf=CFrame.new(-4.985596,1394.245728,-1172.985474,-0.851188,0.435503,-0.292943,0.483296,0.868024,-0.113840,0.204704,-0.238477,-0.949329),fov=40.000000,dt=0.017302},
	{cf=CFrame.new(-5.057465,1394.186523,-1173.091797,-0.850634,0.435398,-0.294702,0.483808,0.867638,-0.114609,0.205794,-0.240070,-0.948691),fov=40.000000,dt=0.015812},
	{cf=CFrame.new(-5.125702,1394.123169,-1173.179443,-0.850078,0.435291,-0.296461,0.484321,0.867250,-0.115378,0.206883,-0.241662,-0.948050),fov=40.000000,dt=0.014415},
	{cf=CFrame.new(-5.199951,1394.061035,-1173.294189,-0.849279,0.435131,-0.298975,0.485055,0.866693,-0.116473,0.208438,-0.243937,-0.947126),fov=40.000000,dt=0.017484},
	{cf=CFrame.new(-5.266724,1394.006348,-1173.401978,-0.848390,0.434947,-0.301755,0.485870,0.866072,-0.117684,0.210155,-0.246456,-0.946094),fov=40.000000,dt=0.016766},
	{cf=CFrame.new(-5.339722,1393.953735,-1173.505493,-0.847250,0.434702,-0.305290,0.486909,0.865278,-0.119217,0.212337,-0.249655,-0.944767),fov=40.000000,dt=0.017004},
	{cf=CFrame.new(-5.407898,1393.909180,-1173.595337,-0.846014,0.434425,-0.309086,0.488032,0.864417,-0.120865,0.214673,-0.253097,-0.943323),fov=40.000000,dt=0.015331},
	{cf=CFrame.new(-5.470337,1393.864014,-1173.677368,-0.844768,0.434134,-0.312881,0.489158,0.863549,-0.122503,0.217006,-0.256535,-0.941859),fov=40.000000,dt=0.016242},
	{cf=CFrame.new(-5.530945,1393.820923,-1173.753540,-0.843512,0.433828,-0.316671,0.490288,0.862674,-0.124139,0.219329,-0.259972,-0.940377),fov=40.000000,dt=0.016728},
	{cf=CFrame.new(-5.608765,1393.770874,-1173.813599,-0.842246,0.433508,-0.320457,0.491421,0.861794,-0.125765,0.221647,-0.263404,-0.938877),fov=40.000000,dt=0.018373},
	{cf=CFrame.new(-5.682159,1393.729736,-1173.853882,-0.840970,0.433175,-0.324236,0.492558,0.860906,-0.127389,0.223955,-0.266835,-0.937360),fov=40.000000,dt=0.015804},
	{cf=CFrame.new(-5.743713,1393.706299,-1173.909424,-0.839464,0.432766,-0.328656,0.493892,0.859860,-0.129275,0.226652,-0.270842,-0.935560),fov=40.000000,dt=0.016023},
	{cf=CFrame.new(-5.803528,1393.690552,-1173.970337,-0.837865,0.432315,-0.333295,0.495302,0.858748,-0.131256,0.229472,-0.275056,-0.933642),fov=40.000000,dt=0.016917},
	{cf=CFrame.new(-5.881165,1393.665527,-1174.027832,-0.836027,0.431775,-0.338569,0.496912,0.857472,-0.133492,0.232675,-0.279842,-0.931424),fov=40.000000,dt=0.017423},
	{cf=CFrame.new(-5.959869,1393.640747,-1174.078735,-0.834090,0.431184,-0.344056,0.498600,0.856126,-0.135819,0.235992,-0.284832,-0.929074),fov=40.000000,dt=0.016298},
	{cf=CFrame.new(-6.030029,1393.641724,-1174.136353,-0.831996,0.430518,-0.349909,0.500409,0.854675,-0.138282,0.239526,-0.290148,-0.926521),fov=40.000000,dt=0.015517},
	{cf=CFrame.new(-6.101715,1393.652832,-1174.198120,-0.829832,0.429802,-0.355878,0.502270,0.853172,-0.140793,0.243112,-0.295581,-0.923866),fov=40.000000,dt=0.016849},
	{cf=CFrame.new(-6.173767,1393.659668,-1174.249756,-0.827505,0.429001,-0.362207,0.504254,0.851560,-0.143432,0.246909,-0.301336,-0.920996),fov=40.000000,dt=0.016429},
	{cf=CFrame.new(-6.250610,1393.670532,-1174.297485,-0.825101,0.428143,-0.368648,0.506292,0.849893,-0.146118,0.250752,-0.307206,-0.918013),fov=40.000000,dt=0.017450},
	{cf=CFrame.new(-6.314514,1393.679077,-1174.328735,-0.822426,0.427150,-0.375710,0.508538,0.848043,-0.149033,0.254959,-0.313631,-0.914676),fov=40.000000,dt=0.015878},
	{cf=CFrame.new(-6.386444,1393.698486,-1174.355713,-0.819631,0.426075,-0.382968,0.510872,0.846107,-0.152028,0.259256,-0.320255,-0.911166),fov=40.000000,dt=0.018545},
	{cf=CFrame.new(-6.474274,1393.746704,-1174.403198,-0.816799,0.424945,-0.390206,0.513218,0.844147,-0.154995,0.263527,-0.326860,-0.907588),fov=40.000000,dt=0.018603},
	{cf=CFrame.new(-6.748230,1392.820679,-1174.742554,-0.989680,0.017235,-0.142255,0.028213,0.996745,-0.075516,0.140491,-0.078750,-0.986945),fov=40.000000,dt=0.015517},
	{cf=CFrame.new(-6.518494,1392.405518,-1174.619995,-0.982922,-0.064673,-0.172283,0.019397,0.894583,-0.446481,0.182997,-0.442198,-0.878051),fov=39.970081,dt=0.015309},
	{cf=CFrame.new(-6.656036,1392.330444,-1174.754150,-0.981744,-0.045665,-0.184643,0.070266,0.815014,-0.575166,0.176751,-0.577640,-0.796926),fov=39.940170,dt=0.017280},
	{cf=CFrame.new(-6.946686,1392.281982,-1174.966309,-0.984283,-0.046472,-0.170374,0.058677,0.823885,-0.563711,0.166566,-0.564848,-0.808209),fov=39.910271,dt=0.020876},
	{cf=CFrame.new(-7.211365,1392.217651,-1175.176514,-0.986634,-0.047407,-0.155905,0.047235,0.832467,-0.552058,0.155957,-0.552043,-0.819101),fov=39.880386,dt=0.015456},
	{cf=CFrame.new(-7.515076,1392.079224,-1175.497803,-0.989237,-0.048948,-0.137895,0.033147,0.842929,-0.537003,0.142521,-0.535794,-0.832233),fov=39.850540,dt=0.012069},
	{cf=CFrame.new(-7.717773,1392.137451,-1175.437134,-0.990610,-0.050109,-0.127207,0.024810,0.849085,-0.527674,0.134451,-0.525875,-0.839868),fov=39.820717,dt=0.016717},
	{cf=CFrame.new(-7.968842,1392.195801,-1175.352173,-0.992268,-0.051767,-0.112799,0.013840,0.857034,-0.515074,0.123336,-0.512653,-0.849691),fov=39.790943,dt=0.017402},
	{cf=CFrame.new(-8.569366,1392.298584,-1175.596680,-0.993698,-0.053657,-0.098413,0.003039,0.864758,-0.502178,0.112049,-0.499313,-0.859146),fov=39.761211,dt=0.017317},
	{cf=CFrame.new(-8.845062,1392.113647,-1176.105957,-0.993863,-0.057552,-0.094469,-0.008052,0.889374,-0.457109,0.110325,-0.453543,-0.884379),fov=39.731533,dt=0.015523},
	{cf=CFrame.new(-8.953369,1391.824829,-1176.639526,-0.993675,-0.061822,-0.093741,-0.013708,0.895343,-0.445167,0.111451,-0.441067,-0.890527),fov=39.701916,dt=0.016520},
	{cf=CFrame.new(-9.053772,1391.543213,-1177.125854,-0.993455,-0.065955,-0.093261,-0.017093,0.893104,-0.449525,0.112940,-0.444989,-0.888386),fov=39.672363,dt=0.017336},
	{cf=CFrame.new(-9.148773,1391.256958,-1177.599854,-0.993226,-0.070028,-0.092731,-0.020433,0.890830,-0.453876,0.114392,-0.448907,-0.886226),fov=39.642887,dt=0.016324},
	{cf=CFrame.new(-9.240540,1390.969971,-1178.072388,-0.992984,-0.074093,-0.092155,-0.023772,0.888522,-0.458217,0.115833,-0.452812,-0.884050),fov=39.613487,dt=0.016550},
	{cf=CFrame.new(-9.334900,1390.721436,-1178.552124,-0.992736,-0.078057,-0.091561,-0.027017,0.886181,-0.462552,0.117245,-0.456718,-0.881852),fov=39.584175,dt=0.019181},
	{cf=CFrame.new(-9.427246,1390.463501,-1179.041992,-0.992477,-0.081981,-0.090932,-0.030228,0.883806,-0.466877,0.118641,-0.460616,-0.879635),fov=39.554958,dt=0.014658},
	{cf=CFrame.new(-9.517548,1390.212402,-1179.527710,-0.992208,-0.085895,-0.090258,-0.033439,0.881398,-0.471191,0.120026,-0.464501,-0.877401),fov=39.525845,dt=0.016983},
	{cf=CFrame.new(-9.560577,1389.979370,-1179.915527,-0.991974,-0.089357,-0.089462,-0.036291,0.878954,-0.475523,0.121124,-0.468459,-0.875143),fov=39.496826,dt=0.015599},
	{cf=CFrame.new(-9.585602,1389.757202,-1180.265625,-0.991749,-0.092651,-0.088598,-0.039015,0.876481,-0.479853,0.122113,-0.472437,-0.872864),fov=39.467926,dt=0.016878},
	{cf=CFrame.new(-9.608978,1389.535156,-1180.614380,-0.991517,-0.095935,-0.087694,-0.041740,0.873978,-0.484170,0.123091,-0.476402,-0.870568),fov=39.439144,dt=0.017835},
	{cf=CFrame.new(-9.642242,1389.335815,-1180.942261,-0.991287,-0.099105,-0.086769,-0.044366,0.871446,-0.488481,0.124026,-0.480375,-0.868249),fov=39.410488,dt=0.015754},
	{cf=CFrame.new(-9.678497,1389.145874,-1181.261353,-0.991053,-0.102227,-0.085812,-0.046957,0.868885,-0.492782,0.124937,-0.484343,-0.865911),fov=39.381966,dt=0.015891},
	{cf=CFrame.new(-9.713135,1388.957764,-1181.577759,-0.990813,-0.105338,-0.084817,-0.049549,0.866296,-0.497068,0.125837,-0.488298,-0.863557),fov=39.353580,dt=0.017598},
	{cf=CFrame.new(-9.750214,1388.774414,-1181.850220,-0.990613,-0.108041,-0.083741,-0.051826,0.863725,-0.501292,0.126489,-0.492247,-0.861216),fov=39.325336,dt=0.015923},
	{cf=CFrame.new(-9.787262,1388.595337,-1182.104736,-0.990426,-0.110591,-0.082615,-0.053991,0.861144,-0.505485,0.127045,-0.496185,-0.858871),fov=39.297249,dt=0.017101},
	{cf=CFrame.new(-9.823730,1388.416260,-1182.358398,-0.990236,-0.113129,-0.081456,-0.056158,0.858540,-0.509663,0.127591,-0.500112,-0.856510),fov=39.269318,dt=0.018321},
	{cf=CFrame.new(-9.854645,1388.284302,-1182.549438,-0.990066,-0.115423,-0.080296,-0.058137,0.856022,-0.513660,0.128024,-0.503889,-0.854228),fov=39.241550,dt=0.016101},
	{cf=CFrame.new(-9.883301,1388.169678,-1182.717773,-0.989901,-0.117623,-0.079120,-0.060050,0.853523,-0.517583,0.128411,-0.507605,-0.851967),fov=39.213951,dt=0.015999},
	{cf=CFrame.new(-9.912048,1388.054077,-1182.885986,-0.989734,-0.119812,-0.077915,-0.061965,0.851003,-0.521493,0.128787,-0.511311,-0.849691),fov=39.186523,dt=0.016738},
	{cf=CFrame.new(-9.904266,1387.955688,-1183.022827,-0.989580,-0.121837,-0.076723,-0.063752,0.848560,-0.525244,0.129099,-0.514880,-0.847486),fov=39.159286,dt=0.016953},
	{cf=CFrame.new(-9.884064,1387.861206,-1183.149658,-0.989430,-0.123797,-0.075522,-0.065495,0.846134,-0.528930,0.129382,-0.518393,-0.845298),fov=39.132233,dt=0.016207},
	{cf=CFrame.new(-9.863800,1387.766235,-1183.276367,-0.989276,-0.125746,-0.074297,-0.067241,0.843690,-0.532603,0.129656,-0.521896,-0.843098),fov=39.105373,dt=0.017330},
	{cf=CFrame.new(-9.861603,1387.682129,-1183.390625,-0.989124,-0.127590,-0.073178,-0.068903,0.841497,-0.535850,0.129948,-0.524979,-0.841136),fov=39.078716,dt=0.015302},
	{cf=CFrame.new(-9.864960,1387.604736,-1183.498291,-0.988970,-0.129392,-0.072089,-0.070536,0.839387,-0.538938,0.130245,-0.527909,-0.839255),fov=39.052261,dt=0.017551},
	{cf=CFrame.new(-9.869232,1387.524170,-1183.608276,-0.988813,-0.131186,-0.070981,-0.072172,0.837263,-0.542017,0.130535,-0.530831,-0.837365),fov=39.026024,dt=0.016164},
	{cf=CFrame.new(-9.881348,1387.424927,-1183.703979,-0.988649,-0.132967,-0.069944,-0.073790,0.835269,-0.544868,0.130872,-0.533522,-0.835600),fov=39.000000,dt=0.016769},
	{cf=CFrame.new(-9.896698,1387.317871,-1183.795166,-0.988481,-0.134738,-0.068923,-0.075403,0.833315,-0.547632,0.131222,-0.536127,-0.833876),fov=38.974201,dt=0.016566},
	{cf=CFrame.new(-9.912292,1387.209473,-1183.887329,-0.988311,-0.136503,-0.067888,-0.077018,0.831350,-0.550388,0.131568,-0.538725,-0.832145),fov=38.948635,dt=0.016587},
	{cf=CFrame.new(-10.064301,1387.220215,-1183.956787,-0.988134,-0.138253,-0.066920,-0.078618,0.829531,-0.552900,0.131952,-0.541078,-0.830556),fov=38.923298,dt=0.021524},
	{cf=CFrame.new(-10.024292,1387.048096,-1184.023193,-0.987952,-0.139995,-0.065977,-0.080210,0.827759,-0.555321,0.132355,-0.543338,-0.829015),fov=38.898201,dt=0.016846},
	{cf=CFrame.new(-9.867706,1386.726929,-1184.112183,-0.987721,-0.142165,-0.064783,-0.082200,0.825531,-0.558338,0.132857,-0.546157,-0.827080),fov=38.873360,dt=0.012096},
	{cf=CFrame.new(-9.735382,1386.848633,-1184.140503,-0.987576,-0.143454,-0.064146,-0.083379,0.824360,-0.559892,0.133198,-0.547587,-0.826079),fov=38.848766,dt=0.015710},
	{cf=CFrame.new(-9.559265,1387.015137,-1184.180542,-0.987381,-0.145168,-0.063290,-0.084950,0.822796,-0.561952,0.133652,-0.549484,-0.824745),fov=38.824432,dt=0.017018},
	{cf=CFrame.new(-9.640411,1387.180664,-1184.221069,-0.987183,-0.146879,-0.062428,-0.086519,0.821225,-0.564007,0.134108,-0.551376,-0.823407),fov=38.800358,dt=0.016577},
	{cf=CFrame.new(-9.714996,1387.026978,-1184.298096,-0.986979,-0.148582,-0.061605,-0.088080,0.819731,-0.565936,0.134587,-0.553141,-0.822144),fov=38.776550,dt=0.017222},
	{cf=CFrame.new(-9.754425,1386.757935,-1184.388428,-0.986773,-0.150280,-0.060787,-0.089637,0.818259,-0.567817,0.135071,-0.554858,-0.820907),fov=38.753021,dt=0.017067},
	{cf=CFrame.new(-9.826935,1386.590088,-1184.458252,-0.986563,-0.151974,-0.059976,-0.091192,0.816800,-0.569668,0.135564,-0.556544,-0.819684),fov=38.729767,dt=0.016628},
	{cf=CFrame.new(-9.911530,1386.457520,-1184.521484,-0.986350,-0.153666,-0.059162,-0.092744,0.815342,-0.571504,0.136058,-0.558216,-0.818464),fov=38.706802,dt=0.015555},
	{cf=CFrame.new(-9.886505,1386.349854,-1184.562500,-0.986134,-0.155353,-0.058353,-0.094294,0.813895,-0.573310,0.136558,-0.559858,-0.817258),fov=38.684124,dt=0.021632},
	{cf=CFrame.new(-9.849548,1386.293457,-1184.594482,-0.985914,-0.157038,-0.057550,-0.095841,0.812459,-0.575087,0.137068,-0.561470,-0.816066),fov=38.661743,dt=0.015897},
	{cf=CFrame.new(-9.822235,1386.253662,-1184.625000,-0.985692,-0.158720,-0.056744,-0.097386,0.811021,-0.576854,0.137579,-0.563074,-0.814874),fov=38.639656,dt=0.017494},
	{cf=CFrame.new(-9.821899,1386.258911,-1184.653076,-0.985466,-0.160400,-0.055937,-0.098930,0.809589,-0.578601,0.138093,-0.564658,-0.813690),fov=38.617874,dt=0.015240},
	{cf=CFrame.new(-9.860870,1386.252563,-1184.692139,-0.985237,-0.162077,-0.055132,-0.100472,0.808156,-0.580335,0.138615,-0.566229,-0.812509),fov=38.596409,dt=0.014283},
	{cf=CFrame.new(-9.910461,1386.238159,-1184.734131,-0.985005,-0.163751,-0.054323,-0.102012,0.806719,-0.582064,0.139137,-0.567795,-0.811326),fov=38.575249,dt=0.021810},
	{cf=CFrame.new(-9.989929,1386.195190,-1184.788696,-0.984770,-0.165424,-0.053512,-0.103549,0.805279,-0.583784,0.139664,-0.569352,-0.810143),fov=38.554409,dt=0.019919},
	{cf=CFrame.new(-10.102997,1386.126221,-1184.864990,-0.984472,-0.167510,-0.052493,-0.105470,0.803471,-0.585927,0.140325,-0.571293,-0.808662),fov=38.533897,dt=0.014138},
	{cf=CFrame.new(-10.031586,1386.185181,-1184.916016,-0.984229,-0.169180,-0.051679,-0.107004,0.802017,-0.587638,0.140864,-0.572841,-0.807472),fov=38.513710,dt=0.011846},
	{cf=CFrame.new(-9.957886,1386.246216,-1184.966431,-0.983985,-0.170845,-0.050856,-0.108538,0.800558,-0.589344,0.141400,-0.574386,-0.806280),fov=38.493858,dt=0.014784},
	{cf=CFrame.new(-9.902588,1386.292847,-1185.003540,-0.983799,-0.172092,-0.050234,-0.109688,0.799459,-0.590621,0.141801,-0.575543,-0.805384),fov=38.474342,dt=0.016414},
	{cf=CFrame.new(-9.877930,1386.188232,-1185.055054,-0.983550,-0.173748,-0.049412,-0.111212,0.797995,-0.592314,0.142344,-0.577075,-0.804191),fov=38.455166,dt=0.018804},
	{cf=CFrame.new(-9.870911,1386.023560,-1185.107788,-0.983298,-0.175400,-0.048586,-0.112733,0.796527,-0.594001,0.142888,-0.578602,-0.802996),fov=38.436337,dt=0.017246},
	{cf=CFrame.new(-9.863953,1385.858154,-1185.160889,-0.983043,-0.177047,-0.047752,-0.114254,0.795052,-0.595683,0.143429,-0.580126,-0.801799),fov=38.417858,dt=0.014525},
	{cf=CFrame.new(-9.855927,1385.755981,-1185.223755,-0.982785,-0.178695,-0.046921,-0.115772,0.793572,-0.597362,0.143981,-0.581646,-0.800598),fov=38.399734,dt=0.016617},
	{cf=CFrame.new(-9.847534,1385.676025,-1185.290283,-0.982524,-0.180340,-0.046085,-0.117288,0.792085,-0.599037,0.144533,-0.583163,-0.799394),fov=38.381966,dt=0.016287},
	{cf=CFrame.new(-9.839081,1385.596191,-1185.356812,-0.982261,-0.181982,-0.045241,-0.118805,0.790593,-0.600707,0.145085,-0.584676,-0.798188),fov=38.364563,dt=0.017198},
	{cf=CFrame.new(-9.845459,1385.525391,-1185.397827,-0.982003,-0.183564,-0.044432,-0.120263,0.789152,-0.602309,0.145625,-0.586126,-0.797026),fov=38.347523,dt=0.016216},
	{cf=CFrame.new(-9.857147,1385.457764,-1185.429565,-0.981746,-0.185122,-0.043631,-0.121700,0.787728,-0.603883,0.146161,-0.587550,-0.795878),fov=38.330853,dt=0.017110},
	{cf=CFrame.new(-9.868896,1385.390015,-1185.461426,-0.981488,-0.186678,-0.042823,-0.123137,0.786297,-0.605453,0.146696,-0.588972,-0.794728),fov=38.314560,dt=0.016183},
	{cf=CFrame.new(-9.858856,1385.353516,-1185.500488,-0.981242,-0.188133,-0.042073,-0.124477,0.784962,-0.606910,0.147206,-0.590288,-0.793656),fov=38.298641,dt=0.016825},
	{cf=CFrame.new(-9.840912,1385.328003,-1185.542114,-0.981000,-0.189551,-0.041343,-0.125783,0.783659,-0.608324,0.147707,-0.591566,-0.792611),fov=38.283104,dt=0.016012},
	{cf=CFrame.new(-9.823181,1385.302734,-1185.583618,-0.980756,-0.190966,-0.040605,-0.127089,0.782350,-0.609735,0.148206,-0.592841,-0.791565),fov=38.267948,dt=0.017074},
	{cf=CFrame.new(-9.838684,1385.257812,-1185.617676,-0.980531,-0.192259,-0.039942,-0.128278,0.781163,-0.611007,0.148672,-0.593988,-0.790617),fov=38.253185,dt=0.016583},
	{cf=CFrame.new(-9.866394,1385.206055,-1185.648804,-0.980312,-0.193506,-0.039301,-0.129424,0.780016,-0.612229,0.149126,-0.595088,-0.789703),fov=38.238804,dt=0.016932},
	{cf=CFrame.new(-9.894043,1385.154053,-1185.679932,-0.980091,-0.194751,-0.038656,-0.130571,0.778866,-0.613448,0.149578,-0.596187,-0.788789),fov=38.224831,dt=0.016208},
	{cf=CFrame.new(-9.893738,1385.117188,-1185.708374,-0.979894,-0.195850,-0.038099,-0.131578,0.777864,-0.614504,0.149987,-0.597136,-0.787993),fov=38.211246,dt=0.017628},
	{cf=CFrame.new(-9.883392,1385.085571,-1185.735718,-0.979704,-0.196897,-0.037571,-0.132536,0.776912,-0.615501,0.150379,-0.598029,-0.787240),fov=38.198059,dt=0.016545},
	{cf=CFrame.new(-9.873016,1385.054077,-1185.763062,-0.979514,-0.197941,-0.037039,-0.133494,0.775958,-0.616496,0.150771,-0.598922,-0.786486),fov=38.185287,dt=0.017599},
	{cf=CFrame.new(-9.868500,1385.016357,-1185.786865,-0.979356,-0.198797,-0.036620,-0.134275,0.775199,-0.617282,0.151102,-0.599622,-0.785889),fov=38.172909,dt=0.015717},
	{cf=CFrame.new(-9.866028,1384.976562,-1185.809448,-0.979210,-0.199585,-0.036240,-0.134991,0.774508,-0.617993,0.151410,-0.600253,-0.785348),fov=38.160946,dt=0.014895},
	{cf=CFrame.new(-9.863678,1384.936890,-1185.831787,-0.979063,-0.200372,-0.035858,-0.135707,0.773816,-0.618702,0.151718,-0.600883,-0.784807),fov=38.149391,dt=0.017511},
	{cf=CFrame.new(-9.854187,1384.929810,-1185.851562,-0.978927,-0.201096,-0.035515,-0.136363,0.773190,-0.619341,0.152007,-0.601447,-0.784319),fov=38.138252,dt=0.017246},
	{cf=CFrame.new(-9.842163,1384.934448,-1185.870239,-0.978795,-0.201797,-0.035186,-0.136997,0.772586,-0.619954,0.152289,-0.601987,-0.783849),fov=38.127529,dt=0.016560},
	{cf=CFrame.new(-9.830048,1384.938965,-1185.888916,-0.978662,-0.202497,-0.034855,-0.137631,0.771982,-0.620566,0.152570,-0.602527,-0.783379),fov=38.117226,dt=0.016266},
	{cf=CFrame.new(-9.833954,1384.929321,-1185.908203,-0.978536,-0.203157,-0.034550,-0.138226,0.771419,-0.621133,0.152840,-0.603026,-0.782943),fov=38.107346,dt=0.017117},
	{cf=CFrame.new(-9.843719,1384.914795,-1185.927490,-0.978413,-0.203803,-0.034253,-0.138807,0.770871,-0.621684,0.153106,-0.603509,-0.782519),fov=38.097885,dt=0.016665},
	{cf=CFrame.new(-9.853302,1384.899902,-1185.946777,-0.978288,-0.204447,-0.033955,-0.139389,0.770322,-0.622234,0.153370,-0.603991,-0.782095),fov=38.088856,dt=0.017851},
	{cf=CFrame.new(-9.854340,1384.872437,-1185.955566,-0.978167,-0.205075,-0.033668,-0.139953,0.769791,-0.622765,0.153631,-0.604456,-0.781685),fov=38.080250,dt=0.017397},
	{cf=CFrame.new(-9.852264,1384.840332,-1185.960571,-0.978046,-0.205696,-0.033384,-0.140511,0.769265,-0.623288,0.153889,-0.604914,-0.781279),fov=38.072075,dt=0.016545},
	{cf=CFrame.new(-9.850006,1384.808228,-1185.965820,-0.977925,-0.206316,-0.033100,-0.141069,0.768739,-0.623811,0.154147,-0.605371,-0.780874),fov=38.064335,dt=0.015331},
	{cf=CFrame.new(-9.861267,1384.774902,-1185.982544,-0.977805,-0.206933,-0.032816,-0.141625,0.768215,-0.624330,0.154405,-0.605826,-0.780471),fov=38.057018,dt=0.016037},
	{cf=CFrame.new(-9.877472,1384.741089,-1186.003418,-0.977683,-0.207549,-0.032532,-0.142179,0.767692,-0.624848,0.154661,-0.606278,-0.780068),fov=38.050144,dt=0.016789},
	{cf=CFrame.new(-9.893494,1384.707031,-1186.024292,-0.977562,-0.208164,-0.032247,-0.142733,0.767167,-0.625365,0.154917,-0.606731,-0.779666),fov=38.043705,dt=0.017758},
	{cf=CFrame.new(-9.880646,1384.696655,-1186.024292,-0.977440,-0.208779,-0.031963,-0.143287,0.766642,-0.625882,0.155175,-0.607182,-0.779263),fov=38.037704,dt=0.016364},
	{cf=CFrame.new(-9.857635,1384.694580,-1186.017090,-0.977318,-0.209394,-0.031679,-0.143840,0.766117,-0.626398,0.155434,-0.607634,-0.778859),fov=38.032146,dt=0.015147},
	{cf=CFrame.new(-9.834320,1384.692383,-1186.009766,-0.977195,-0.210009,-0.031394,-0.144392,0.765591,-0.626914,0.155693,-0.608085,-0.778455),fov=38.027020,dt=0.018374},
	{cf=CFrame.new(-9.829468,1384.683228,-1186.013306,-0.977072,-0.210624,-0.031110,-0.144945,0.765064,-0.627430,0.155953,-0.608535,-0.778051),fov=38.022339,dt=0.017229},
	{cf=CFrame.new(-9.831177,1384.671631,-1186.020752,-0.976948,-0.211239,-0.030825,-0.145497,0.764536,-0.627945,0.156213,-0.608985,-0.777647),fov=38.018101,dt=0.015048},
	{cf=CFrame.new(-9.832642,1384.659790,-1186.028320,-0.976824,-0.211853,-0.030540,-0.146049,0.764008,-0.628460,0.156473,-0.609434,-0.777243),fov=38.014305,dt=0.016313},
	{cf=CFrame.new(-9.829559,1384.643311,-1186.064697,-0.976700,-0.212467,-0.030253,-0.146602,0.763479,-0.628974,0.156733,-0.609883,-0.776838),fov=38.010956,dt=0.018319},
	{cf=CFrame.new(-9.824738,1384.625122,-1186.111572,-0.976575,-0.213080,-0.029964,-0.147154,0.762949,-0.629487,0.156992,-0.610332,-0.776433),fov=38.008053,dt=0.015885},
	{cf=CFrame.new(-9.819885,1384.606934,-1186.158325,-0.976450,-0.213693,-0.029675,-0.147706,0.762419,-0.630000,0.157251,-0.610781,-0.776028),fov=38.005592,dt=0.016195},
	{cf=CFrame.new(-9.813660,1384.593140,-1186.163452,-0.976325,-0.214305,-0.029387,-0.148258,0.761888,-0.630513,0.157512,-0.611229,-0.775622),fov=38.003578,dt=0.018227},
	{cf=CFrame.new(-9.807220,1384.581299,-1186.153809,-0.976199,-0.214918,-0.029099,-0.148808,0.761356,-0.631025,0.157773,-0.611676,-0.775216),fov=38.002014,dt=0.015716},
	{cf=CFrame.new(-9.800415,1384.569092,-1186.144043,-0.976072,-0.215530,-0.028811,-0.149359,0.760824,-0.631537,0.158035,-0.612123,-0.774810),fov=38.000896,dt=0.016712},
	{cf=CFrame.new(-9.803619,1384.549683,-1186.145752,-0.975945,-0.216142,-0.028522,-0.149909,0.760290,-0.632049,0.158297,-0.612569,-0.774403),fov=38.000225,dt=0.016030},
	{cf=CFrame.new(-9.810181,1384.527344,-1186.151489,-0.975818,-0.216754,-0.028232,-0.150460,0.759756,-0.632560,0.158560,-0.613015,-0.773997),fov=38.000000,dt=0.016787},
	{cf=CFrame.new(-9.786163,1384.503540,-1186.044434,-0.975690,-0.217366,-0.027942,-0.151011,0.759222,-0.633070,0.158822,-0.613461,-0.773590),fov=30.000000,dt=0.017488},
	{cf=CFrame.new(-9.668274,1384.474487,-1185.618774,-0.975562,-0.217976,-0.027652,-0.151560,0.758687,-0.633581,0.159085,-0.613906,-0.773182),fov=30.024490,dt=0.016246},
	{cf=CFrame.new(-9.557098,1384.448486,-1185.198608,-0.975434,-0.218586,-0.027360,-0.152109,0.758151,-0.634091,0.159347,-0.614352,-0.772775),fov=30.097963,dt=0.016982},
	{cf=CFrame.new(-9.462585,1384.426392,-1184.813721,-0.975305,-0.219195,-0.027067,-0.152658,0.757614,-0.634600,0.159608,-0.614797,-0.772367),fov=30.220411,dt=0.016400},
	{cf=CFrame.new(-5.065887,1392.500977,-1173.741943,0.645049,-0.027906,0.763632,-0.490497,0.751162,0.441778,-0.585939,-0.659527,0.470849),fov=30.391838,dt=0.016634},
	{cf=CFrame.new(-3.903107,1396.577148,-1167.941772,0.998871,-0.017358,0.044215,-0.020350,0.684701,0.728540,-0.042920,-0.728617,0.683575),fov=30.612249,dt=0.015414},
	{cf=CFrame.new(-3.841400,1396.555298,-1167.623413,0.998871,-0.017358,0.044215,-0.020350,0.684701,0.728540,-0.042920,-0.728617,0.683575),fov=30.881632,dt=0.015896},
	{cf=CFrame.new(-3.799316,1396.531738,-1167.326416,0.998871,-0.017358,0.044215,-0.020350,0.684701,0.728540,-0.042920,-0.728617,0.683575),fov=31.199999,dt=0.016248},
	{cf=CFrame.new(-3.767944,1396.509644,-1167.033081,0.998871,-0.017358,0.044215,-0.020350,0.684701,0.728540,-0.042920,-0.728617,0.683575),fov=31.567348,dt=0.017011},
	{cf=CFrame.new(-3.729034,1396.481445,-1166.763794,0.998871,-0.017358,0.044215,-0.020350,0.684701,0.728540,-0.042920,-0.728618,0.683575),fov=31.983675,dt=0.016096},
	{cf=CFrame.new(-3.688843,1396.453735,-1166.481934,0.998871,-0.017358,0.044215,-0.020350,0.684701,0.728540,-0.042920,-0.728618,0.683575),fov=32.448978,dt=0.017241},
	{cf=CFrame.new(-3.663544,1396.411011,-1166.222046,0.998871,-0.017358,0.044215,-0.020350,0.684701,0.728540,-0.042920,-0.728617,0.683575),fov=32.963264,dt=0.017258},
	{cf=CFrame.new(-3.648651,1396.362427,-1165.995117,0.998871,-0.017358,0.044215,-0.020350,0.684701,0.728540,-0.042920,-0.728617,0.683575),fov=33.526535,dt=0.016171},
	{cf=CFrame.new(-3.656250,1396.302612,-1165.771729,0.998871,-0.017358,0.044215,-0.020350,0.684701,0.728540,-0.042920,-0.728617,0.683575),fov=34.138779,dt=0.017256},
	{cf=CFrame.new(-3.675690,1396.239380,-1165.560425,0.998871,-0.017358,0.044215,-0.020350,0.684701,0.728540,-0.042920,-0.728617,0.683575),fov=34.799995,dt=0.017369},
	{cf=CFrame.new(-3.683228,1396.162231,-1165.401855,0.998871,-0.017358,0.044215,-0.020350,0.684701,0.728540,-0.042920,-0.728617,0.683575),fov=35.510204,dt=0.016810},
	{cf=CFrame.new(-3.688934,1396.079956,-1165.274170,0.998871,-0.017358,0.044215,-0.020350,0.684701,0.728540,-0.042920,-0.728617,0.683575),fov=36.269386,dt=0.016049},
	{cf=CFrame.new(-3.691742,1395.998169,-1165.127563,0.998871,-0.017358,0.044215,-0.020350,0.684701,0.728540,-0.042920,-0.728617,0.683575),fov=37.077553,dt=0.016962},
	{cf=CFrame.new(-3.696075,1395.917847,-1164.974243,0.998871,-0.017358,0.044215,-0.020350,0.684701,0.728540,-0.042920,-0.728617,0.683575),fov=37.934692,dt=0.017608},
	{cf=CFrame.new(-3.720734,1395.806519,-1164.878784,0.998871,-0.017358,0.044215,-0.020350,0.684701,0.728540,-0.042920,-0.728617,0.683575),fov=38.840816,dt=0.015637},
	{cf=CFrame.new(-3.754761,1395.685669,-1164.798706,0.998871,-0.017358,0.044215,-0.020350,0.684701,0.728540,-0.042920,-0.728617,0.683575),fov=39.795918,dt=0.015405},
	{cf=CFrame.new(-3.794342,1395.557129,-1164.713013,0.998871,-0.017358,0.044215,-0.020350,0.684701,0.728540,-0.042920,-0.728617,0.683575),fov=40.799999,dt=0.016794},
	{cf=CFrame.new(-3.836426,1395.424438,-1164.640137,0.998871,-0.017358,0.044215,-0.020350,0.684701,0.728540,-0.042920,-0.728617,0.683575),fov=41.853062,dt=0.016439},
	{cf=CFrame.new(-3.871124,1395.271851,-1164.580200,0.998871,-0.017358,0.044215,-0.020350,0.684701,0.728540,-0.042920,-0.728617,0.683575),fov=42.955101,dt=0.017887},
	{cf=CFrame.new(-3.901550,1395.108521,-1164.552490,0.998871,-0.017358,0.044215,-0.020350,0.684701,0.728540,-0.042920,-0.728617,0.683575),fov=44.106125,dt=0.016562},
	{cf=CFrame.new(-3.942566,1394.955200,-1164.522827,0.998871,-0.017358,0.044215,-0.020350,0.684701,0.728540,-0.042920,-0.728617,0.683575),fov=45.306122,dt=0.017029},
	{cf=CFrame.new(-3.987000,1394.803833,-1164.505127,0.998871,-0.017358,0.044215,-0.020350,0.684701,0.728540,-0.042920,-0.728617,0.683575),fov=46.555103,dt=0.016362},
	{cf=CFrame.new(-4.031097,1394.633911,-1164.476074,0.998871,-0.017358,0.044215,-0.020350,0.684701,0.728540,-0.042920,-0.728617,0.683575),fov=47.853058,dt=0.016606},
	{cf=CFrame.new(-4.076233,1394.457886,-1164.443481,0.998871,-0.017358,0.044215,-0.020350,0.684701,0.728540,-0.042920,-0.728617,0.683575),fov=49.200001,dt=0.016801},
	{cf=CFrame.new(-4.123657,1394.265747,-1164.468994,0.998871,-0.017358,0.044215,-0.020350,0.684701,0.728540,-0.042920,-0.728617,0.683575),fov=50.595917,dt=0.016107},
	{cf=CFrame.new(-4.173950,1394.069336,-1164.509766,0.998871,-0.017358,0.044215,-0.020350,0.684701,0.728540,-0.042920,-0.728617,0.683575),fov=52.040817,dt=0.016403},
	{cf=CFrame.new(-4.226349,1393.850708,-1164.532349,0.998871,-0.017358,0.044215,-0.020350,0.684701,0.728540,-0.042920,-0.728617,0.683575),fov=53.534695,dt=0.017125},
	{cf=CFrame.new(-4.278076,1393.622192,-1164.560669,0.998871,-0.017358,0.044215,-0.020350,0.684701,0.728540,-0.042920,-0.728617,0.683575),fov=55.077553,dt=0.016502},
	{cf=CFrame.new(-4.333435,1393.390747,-1164.629639,0.998871,-0.017358,0.044215,-0.020350,0.684701,0.728540,-0.042920,-0.728617,0.683575),fov=56.669388,dt=0.016573},
	{cf=CFrame.new(-4.390656,1393.158447,-1164.714355,0.998871,-0.017358,0.044215,-0.020350,0.684701,0.728540,-0.042920,-0.728617,0.683575),fov=58.310207,dt=0.016585},
	{cf=CFrame.new(-4.458710,1392.919067,-1164.775635,0.998871,-0.017358,0.044215,-0.020350,0.684701,0.728540,-0.042920,-0.728617,0.683575),fov=60.000000,dt=0.017787},
	{cf=CFrame.new(-4.487915,1392.674438,-1165.326538,0.998871,-0.017358,0.044215,-0.020350,0.684701,0.728540,-0.042920,-0.728617,0.683575),fov=40.000000,dt=0.017154},
	{cf=CFrame.new(-4.402283,1392.330200,-1167.314087,0.998871,-0.017358,0.044215,-0.020350,0.684701,0.728540,-0.042920,-0.728617,0.683575),fov=40.000000,dt=0.015891},
	{cf=CFrame.new(-4.261444,391.442566,-1170.466187,0.998871,-0.017358,0.044215,-0.020350,0.684701,0.728540,-0.042920,-0.728618,0.683575),fov=40.000000,dt=0.029107},
	{cf=CFrame.new(-4.207611,1390.650879,-1172.043091,0.998871,-0.017358,0.044215,-0.020350,0.684701,0.728540,-0.042920,-0.728617,0.683575),fov=40.000000,dt=0.013614},
	{cf=CFrame.new(28.140656,1387.484619,-1182.030884,0.125952,0.189870,0.973697,-0.112598,0.977907,-0.176126,-0.985626,-0.087453,0.144548),fov=40.000000,dt=0.010166},
	{cf=CFrame.new(28.176483,1386.139160,-1184.215210,0.128526,0.168253,0.977329,-0.108083,0.982009,-0.154845,-0.985799,-0.085731,0.144399),fov=40.000000,dt=0.012114},
	{cf=CFrame.new(28.229004,1384.647217,-1186.722656,0.130877,0.146540,0.980509,-0.103507,0.985630,-0.133489,-0.985980,-0.084019,0.144164),fov=40.000000,dt=0.018596},
	{cf=CFrame.new(28.912720,1379.127930,-1191.973145,0.132489,0.124084,0.983387,-0.097326,0.988967,-0.111676,-0.986395,-0.080913,0.143104),fov=40.000000,dt=0.016555},
	{cf=CFrame.new(29.825165,1372.272949,-1198.058838,0.133422,0.103952,0.985593,-0.091112,0.991559,-0.092247,-0.986862,-0.077491,0.141767),fov=40.000000,dt=0.016391},
	{cf=CFrame.new(31.484619,1361.841309,-1206.580078,0.132845,0.090401,0.987006,-0.084897,0.993210,-0.079543,-0.987494,-0.073227,0.139618),fov=40.000000,dt=0.016360},
	{cf=CFrame.new(33.417145,1350.091309,-1216.046143,0.131683,0.079237,0.988120,-0.078696,0.994490,-0.069260,-0.988163,-0.068640,0.137193),fov=40.000000,dt=0.018645},
	{cf=CFrame.new(35.175537,1338.470947,-1225.367310,0.130468,0.068066,0.989113,-0.072503,0.995624,-0.058951,-0.988798,-0.064023,0.134833),fov=40.000000,dt=0.016500},
	{cf=CFrame.new(36.870697,1326.899414,-1234.630981,0.129166,0.056895,0.989989,-0.066323,0.996613,-0.048622,-0.989403,-0.059379,0.132502),fov=40.000000,dt=0.016288},
	{cf=CFrame.new(38.556091,1317.175049,-1242.923340,0.128449,0.048868,0.990511,-0.060995,0.997284,-0.041292,-0.989839,-0.055113,0.131080),fov=40.000000,dt=0.016490},
	{cf=CFrame.new(40.234497,1308.146484,-1250.796509,0.127922,0.041976,0.990895,-0.055975,0.997817,-0.035043,-0.990203,-0.050982,0.129992),fov=40.000000,dt=0.015446},
	{cf=CFrame.new(41.605316,1300.904297,-1257.938843,0.128029,0.038227,0.991034,-0.051793,0.998151,-0.031810,-0.990417,-0.047256,0.129772),fov=40.000000,dt=0.018082},
	{cf=CFrame.new(42.858521,1294.359131,-1264.692017,0.128362,0.035610,0.991088,-0.047911,0.998411,-0.029668,-0.990569,-0.043676,0.129864),fov=40.000000,dt=0.015947},
	{cf=CFrame.new(44.304108,1287.848145,-1271.187866,0.128688,0.032993,0.991136,-0.044029,0.998651,-0.027526,-0.990707,-0.040096,0.129967),fov=40.000000,dt=0.015212},
	{cf=CFrame.new(45.820068,1281.345215,-1277.605347,0.129001,0.030374,0.991179,-0.040145,0.998871,-0.025385,-0.990831,-0.036516,0.130075),fov=40.000000,dt=0.016252},
	{cf=CFrame.new(47.096893,1274.856934,-1284.222412,0.129307,0.027754,0.991216,-0.036260,0.999072,-0.023243,-0.990941,-0.032936,0.130193),fov=40.000000,dt=0.017020},
	{cf=CFrame.new(48.286743,1268.381104,-1290.896606,0.129600,0.025132,0.991248,-0.032373,0.999253,-0.021102,-0.991038,-0.029355,0.130317),fov=40.000000,dt=0.017613},
	{cf=CFrame.new(49.617371,1261.991211,-1297.539307,0.129885,0.022509,0.991274,-0.028485,0.999414,-0.018962,-0.991120,-0.025774,0.130450),fov=40.000000,dt=0.017239},
	{cf=CFrame.new(50.996552,1255.651367,-1304.124023,0.130157,0.019885,0.991294,-0.024597,0.999556,-0.016821,-0.991188,-0.022193,0.130588),fov=40.000000,dt=0.015329},
	{cf=CFrame.new(52.368561,1249.229004,-1310.587280,0.130422,0.017260,0.991308,-0.020707,0.999678,-0.014682,-0.991242,-0.018613,0.130737),fov=40.000000,dt=0.017554},
	{cf=CFrame.new(53.734955,1242.799072,-1316.951416,0.130674,0.014634,0.991317,-0.016817,0.999780,-0.012542,-0.991283,-0.015032,0.130891),fov=40.000000,dt=0.015803},
	{cf=CFrame.new(55.243561,1236.886230,-1323.399170,0.130812,0.012966,0.991322,-0.014037,0.999838,-0.011225,-0.991308,-0.012447,0.130973),fov=40.000000,dt=0.017351},
	{cf=CFrame.new(56.818329,1231.449463,-1329.869507,0.130860,0.011824,0.991330,-0.012173,0.999873,-0.010319,-0.991326,-0.010717,0.130987),fov=40.000000,dt=0.016322},
	{cf=CFrame.new(58.398071,1226.121338,-1336.328735,0.130887,0.010748,0.991339,-0.010496,0.999900,-0.009454,-0.991342,-0.009168,0.130987),fov=40.000000,dt=0.015985},
	{cf=CFrame.new(60.012451,1221.044678,-1342.836304,0.130864,0.009852,0.991351,-0.009335,0.999919,-0.008705,-0.991356,-0.008116,0.130945),fov=40.000000,dt=0.017358},
	{cf=CFrame.new(61.637939,1216.069580,-1349.334229,0.130822,0.009021,0.991365,-0.008361,0.999933,-0.007996,-0.991371,-0.007243,0.130889),fov=40.000000,dt=0.016106},
	{cf=CFrame.new(63.270203,1211.106445,-1355.709229,0.130780,0.008191,0.991377,-0.007387,0.999946,-0.007287,-0.991384,-0.006370,0.130834),fov=40.000000,dt=0.017046},
	{cf=CFrame.new(64.903992,1206.154541,-1362.023071,0.130737,0.007361,0.991390,-0.006413,0.999958,-0.006579,-0.991396,-0.005498,0.130779),fov=40.000000,dt=0.016372},
	{cf=CFrame.new(65.946991,1203.017090,-1366.171021,0.130710,0.006835,0.991397,-0.005796,0.999964,-0.006130,-0.991404,-0.004945,0.130745),fov=40.000000,dt=0.017230},
	{cf=CFrame.new(66.776184,1200.536621,-1369.533325,0.130688,0.006420,0.991403,-0.005309,0.999969,-0.005776,-0.991409,-0.004509,0.130718),fov=40.000000,dt=0.018387},
	{cf=CFrame.new(67.620972,1197.981689,-1373.119141,0.130666,0.006005,0.991408,-0.004822,0.999974,-0.005421,-0.991415,-0.004072,0.130691),fov=40.000000,dt=0.062657},
	{cf=CFrame.new(68.449646,1195.514893,-1376.456787,0.130643,0.005590,0.991414,-0.004335,0.999978,-0.005067,-0.991420,-0.003636,0.130665),fov=40.000000,dt=0.023211},
	{cf=CFrame.new(1.128174,540.079102,-391.376221,1.000000,0.000369,-0.000360,0.000012,0.681759,0.731577,0.000516,-0.731577,0.681759),fov=45.866989,dt=0.066188},
	{cf=CFrame.new(1.609894,460.519714,-321.121735,1.000000,0.000000,-0.000000,0.000000,0.681761,0.731575,0.000000,-0.731575,0.681761),fov=48.626366,dt=0.035395},
	{cf=CFrame.new(-0.388458,422.219421,-291.891937,1.000000,0.000000,-0.000000,0.000000,0.681761,0.731575,0.000000,-0.731575,0.681761),fov=49.902946,dt=0.017546},
	{cf=CFrame.new(0.627838,395.715027,-267.768005,1.000000,0.000000,-0.000000,0.000000,0.681761,0.731575,0.000000,-0.731575,0.681761),fov=50.975449,dt=0.015399},
	{cf=CFrame.new(0.282288,366.424805,-237.541931,1.000000,0.000000,-0.000000,0.000000,0.681761,0.731575,0.000000,-0.731575,0.681761),fov=52.150085,dt=0.017632},
	{cf=CFrame.new(-0.200226,339.765808,-215.359100,1.000000,0.000000,-0.000000,0.000000,0.681761,0.731575,0.000000,-0.731575,0.681761),fov=53.244179,dt=0.017224},
	{cf=CFrame.new(-0.144379,322.282623,-200.244354,1.000000,0.000000,-0.000000,0.000000,0.681761,0.731575,0.000000,-0.731575,0.681761),fov=53.985634,dt=0.012158},
	{cf=CFrame.new(2.170288,306.384888,-188.744156,1.000000,0.000000,-0.000000,0.000000,0.681761,0.731575,0.000000,-0.731575,0.681761),fov=54.765175,dt=0.013247},
	{cf=CFrame.new(0.099792,285.581421,-168.455231,1.000000,0.000000,-0.000000,0.000000,0.681761,0.731575,0.000000,-0.731575,0.681761),fov=55.732483,dt=0.017164},
	{cf=CFrame.new(2.483337,261.142609,-149.585220,1.000000,0.000000,-0.000000,0.000000,0.681761,0.731575,0.000000,-0.731575,0.681761),fov=56.635765,dt=0.016835},
	{cf=CFrame.new(0.031921,244.576324,-132.990173,1.000000,0.000000,-0.000000,0.000000,0.681761,0.731575,0.000000,-0.731575,0.681761),fov=57.534634,dt=0.017622},
	{cf=CFrame.new(5.063049,230.309555,-126.651947,1.000000,0.000000,-0.000000,0.000000,0.681761,0.731575,0.000000,-0.731575,0.681761),fov=58.303970,dt=0.015857},
	{cf=CFrame.new(3.951477,216.647034,-111.945648,1.000000,0.000000,-0.000000,0.000000,0.681761,0.731575,0.000000,-0.731575,0.681761),fov=59.047047,dt=0.016077},
	{cf=CFrame.new(-2.684723,200.296051,-97.573120,1.000000,0.000000,-0.000000,0.000000,0.681761,0.731575,0.000000,-0.731575,0.681761),fov=59.769630,dt=0.016438},
	{cf=CFrame.new(-0.244232,189.150513,-86.295303,1.000000,0.000000,-0.000000,0.000000,0.681761,0.731575,0.000000,-0.731575,0.681761),fov=60.542984,dt=0.018588},
	{cf=CFrame.new(2.685181,172.656509,-74.664810,1.000000,0.000000,-0.000000,0.000000,0.681761,0.731575,0.000000,-0.731575,0.681761),fov=61.147816,dt=0.015349},
	{cf=CFrame.new(0.469086,164.876190,-66.356400,1.000000,0.000000,-0.000000,0.000000,0.681761,0.731575,0.000000,-0.731575,0.681761),fov=61.785416,dt=0.017057},
	{cf=CFrame.new(6.053619,156.089462,-60.700016,1.000000,0.000000,-0.000000,0.000000,0.681761,0.731575,0.000000,-0.731575,0.681761),fov=62.361252,dt=0.016281},
	{cf=CFrame.new(3.207916,145.584442,-46.730057,1.000000,0.000000,-0.000000,0.000000,0.681761,0.731575,0.000000,-0.731575,0.681761),fov=63.076385,dt=0.021554},
	{cf=CFrame.new(-0.854645,136.251801,-42.191578,1.000000,0.000000,-0.000000,0.000000,0.681761,0.731575,0.000000,-0.731575,0.681761),fov=63.658390,dt=0.018811},
	{cf=CFrame.new(1.372589,130.749084,-31.824150,1.000000,0.000000,-0.000000,0.000000,0.681761,0.731575,0.000000,-0.731575,0.681761),fov=64.100243,dt=0.015165},
	{cf=CFrame.new(1.391388,124.825638,-26.696499,1.000000,0.000000,-0.000000,0.000000,0.681761,0.731575,0.000000,-0.731575,0.681761),fov=64.495964,dt=0.014324},
	{cf=CFrame.new(2.738312,115.144051,-31.715408,1.000000,0.000000,-0.000000,0.000000,0.681761,0.731575,0.000000,-0.731575,0.681761),fov=64.884674,dt=0.014843},
	{cf=CFrame.new(3.862732,111.502937,-24.182545,1.000000,0.000000,-0.000000,0.000000,0.681761,0.731575,0.000000,-0.731575,0.681761),fov=65.282303,dt=0.016087},
	{cf=CFrame.new(0.493591,104.882256,-13.603333,1.000000,0.000000,-0.000000,0.000000,0.681761,0.731575,0.000000,-0.731575,0.681761),fov=65.696716,dt=0.017887},
	{cf=CFrame.new(2.877930,96.179359,-13.019051,1.000000,0.000000,-0.000000,0.000000,0.681761,0.731575,0.000000,-0.731575,0.681761),fov=66.069374,dt=0.017224},
	{cf=CFrame.new(0.959991,97.275864,-6.071518,1.000000,0.000000,-0.000000,0.000000,0.681761,0.731575,0.000000,-0.731575,0.681761),fov=66.390045,dt=0.015832},
	{cf=CFrame.new(-0.182129,95.936050,-2.982590,1.000000,0.000000,-0.000000,0.000000,0.681761,0.731575,0.000000,-0.731575,0.681761),fov=66.696754,dt=0.016162},
	{cf=CFrame.new(1.854187,88.625626,-0.055389,1.000000,0.000000,-0.000000,0.000000,0.681761,0.731575,0.000000,-0.731575,0.681761),fov=66.990349,dt=0.016563},
	{cf=CFrame.new(1.868774,82.579224,2.386185,1.000000,0.000000,-0.000000,0.000000,0.681761,0.731575,0.000000,-0.731575,0.681761),fov=67.273865,dt=0.017188},
	{cf=CFrame.new(1.879517,82.812363,6.048096,1.000000,0.000000,-0.000000,0.000000,0.681761,0.731575,0.000000,-0.731575,0.681761),fov=67.535110,dt=0.017068},
	{cf=CFrame.new(1.406525,75.306686,8.862793,1.000000,0.000000,-0.000000,0.000000,0.681761,0.731575,0.000000,-0.731575,0.681761),fov=67.763306,dt=0.016057},
	{cf=CFrame.new(-0.303345,71.661682,12.605858,1.000000,0.000000,-0.000000,0.000000,0.681761,0.731575,0.000000,-0.731575,0.681761),fov=67.990189,dt=0.017235},
	{cf=CFrame.new(2.104034,72.784164,12.926636,1.000000,0.000000,-0.000000,0.000000,0.681761,0.731575,0.000000,-0.731575,0.681761),fov=68.185532,dt=0.016050},
	{cf=CFrame.new(5.637970,72.314148,16.483124,1.000000,0.000000,-0.000000,0.000000,0.681761,0.731575,0.000000,-0.731575,0.681761),fov=68.382568,dt=0.017561},
	{cf=CFrame.new(3.701813,69.230667,19.530884,1.000000,0.000000,-0.000000,0.000000,0.681761,0.731575,0.000000,-0.731575,0.681761),fov=68.544731,dt=0.015701},
	{cf=CFrame.new(0.604889,65.528297,15.961273,1.000000,0.000000,-0.000000,0.000000,0.681761,0.731575,0.000000,-0.731575,0.681761),fov=68.701393,dt=0.016467},
	{cf=CFrame.new(0.287445,65.742638,16.554291,1.000000,0.000000,-0.000000,0.000000,0.681761,0.731575,0.000000,-0.731575,0.681761),fov=68.840836,dt=0.015965},
	{cf=CFrame.new(1.909546,62.972855,21.325981,1.000000,0.000000,-0.000000,0.000000,0.681761,0.731575,0.000000,-0.731575,0.681761),fov=68.979355,dt=0.017354},
	{cf=CFrame.new(2.669739,60.483345,24.991882,1.000000,0.000000,-0.000000,0.000000,0.681761,0.731575,0.000000,-0.731575,0.681761),fov=69.099022,dt=0.016479},
	{cf=CFrame.new(3.860168,59.831543,26.104065,1.000000,0.000000,-0.000000,0.000000,0.681761,0.731575,0.000000,-0.731575,0.681761),fov=69.206535,dt=0.016271},
	{cf=CFrame.new(2.064911,58.274712,25.512009,1.000000,0.000000,-0.000000,0.000000,0.681761,0.731575,0.000000,-0.731575,0.681761),fov=69.308609,dt=0.017060},
	{cf=CFrame.new(-0.731018,57.422768,25.659378,1.000000,0.000000,-0.000000,0.000000,0.681761,0.731575,0.000000,-0.731575,0.681761),fov=69.398224,dt=0.016612},
	{cf=CFrame.new(-0.791901,56.587284,25.722633,1.000000,0.000000,-0.000000,0.000000,0.681761,0.731575,0.000000,-0.731575,0.681761),fov=69.479553,dt=0.016770},
	{cf=CFrame.new(1.880219,54.994507,28.339417,1.000000,0.000000,-0.000000,0.000000,0.681761,0.731575,0.000000,-0.731575,0.681761),fov=69.549278,dt=0.016021},
	{cf=CFrame.new(2.825867,52.310951,31.123283,1.000000,0.000000,-0.000000,0.000000,0.681761,0.731575,0.000000,-0.731575,0.681761),fov=69.619736,dt=0.018209},
	{cf=CFrame.new(1.339874,49.084152,30.183983,1.000000,0.000000,-0.000000,0.000000,0.681761,0.731575,0.000000,-0.731575,0.681761),fov=69.676231,dt=0.016527},
	{cf=CFrame.new(1.577026,51.394157,30.437111,1.000000,0.000000,-0.000000,0.000000,0.681761,0.731575,0.000000,-0.731575,0.681761),fov=69.723526,dt=0.015597},
	{cf=CFrame.new(2.860748,54.105682,32.004555,1.000000,0.000000,-0.000000,0.000000,0.681761,0.731575,0.000000,-0.731575,0.681761),fov=69.770370,dt=0.017567},
	{cf=CFrame.new(1.808105,52.063786,31.148949,1.000000,0.000000,-0.000000,0.000000,0.681761,0.731575,0.000000,-0.731575,0.681761),fov=69.807320,dt=0.015864},
	{cf=CFrame.new(1.191650,49.714554,31.672646,1.000000,0.000000,-0.000000,0.000000,0.681761,0.731575,0.000000,-0.731575,0.681761),fov=69.840225,dt=0.016187},
	{cf=CFrame.new(2.570618,50.113663,33.345428,1.000000,0.000000,-0.000000,0.000000,0.681761,0.731575,0.000000,-0.731575,0.681761),fov=69.869164,dt=0.016452},
	{cf=CFrame.new(3.489532,49.528557,33.752983,1.000000,0.000000,-0.000000,0.000000,0.681761,0.731575,0.000000,-0.731575,0.681761),fov=69.894196,dt=0.016607},
	{cf=CFrame.new(2.796967,47.149273,32.466331,1.000000,0.000000,-0.000000,0.000000,0.681761,0.731575,0.000000,-0.731575,0.681761),fov=69.916687,dt=0.017670},
	{cf=CFrame.new(2.007904,47.574863,33.632950,1.000000,0.000000,-0.000000,0.000000,0.681761,0.731575,0.000000,-0.731575,0.681761),fov=69.933678,dt=0.015902},
	{cf=CFrame.new(1.984833,49.213718,35.673706,1.000000,0.000000,-0.000000,0.000000,0.681761,0.731575,0.000000,-0.731575,0.681761),fov=69.948631,dt=0.016761},
	{cf=CFrame.new(1.986176,49.208973,35.219879,1.000000,0.000000,-0.000000,0.000000,0.681761,0.731575,0.000000,-0.731575,0.681761),fov=69.961899,dt=0.018309},
	{cf=CFrame.new(1.987396,47.124760,33.639511,1.000000,0.000000,-0.000000,0.000000,0.681761,0.731575,0.000000,-0.731575,0.681761),fov=69.972427,dt=0.018338},
	{cf=CFrame.new(1.988373,46.651943,34.918320,1.000000,0.000000,-0.000000,0.000000,0.681761,0.731575,0.000000,-0.731575,0.681761),fov=69.979736,dt=0.016134},
	{cf=CFrame.new(2.079315,46.496326,36.861557,1.000000,0.000000,-0.000000,0.000000,0.681761,0.731575,0.000000,-0.731575,0.681761),fov=69.985405,dt=0.015869},
	{cf=CFrame.new(2.738983,45.984425,38.552139,1.000000,0.000000,-0.000000,0.000000,0.681761,0.731575,0.000000,-0.731575,0.681761),fov=69.989883,dt=0.016232},
}

local accumulated = 0
local index = 1
local smoothRootCF = root.CFrame

RunService:BindToRenderStep('FollowCinematic', Enum.RenderPriority.Camera.Value + 1, function(dt)

	accumulated += dt

	smoothRootCF = root.CFrame

	while frames[index] and accumulated >= frames[index].dt do

		accumulated -= frames[index].dt

		local f = frames[index]

		camera.CFrame = smoothRootCF * f.cf
		camera.FieldOfView = f.fov

		index += 1

	end

	if not frames[index] then
		RunService:UnbindFromRenderStep('FollowCinematic')
		camera.CameraType = Enum.CameraType.Custom
	end

end)
